SMILES,TYPE,IC50
COC(=O)c1cc(NC(=O)c2cc(NC(=O)c3cc(NC(=O)OC(C)(C)C)cn3C)cn2C)cn1C,1b(BOC) + 1b + 1a,
COC(=O)c1ccc(NC(=O)c2cc(NC(=O)c3cc(NC(=O)OC(C)(C)C)cn3C)cn2C)cc1,1b(BOC) + 1b + 5a,
COC(=O)c1cccc(NC(=O)c2cc(NC(=O)c3cc(NC(=O)OC(C)(C)C)cn3C)cn2C)c1,1b(BOC) + 1b + 6a,
CCOC(=O)c1csc(NC(=O)c2cc(NC(=O)c3cc(NC(=O)OC(C)(C)C)cn3C)cn2C)n1,1b(BOC) + 1b + 7a,
COC(=O)c1cc(NC(=O)c2cc(NC(=O)c3cc(NC(=O)OC(C)(C)C)cn3C)cn2C)cs1,1b(BOC) + 1b + 8a,
CCOC(=O)c1nc(NC(=O)c2cc(NC(=O)c3cc(NC(=O)OC(C)(C)C)cn3C)cn2C)cn1C,1b(BOC) + 1b + 9a,
COC(=O)c1cc2c3c(ccc2[nH]1)N(C(=O)c1cc(NC(=O)c2cc(NC(=O)OC(C)(C)C)cn2C)cn1C)CC3,1b(BOC) + 1b + 10a,
COC(=O)c1cc2cc(NC(=O)c3cc(NC(=O)c4cc(NC(=O)OC(C)(C)C)cn4C)cn3C)ccc2s1,1b(BOC) + 1b + 11a,
COC(=O)c1cc2cc(NC(=O)c3cc(NC(=O)c4cc(NC(=O)OC(C)(C)C)cn4C)cn3C)ccc2o1,1b(BOC) + 1b + 12a,
CCOC(=O)c1cc2cc(NC(=O)c3cc(NC(=O)c4cc(NC(=O)OC(C)(C)C)cn4C)cn3C)ccc2[nH]1,1b(BOC) + 1b + 13a,
COC(=O)c1nc2ccc(NC(=O)c3cc(NC(=O)c4cc(NC(=O)OC(C)(C)C)cn4C)cn3C)cc2o1,1b(BOC) + 1b + 14a,
COC(=O)c1nc2cc(NC(=O)c3cc(NC(=O)c4cc(NC(=O)OC(C)(C)C)cn4C)cn3C)ccc2[nH]1,1b(BOC) + 1b + 15a,
COC(=O)c1cc(NC(=O)c2ccc(NC(=O)c3cc(NC(=O)OC(C)(C)C)cn3C)cc2)cn1C,1b(BOC) + 5b + 1a,
COC(=O)c1ccc(NC(=O)c2ccc(NC(=O)c3cc(NC(=O)OC(C)(C)C)cn3C)cc2)cc1,1b(BOC) + 5b + 5a,
COC(=O)c1cccc(NC(=O)c2ccc(NC(=O)c3cc(NC(=O)OC(C)(C)C)cn3C)cc2)c1,1b(BOC) + 5b + 6a,
CCOC(=O)c1csc(NC(=O)c2ccc(NC(=O)c3cc(NC(=O)OC(C)(C)C)cn3C)cc2)n1,1b(BOC) + 5b + 7a,
COC(=O)c1cc(NC(=O)c2ccc(NC(=O)c3cc(NC(=O)OC(C)(C)C)cn3C)cc2)cs1,1b(BOC) + 5b + 8a,
CCOC(=O)c1nc(NC(=O)c2ccc(NC(=O)c3cc(NC(=O)OC(C)(C)C)cn3C)cc2)cn1C,1b(BOC) + 5b + 9a,
COC(=O)c1cc2c3c(ccc2[nH]1)N(C(=O)c1ccc(NC(=O)c2cc(NC(=O)OC(C)(C)C)cn2C)cc1)CC3,1b(BOC) + 5b + 10a,
COC(=O)c1cc2cc(NC(=O)c3ccc(NC(=O)c4cc(NC(=O)OC(C)(C)C)cn4C)cc3)ccc2s1,1b(BOC) + 5b + 11a,
COC(=O)c1cc2cc(NC(=O)c3ccc(NC(=O)c4cc(NC(=O)OC(C)(C)C)cn4C)cc3)ccc2o1,1b(BOC) + 5b + 12a,
CCOC(=O)c1cc2cc(NC(=O)c3ccc(NC(=O)c4cc(NC(=O)OC(C)(C)C)cn4C)cc3)ccc2[nH]1,1b(BOC) + 5b + 13a,
COC(=O)c1nc2ccc(NC(=O)c3ccc(NC(=O)c4cc(NC(=O)OC(C)(C)C)cn4C)cc3)cc2o1,1b(BOC) + 5b + 14a,
COC(=O)c1nc2cc(NC(=O)c3ccc(NC(=O)c4cc(NC(=O)OC(C)(C)C)cn4C)cc3)ccc2[nH]1,1b(BOC) + 5b + 15a,
COC(=O)c1cc(NC(=O)c2cccc(NC(=O)c3cc(NC(=O)OC(C)(C)C)cn3C)c2)cn1C,1b(BOC) + 6b + 1a,
COC(=O)c1ccc(NC(=O)c2cccc(NC(=O)c3cc(NC(=O)OC(C)(C)C)cn3C)c2)cc1,1b(BOC) + 6b + 5a,
COC(=O)c1cccc(NC(=O)c2cccc(NC(=O)c3cc(NC(=O)OC(C)(C)C)cn3C)c2)c1,1b(BOC) + 6b + 6a,
CCOC(=O)c1csc(NC(=O)c2cccc(NC(=O)c3cc(NC(=O)OC(C)(C)C)cn3C)c2)n1,1b(BOC) + 6b + 7a,
COC(=O)c1cc(NC(=O)c2cccc(NC(=O)c3cc(NC(=O)OC(C)(C)C)cn3C)c2)cs1,1b(BOC) + 6b + 8a,
CCOC(=O)c1nc(NC(=O)c2cccc(NC(=O)c3cc(NC(=O)OC(C)(C)C)cn3C)c2)cn1C,1b(BOC) + 6b + 9a,
COC(=O)c1cc2c3c(ccc2[nH]1)N(C(=O)c1cccc(NC(=O)c2cc(NC(=O)OC(C)(C)C)cn2C)c1)CC3,1b(BOC) + 6b + 10a,
COC(=O)c1cc2cc(NC(=O)c3cccc(NC(=O)c4cc(NC(=O)OC(C)(C)C)cn4C)c3)ccc2s1,1b(BOC) + 6b + 11a,
COC(=O)c1cc2cc(NC(=O)c3cccc(NC(=O)c4cc(NC(=O)OC(C)(C)C)cn4C)c3)ccc2o1,1b(BOC) + 6b + 12a,
CCOC(=O)c1cc2cc(NC(=O)c3cccc(NC(=O)c4cc(NC(=O)OC(C)(C)C)cn4C)c3)ccc2[nH]1,1b(BOC) + 6b + 13a,
COC(=O)c1nc2ccc(NC(=O)c3cccc(NC(=O)c4cc(NC(=O)OC(C)(C)C)cn4C)c3)cc2o1,1b(BOC) + 6b + 14a,
COC(=O)c1nc2cc(NC(=O)c3cccc(NC(=O)c4cc(NC(=O)OC(C)(C)C)cn4C)c3)ccc2[nH]1,1b(BOC) + 6b + 15a,
COC(=O)c1cc(NC(=O)c2csc(NC(=O)c3cc(NC(=O)OC(C)(C)C)cn3C)n2)cn1C,1b(BOC) + 7b + 1a,
COC(=O)c1ccc(NC(=O)c2csc(NC(=O)c3cc(NC(=O)OC(C)(C)C)cn3C)n2)cc1,1b(BOC) + 7b + 5a,
COC(=O)c1cccc(NC(=O)c2csc(NC(=O)c3cc(NC(=O)OC(C)(C)C)cn3C)n2)c1,1b(BOC) + 7b + 6a,
CCOC(=O)c1csc(NC(=O)c2csc(NC(=O)c3cc(NC(=O)OC(C)(C)C)cn3C)n2)n1,1b(BOC) + 7b + 7a,
COC(=O)c1cc(NC(=O)c2csc(NC(=O)c3cc(NC(=O)OC(C)(C)C)cn3C)n2)cs1,1b(BOC) + 7b + 8a,
CCOC(=O)c1nc(NC(=O)c2csc(NC(=O)c3cc(NC(=O)OC(C)(C)C)cn3C)n2)cn1C,1b(BOC) + 7b + 9a,
COC(=O)c1cc2c3c(ccc2[nH]1)N(C(=O)c1csc(NC(=O)c2cc(NC(=O)OC(C)(C)C)cn2C)n1)CC3,1b(BOC) + 7b + 10a,
COC(=O)c1cc2cc(NC(=O)c3csc(NC(=O)c4cc(NC(=O)OC(C)(C)C)cn4C)n3)ccc2s1,1b(BOC) + 7b + 11a,
COC(=O)c1cc2cc(NC(=O)c3csc(NC(=O)c4cc(NC(=O)OC(C)(C)C)cn4C)n3)ccc2o1,1b(BOC) + 7b + 12a,
CCOC(=O)c1cc2cc(NC(=O)c3csc(NC(=O)c4cc(NC(=O)OC(C)(C)C)cn4C)n3)ccc2[nH]1,1b(BOC) + 7b + 13a,
COC(=O)c1nc2ccc(NC(=O)c3csc(NC(=O)c4cc(NC(=O)OC(C)(C)C)cn4C)n3)cc2o1,1b(BOC) + 7b + 14a,
COC(=O)c1nc2cc(NC(=O)c3csc(NC(=O)c4cc(NC(=O)OC(C)(C)C)cn4C)n3)ccc2[nH]1,1b(BOC) + 7b + 15a,
COC(=O)c1cc(NC(=O)c2cc(NC(=O)c3cc(NC(=O)OC(C)(C)C)cn3C)cs2)cn1C,1b(BOC) + 8b + 1a,
COC(=O)c1ccc(NC(=O)c2cc(NC(=O)c3cc(NC(=O)OC(C)(C)C)cn3C)cs2)cc1,1b(BOC) + 8b + 5a,
COC(=O)c1cccc(NC(=O)c2cc(NC(=O)c3cc(NC(=O)OC(C)(C)C)cn3C)cs2)c1,1b(BOC) + 8b + 6a,
CCOC(=O)c1csc(NC(=O)c2cc(NC(=O)c3cc(NC(=O)OC(C)(C)C)cn3C)cs2)n1,1b(BOC) + 8b + 7a,
COC(=O)c1cc(NC(=O)c2cc(NC(=O)c3cc(NC(=O)OC(C)(C)C)cn3C)cs2)cs1,1b(BOC) + 8b + 8a,
CCOC(=O)c1nc(NC(=O)c2cc(NC(=O)c3cc(NC(=O)OC(C)(C)C)cn3C)cs2)cn1C,1b(BOC) + 8b + 9a,
COC(=O)c1cc2c3c(ccc2[nH]1)N(C(=O)c1cc(NC(=O)c2cc(NC(=O)OC(C)(C)C)cn2C)cs1)CC3,1b(BOC) + 8b + 10a,
COC(=O)c1cc2cc(NC(=O)c3cc(NC(=O)c4cc(NC(=O)OC(C)(C)C)cn4C)cs3)ccc2s1,1b(BOC) + 8b + 11a,
COC(=O)c1cc2cc(NC(=O)c3cc(NC(=O)c4cc(NC(=O)OC(C)(C)C)cn4C)cs3)ccc2o1,1b(BOC) + 8b + 12a,
CCOC(=O)c1cc2cc(NC(=O)c3cc(NC(=O)c4cc(NC(=O)OC(C)(C)C)cn4C)cs3)ccc2[nH]1,1b(BOC) + 8b + 13a,
COC(=O)c1nc2ccc(NC(=O)c3cc(NC(=O)c4cc(NC(=O)OC(C)(C)C)cn4C)cs3)cc2o1,1b(BOC) + 8b + 14a,
COC(=O)c1nc2cc(NC(=O)c3cc(NC(=O)c4cc(NC(=O)OC(C)(C)C)cn4C)cs3)ccc2[nH]1,1b(BOC) + 8b + 15a,
COC(=O)c1cc(NC(=O)c2nc(NC(=O)c3cc(NC(=O)OC(C)(C)C)cn3C)cn2C)cn1C,1b(BOC) + 9b + 1a,
COC(=O)c1ccc(NC(=O)c2nc(NC(=O)c3cc(NC(=O)OC(C)(C)C)cn3C)cn2C)cc1,1b(BOC) + 9b + 5a,
COC(=O)c1cccc(NC(=O)c2nc(NC(=O)c3cc(NC(=O)OC(C)(C)C)cn3C)cn2C)c1,1b(BOC) + 9b + 6a,
CCOC(=O)c1csc(NC(=O)c2nc(NC(=O)c3cc(NC(=O)OC(C)(C)C)cn3C)cn2C)n1,1b(BOC) + 9b + 7a,
COC(=O)c1cc(NC(=O)c2nc(NC(=O)c3cc(NC(=O)OC(C)(C)C)cn3C)cn2C)cs1,1b(BOC) + 9b + 8a,
CCOC(=O)c1nc(NC(=O)c2nc(NC(=O)c3cc(NC(=O)OC(C)(C)C)cn3C)cn2C)cn1C,1b(BOC) + 9b + 9a,
COC(=O)c1cc2c3c(ccc2[nH]1)N(C(=O)c1nc(NC(=O)c2cc(NC(=O)OC(C)(C)C)cn2C)cn1C)CC3,1b(BOC) + 9b + 10a,
COC(=O)c1cc2cc(NC(=O)c3nc(NC(=O)c4cc(NC(=O)OC(C)(C)C)cn4C)cn3C)ccc2s1,1b(BOC) + 9b + 11a,
COC(=O)c1cc2cc(NC(=O)c3nc(NC(=O)c4cc(NC(=O)OC(C)(C)C)cn4C)cn3C)ccc2o1,1b(BOC) + 9b + 12a,
CCOC(=O)c1cc2cc(NC(=O)c3nc(NC(=O)c4cc(NC(=O)OC(C)(C)C)cn4C)cn3C)ccc2[nH]1,1b(BOC) + 9b + 13a,
COC(=O)c1nc2ccc(NC(=O)c3nc(NC(=O)c4cc(NC(=O)OC(C)(C)C)cn4C)cn3C)cc2o1,1b(BOC) + 9b + 14a,
COC(=O)c1nc2cc(NC(=O)c3nc(NC(=O)c4cc(NC(=O)OC(C)(C)C)cn4C)cn3C)ccc2[nH]1,1b(BOC) + 9b + 15a,
COC(=O)c1cc(NC(=O)c2cc3c4c(ccc3[nH]2)N(C(=O)c2cc(NC(=O)OC(C)(C)C)cn2C)CC4)cn1C,1b(BOC) + 10b + 1a,
COC(=O)c1ccc(NC(=O)c2cc3c4c(ccc3[nH]2)N(C(=O)c2cc(NC(=O)OC(C)(C)C)cn2C)CC4)cc1,1b(BOC) + 10b + 5a,
COC(=O)c1cccc(NC(=O)c2cc3c4c(ccc3[nH]2)N(C(=O)c2cc(NC(=O)OC(C)(C)C)cn2C)CC4)c1,1b(BOC) + 10b + 6a,
CCOC(=O)c1csc(NC(=O)c2cc3c4c(ccc3[nH]2)N(C(=O)c2cc(NC(=O)OC(C)(C)C)cn2C)CC4)n1,1b(BOC) + 10b + 7a,
COC(=O)c1cc(NC(=O)c2cc3c4c(ccc3[nH]2)N(C(=O)c2cc(NC(=O)OC(C)(C)C)cn2C)CC4)cs1,1b(BOC) + 10b + 8a,
CCOC(=O)c1nc(NC(=O)c2cc3c4c(ccc3[nH]2)N(C(=O)c2cc(NC(=O)OC(C)(C)C)cn2C)CC4)cn1C,1b(BOC) + 10b + 9a,
COC(=O)c1cc2c3c(ccc2[nH]1)N(C(=O)c1cc2c4c(ccc2[nH]1)N(C(=O)c1cc(NC(=O)OC(C)(C)C)cn1C)CC4)CC3,1b(BOC) + 10b + 10a,
COC(=O)c1cc2cc(NC(=O)c3cc4c5c(ccc4[nH]3)N(C(=O)c3cc(NC(=O)OC(C)(C)C)cn3C)CC5)ccc2s1,1b(BOC) + 10b + 11a,
COC(=O)c1cc2cc(NC(=O)c3cc4c5c(ccc4[nH]3)N(C(=O)c3cc(NC(=O)OC(C)(C)C)cn3C)CC5)ccc2o1,1b(BOC) + 10b + 12a,
CCOC(=O)c1cc2cc(NC(=O)c3cc4c5c(ccc4[nH]3)N(C(=O)c3cc(NC(=O)OC(C)(C)C)cn3C)CC5)ccc2[nH]1,1b(BOC) + 10b + 13a,
COC(=O)c1nc2ccc(NC(=O)c3cc4c5c(ccc4[nH]3)N(C(=O)c3cc(NC(=O)OC(C)(C)C)cn3C)CC5)cc2o1,1b(BOC) + 10b + 14a,
COC(=O)c1nc2cc(NC(=O)c3cc4c5c(ccc4[nH]3)N(C(=O)c3cc(NC(=O)OC(C)(C)C)cn3C)CC5)ccc2[nH]1,1b(BOC) + 10b + 15a,
COC(=O)c1cc(NC(=O)c2cc3cc(NC(=O)c4cc(NC(=O)OC(C)(C)C)cn4C)ccc3s2)cn1C,1b(BOC) + 11b + 1a,
COC(=O)c1ccc(NC(=O)c2cc3cc(NC(=O)c4cc(NC(=O)OC(C)(C)C)cn4C)ccc3s2)cc1,1b(BOC) + 11b + 5a,
COC(=O)c1cccc(NC(=O)c2cc3cc(NC(=O)c4cc(NC(=O)OC(C)(C)C)cn4C)ccc3s2)c1,1b(BOC) + 11b + 6a,
CCOC(=O)c1csc(NC(=O)c2cc3cc(NC(=O)c4cc(NC(=O)OC(C)(C)C)cn4C)ccc3s2)n1,1b(BOC) + 11b + 7a,
COC(=O)c1cc(NC(=O)c2cc3cc(NC(=O)c4cc(NC(=O)OC(C)(C)C)cn4C)ccc3s2)cs1,1b(BOC) + 11b + 8a,
CCOC(=O)c1nc(NC(=O)c2cc3cc(NC(=O)c4cc(NC(=O)OC(C)(C)C)cn4C)ccc3s2)cn1C,1b(BOC) + 11b + 9a,
COC(=O)c1cc2c3c(ccc2[nH]1)N(C(=O)c1cc2cc(NC(=O)c4cc(NC(=O)OC(C)(C)C)cn4C)ccc2s1)CC3,1b(BOC) + 11b + 10a,
COC(=O)c1cc2cc(NC(=O)c3cc4cc(NC(=O)c5cc(NC(=O)OC(C)(C)C)cn5C)ccc4s3)ccc2s1,1b(BOC) + 11b + 11a,
COC(=O)c1cc2cc(NC(=O)c3cc4cc(NC(=O)c5cc(NC(=O)OC(C)(C)C)cn5C)ccc4s3)ccc2o1,1b(BOC) + 11b + 12a,
CCOC(=O)c1cc2cc(NC(=O)c3cc4cc(NC(=O)c5cc(NC(=O)OC(C)(C)C)cn5C)ccc4s3)ccc2[nH]1,1b(BOC) + 11b + 13a,
COC(=O)c1nc2ccc(NC(=O)c3cc4cc(NC(=O)c5cc(NC(=O)OC(C)(C)C)cn5C)ccc4s3)cc2o1,1b(BOC) + 11b + 14a,
COC(=O)c1nc2cc(NC(=O)c3cc4cc(NC(=O)c5cc(NC(=O)OC(C)(C)C)cn5C)ccc4s3)ccc2[nH]1,1b(BOC) + 11b + 15a,
COC(=O)c1cc(NC(=O)c2cc3cc(NC(=O)c4cc(NC(=O)OC(C)(C)C)cn4C)ccc3o2)cn1C,1b(BOC) + 12b + 1a,
COC(=O)c1ccc(NC(=O)c2cc3cc(NC(=O)c4cc(NC(=O)OC(C)(C)C)cn4C)ccc3o2)cc1,1b(BOC) + 12b + 5a,
COC(=O)c1cccc(NC(=O)c2cc3cc(NC(=O)c4cc(NC(=O)OC(C)(C)C)cn4C)ccc3o2)c1,1b(BOC) + 12b + 6a,
CCOC(=O)c1csc(NC(=O)c2cc3cc(NC(=O)c4cc(NC(=O)OC(C)(C)C)cn4C)ccc3o2)n1,1b(BOC) + 12b + 7a,
COC(=O)c1cc(NC(=O)c2cc3cc(NC(=O)c4cc(NC(=O)OC(C)(C)C)cn4C)ccc3o2)cs1,1b(BOC) + 12b + 8a,
CCOC(=O)c1nc(NC(=O)c2cc3cc(NC(=O)c4cc(NC(=O)OC(C)(C)C)cn4C)ccc3o2)cn1C,1b(BOC) + 12b + 9a,
COC(=O)c1cc2c3c(ccc2[nH]1)N(C(=O)c1cc2cc(NC(=O)c4cc(NC(=O)OC(C)(C)C)cn4C)ccc2o1)CC3,1b(BOC) + 12b + 10a,
COC(=O)c1cc2cc(NC(=O)c3cc4cc(NC(=O)c5cc(NC(=O)OC(C)(C)C)cn5C)ccc4o3)ccc2s1,1b(BOC) + 12b + 11a,
COC(=O)c1cc2cc(NC(=O)c3cc4cc(NC(=O)c5cc(NC(=O)OC(C)(C)C)cn5C)ccc4o3)ccc2o1,1b(BOC) + 12b + 12a,
CCOC(=O)c1cc2cc(NC(=O)c3cc4cc(NC(=O)c5cc(NC(=O)OC(C)(C)C)cn5C)ccc4o3)ccc2[nH]1,1b(BOC) + 12b + 13a,
COC(=O)c1nc2ccc(NC(=O)c3cc4cc(NC(=O)c5cc(NC(=O)OC(C)(C)C)cn5C)ccc4o3)cc2o1,1b(BOC) + 12b + 14a,
COC(=O)c1nc2cc(NC(=O)c3cc4cc(NC(=O)c5cc(NC(=O)OC(C)(C)C)cn5C)ccc4o3)ccc2[nH]1,1b(BOC) + 12b + 15a,
COC(=O)c1cc(NC(=O)c2cc3cc(NC(=O)c4cc(NC(=O)OC(C)(C)C)cn4C)ccc3[nH]2)cn1C,1b(BOC) + 13b + 1a,
COC(=O)c1ccc(NC(=O)c2cc3cc(NC(=O)c4cc(NC(=O)OC(C)(C)C)cn4C)ccc3[nH]2)cc1,1b(BOC) + 13b + 5a,
COC(=O)c1cccc(NC(=O)c2cc3cc(NC(=O)c4cc(NC(=O)OC(C)(C)C)cn4C)ccc3[nH]2)c1,1b(BOC) + 13b + 6a,
CCOC(=O)c1csc(NC(=O)c2cc3cc(NC(=O)c4cc(NC(=O)OC(C)(C)C)cn4C)ccc3[nH]2)n1,1b(BOC) + 13b + 7a,
COC(=O)c1cc(NC(=O)c2cc3cc(NC(=O)c4cc(NC(=O)OC(C)(C)C)cn4C)ccc3[nH]2)cs1,1b(BOC) + 13b + 8a,
CCOC(=O)c1nc(NC(=O)c2cc3cc(NC(=O)c4cc(NC(=O)OC(C)(C)C)cn4C)ccc3[nH]2)cn1C,1b(BOC) + 13b + 9a,
COC(=O)c1cc2c3c(ccc2[nH]1)N(C(=O)c1cc2cc(NC(=O)c4cc(NC(=O)OC(C)(C)C)cn4C)ccc2[nH]1)CC3,1b(BOC) + 13b + 10a,
COC(=O)c1cc2cc(NC(=O)c3cc4cc(NC(=O)c5cc(NC(=O)OC(C)(C)C)cn5C)ccc4[nH]3)ccc2s1,1b(BOC) + 13b + 11a,
COC(=O)c1cc2cc(NC(=O)c3cc4cc(NC(=O)c5cc(NC(=O)OC(C)(C)C)cn5C)ccc4[nH]3)ccc2o1,1b(BOC) + 13b + 12a,
CCOC(=O)c1cc2cc(NC(=O)c3cc4cc(NC(=O)c5cc(NC(=O)OC(C)(C)C)cn5C)ccc4[nH]3)ccc2[nH]1,1b(BOC) + 13b + 13a,
COC(=O)c1nc2ccc(NC(=O)c3cc4cc(NC(=O)c5cc(NC(=O)OC(C)(C)C)cn5C)ccc4[nH]3)cc2o1,1b(BOC) + 13b + 14a,
COC(=O)c1nc2cc(NC(=O)c3cc4cc(NC(=O)c5cc(NC(=O)OC(C)(C)C)cn5C)ccc4[nH]3)ccc2[nH]1,1b(BOC) + 13b + 15a,
COC(=O)c1cc(NC(=O)c2nc3ccc(NC(=O)c4cc(NC(=O)OC(C)(C)C)cn4C)cc3o2)cn1C,1b(BOC) + 14b + 1a,
COC(=O)c1ccc(NC(=O)c2nc3ccc(NC(=O)c4cc(NC(=O)OC(C)(C)C)cn4C)cc3o2)cc1,1b(BOC) + 14b + 5a,
COC(=O)c1cccc(NC(=O)c2nc3ccc(NC(=O)c4cc(NC(=O)OC(C)(C)C)cn4C)cc3o2)c1,1b(BOC) + 14b + 6a,
CCOC(=O)c1csc(NC(=O)c2nc3ccc(NC(=O)c4cc(NC(=O)OC(C)(C)C)cn4C)cc3o2)n1,1b(BOC) + 14b + 7a,
COC(=O)c1cc(NC(=O)c2nc3ccc(NC(=O)c4cc(NC(=O)OC(C)(C)C)cn4C)cc3o2)cs1,1b(BOC) + 14b + 8a,
CCOC(=O)c1nc(NC(=O)c2nc3ccc(NC(=O)c4cc(NC(=O)OC(C)(C)C)cn4C)cc3o2)cn1C,1b(BOC) + 14b + 9a,
COC(=O)c1cc2c3c(ccc2[nH]1)N(C(=O)c1nc2ccc(NC(=O)c4cc(NC(=O)OC(C)(C)C)cn4C)cc2o1)CC3,1b(BOC) + 14b + 10a,
COC(=O)c1cc2cc(NC(=O)c3nc4ccc(NC(=O)c5cc(NC(=O)OC(C)(C)C)cn5C)cc4o3)ccc2s1,1b(BOC) + 14b + 11a,
COC(=O)c1cc2cc(NC(=O)c3nc4ccc(NC(=O)c5cc(NC(=O)OC(C)(C)C)cn5C)cc4o3)ccc2o1,1b(BOC) + 14b + 12a,
CCOC(=O)c1cc2cc(NC(=O)c3nc4ccc(NC(=O)c5cc(NC(=O)OC(C)(C)C)cn5C)cc4o3)ccc2[nH]1,1b(BOC) + 14b + 13a,
COC(=O)c1nc2ccc(NC(=O)c3nc4ccc(NC(=O)c5cc(NC(=O)OC(C)(C)C)cn5C)cc4o3)cc2o1,1b(BOC) + 14b + 14a,
COC(=O)c1nc2cc(NC(=O)c3nc4ccc(NC(=O)c5cc(NC(=O)OC(C)(C)C)cn5C)cc4o3)ccc2[nH]1,1b(BOC) + 14b + 15a,
COC(=O)c1cc(NC(=O)c2cc(NC(=O)c3cc(NC(=O)CCCN(C)C)cn3C)cn2C)cn1C,1b(DMABA) + 1b + 1a,
COC(=O)c1ccc(NC(=O)c2cc(NC(=O)c3cc(NC(=O)CCCN(C)C)cn3C)cn2C)cc1,1b(DMABA) + 1b + 5a,
COC(=O)c1cccc(NC(=O)c2cc(NC(=O)c3cc(NC(=O)CCCN(C)C)cn3C)cn2C)c1,1b(DMABA) + 1b + 6a,
CCOC(=O)c1csc(NC(=O)c2cc(NC(=O)c3cc(NC(=O)CCCN(C)C)cn3C)cn2C)n1,1b(DMABA) + 1b + 7a,
COC(=O)c1cc(NC(=O)c2cc(NC(=O)c3cc(NC(=O)CCCN(C)C)cn3C)cn2C)cs1,1b(DMABA) + 1b + 8a,
CCOC(=O)c1nc(NC(=O)c2cc(NC(=O)c3cc(NC(=O)CCCN(C)C)cn3C)cn2C)cn1C,1b(DMABA) + 1b + 9a,
COC(=O)c1cc2c3c(ccc2[nH]1)N(C(=O)c1cc(NC(=O)c2cc(NC(=O)CCCN(C)C)cn2C)cn1C)CC3,1b(DMABA) + 1b + 10a,
COC(=O)c1cc2cc(NC(=O)c3cc(NC(=O)c4cc(NC(=O)CCCN(C)C)cn4C)cn3C)ccc2s1,1b(DMABA) + 1b + 11a,
COC(=O)c1cc2cc(NC(=O)c3cc(NC(=O)c4cc(NC(=O)CCCN(C)C)cn4C)cn3C)ccc2o1,1b(DMABA) + 1b + 12a,
CCOC(=O)c1cc2cc(NC(=O)c3cc(NC(=O)c4cc(NC(=O)CCCN(C)C)cn4C)cn3C)ccc2[nH]1,1b(DMABA) + 1b + 13a,
COC(=O)c1nc2ccc(NC(=O)c3cc(NC(=O)c4cc(NC(=O)CCCN(C)C)cn4C)cn3C)cc2o1,1b(DMABA) + 1b + 14a,
COC(=O)c1nc2cc(NC(=O)c3cc(NC(=O)c4cc(NC(=O)CCCN(C)C)cn4C)cn3C)ccc2[nH]1,1b(DMABA) + 1b + 15a,
COC(=O)c1cc(NC(=O)c2ccc(NC(=O)c3cc(NC(=O)CCCN(C)C)cn3C)cc2)cn1C,1b(DMABA) + 5b + 1a,
COC(=O)c1ccc(NC(=O)c2ccc(NC(=O)c3cc(NC(=O)CCCN(C)C)cn3C)cc2)cc1,1b(DMABA) + 5b + 5a,
COC(=O)c1cccc(NC(=O)c2ccc(NC(=O)c3cc(NC(=O)CCCN(C)C)cn3C)cc2)c1,1b(DMABA) + 5b + 6a,
CCOC(=O)c1csc(NC(=O)c2ccc(NC(=O)c3cc(NC(=O)CCCN(C)C)cn3C)cc2)n1,1b(DMABA) + 5b + 7a,
COC(=O)c1cc(NC(=O)c2ccc(NC(=O)c3cc(NC(=O)CCCN(C)C)cn3C)cc2)cs1,1b(DMABA) + 5b + 8a,
CCOC(=O)c1nc(NC(=O)c2ccc(NC(=O)c3cc(NC(=O)CCCN(C)C)cn3C)cc2)cn1C,1b(DMABA) + 5b + 9a,
COC(=O)c1cc2c3c(ccc2[nH]1)N(C(=O)c1ccc(NC(=O)c2cc(NC(=O)CCCN(C)C)cn2C)cc1)CC3,1b(DMABA) + 5b + 10a,
COC(=O)c1cc2cc(NC(=O)c3ccc(NC(=O)c4cc(NC(=O)CCCN(C)C)cn4C)cc3)ccc2s1,1b(DMABA) + 5b + 11a,
COC(=O)c1cc2cc(NC(=O)c3ccc(NC(=O)c4cc(NC(=O)CCCN(C)C)cn4C)cc3)ccc2o1,1b(DMABA) + 5b + 12a,
CCOC(=O)c1cc2cc(NC(=O)c3ccc(NC(=O)c4cc(NC(=O)CCCN(C)C)cn4C)cc3)ccc2[nH]1,1b(DMABA) + 5b + 13a,
COC(=O)c1nc2ccc(NC(=O)c3ccc(NC(=O)c4cc(NC(=O)CCCN(C)C)cn4C)cc3)cc2o1,1b(DMABA) + 5b + 14a,
COC(=O)c1nc2cc(NC(=O)c3ccc(NC(=O)c4cc(NC(=O)CCCN(C)C)cn4C)cc3)ccc2[nH]1,1b(DMABA) + 5b + 15a,
COC(=O)c1cc(NC(=O)c2cccc(NC(=O)c3cc(NC(=O)CCCN(C)C)cn3C)c2)cn1C,1b(DMABA) + 6b + 1a,
COC(=O)c1ccc(NC(=O)c2cccc(NC(=O)c3cc(NC(=O)CCCN(C)C)cn3C)c2)cc1,1b(DMABA) + 6b + 5a,
COC(=O)c1cccc(NC(=O)c2cccc(NC(=O)c3cc(NC(=O)CCCN(C)C)cn3C)c2)c1,1b(DMABA) + 6b + 6a,
CCOC(=O)c1csc(NC(=O)c2cccc(NC(=O)c3cc(NC(=O)CCCN(C)C)cn3C)c2)n1,1b(DMABA) + 6b + 7a,
COC(=O)c1cc(NC(=O)c2cccc(NC(=O)c3cc(NC(=O)CCCN(C)C)cn3C)c2)cs1,1b(DMABA) + 6b + 8a,
CCOC(=O)c1nc(NC(=O)c2cccc(NC(=O)c3cc(NC(=O)CCCN(C)C)cn3C)c2)cn1C,1b(DMABA) + 6b + 9a,
COC(=O)c1cc2c3c(ccc2[nH]1)N(C(=O)c1cccc(NC(=O)c2cc(NC(=O)CCCN(C)C)cn2C)c1)CC3,1b(DMABA) + 6b + 10a,
COC(=O)c1cc2cc(NC(=O)c3cccc(NC(=O)c4cc(NC(=O)CCCN(C)C)cn4C)c3)ccc2s1,1b(DMABA) + 6b + 11a,
COC(=O)c1cc2cc(NC(=O)c3cccc(NC(=O)c4cc(NC(=O)CCCN(C)C)cn4C)c3)ccc2o1,1b(DMABA) + 6b + 12a,
CCOC(=O)c1cc2cc(NC(=O)c3cccc(NC(=O)c4cc(NC(=O)CCCN(C)C)cn4C)c3)ccc2[nH]1,1b(DMABA) + 6b + 13a,
COC(=O)c1nc2ccc(NC(=O)c3cccc(NC(=O)c4cc(NC(=O)CCCN(C)C)cn4C)c3)cc2o1,1b(DMABA) + 6b + 14a,
COC(=O)c1nc2cc(NC(=O)c3cccc(NC(=O)c4cc(NC(=O)CCCN(C)C)cn4C)c3)ccc2[nH]1,1b(DMABA) + 6b + 15a,
COC(=O)c1cc(NC(=O)c2csc(NC(=O)c3cc(NC(=O)CCCN(C)C)cn3C)n2)cn1C,1b(DMABA) + 7b + 1a,
COC(=O)c1ccc(NC(=O)c2csc(NC(=O)c3cc(NC(=O)CCCN(C)C)cn3C)n2)cc1,1b(DMABA) + 7b + 5a,
COC(=O)c1cccc(NC(=O)c2csc(NC(=O)c3cc(NC(=O)CCCN(C)C)cn3C)n2)c1,1b(DMABA) + 7b + 6a,
CCOC(=O)c1csc(NC(=O)c2csc(NC(=O)c3cc(NC(=O)CCCN(C)C)cn3C)n2)n1,1b(DMABA) + 7b + 7a,
COC(=O)c1cc(NC(=O)c2csc(NC(=O)c3cc(NC(=O)CCCN(C)C)cn3C)n2)cs1,1b(DMABA) + 7b + 8a,
CCOC(=O)c1nc(NC(=O)c2csc(NC(=O)c3cc(NC(=O)CCCN(C)C)cn3C)n2)cn1C,1b(DMABA) + 7b + 9a,
COC(=O)c1cc2c3c(ccc2[nH]1)N(C(=O)c1csc(NC(=O)c2cc(NC(=O)CCCN(C)C)cn2C)n1)CC3,1b(DMABA) + 7b + 10a,
COC(=O)c1cc2cc(NC(=O)c3csc(NC(=O)c4cc(NC(=O)CCCN(C)C)cn4C)n3)ccc2s1,1b(DMABA) + 7b + 11a,
COC(=O)c1cc2cc(NC(=O)c3csc(NC(=O)c4cc(NC(=O)CCCN(C)C)cn4C)n3)ccc2o1,1b(DMABA) + 7b + 12a,
CCOC(=O)c1cc2cc(NC(=O)c3csc(NC(=O)c4cc(NC(=O)CCCN(C)C)cn4C)n3)ccc2[nH]1,1b(DMABA) + 7b + 13a,
COC(=O)c1nc2ccc(NC(=O)c3csc(NC(=O)c4cc(NC(=O)CCCN(C)C)cn4C)n3)cc2o1,1b(DMABA) + 7b + 14a,
COC(=O)c1nc2cc(NC(=O)c3csc(NC(=O)c4cc(NC(=O)CCCN(C)C)cn4C)n3)ccc2[nH]1,1b(DMABA) + 7b + 15a,
COC(=O)c1cc(NC(=O)c2cc(NC(=O)c3cc(NC(=O)CCCN(C)C)cn3C)cs2)cn1C,1b(DMABA) + 8b + 1a,
COC(=O)c1ccc(NC(=O)c2cc(NC(=O)c3cc(NC(=O)CCCN(C)C)cn3C)cs2)cc1,1b(DMABA) + 8b + 5a,
COC(=O)c1cccc(NC(=O)c2cc(NC(=O)c3cc(NC(=O)CCCN(C)C)cn3C)cs2)c1,1b(DMABA) + 8b + 6a,
CCOC(=O)c1csc(NC(=O)c2cc(NC(=O)c3cc(NC(=O)CCCN(C)C)cn3C)cs2)n1,1b(DMABA) + 8b + 7a,
COC(=O)c1cc(NC(=O)c2cc(NC(=O)c3cc(NC(=O)CCCN(C)C)cn3C)cs2)cs1,1b(DMABA) + 8b + 8a,
CCOC(=O)c1nc(NC(=O)c2cc(NC(=O)c3cc(NC(=O)CCCN(C)C)cn3C)cs2)cn1C,1b(DMABA) + 8b + 9a,
COC(=O)c1cc2c3c(ccc2[nH]1)N(C(=O)c1cc(NC(=O)c2cc(NC(=O)CCCN(C)C)cn2C)cs1)CC3,1b(DMABA) + 8b + 10a,
COC(=O)c1cc2cc(NC(=O)c3cc(NC(=O)c4cc(NC(=O)CCCN(C)C)cn4C)cs3)ccc2s1,1b(DMABA) + 8b + 11a,
COC(=O)c1cc2cc(NC(=O)c3cc(NC(=O)c4cc(NC(=O)CCCN(C)C)cn4C)cs3)ccc2o1,1b(DMABA) + 8b + 12a,
CCOC(=O)c1cc2cc(NC(=O)c3cc(NC(=O)c4cc(NC(=O)CCCN(C)C)cn4C)cs3)ccc2[nH]1,1b(DMABA) + 8b + 13a,
COC(=O)c1nc2ccc(NC(=O)c3cc(NC(=O)c4cc(NC(=O)CCCN(C)C)cn4C)cs3)cc2o1,1b(DMABA) + 8b + 14a,
COC(=O)c1nc2cc(NC(=O)c3cc(NC(=O)c4cc(NC(=O)CCCN(C)C)cn4C)cs3)ccc2[nH]1,1b(DMABA) + 8b + 15a,
COC(=O)c1cc(NC(=O)c2nc(NC(=O)c3cc(NC(=O)CCCN(C)C)cn3C)cn2C)cn1C,1b(DMABA) + 9b + 1a,
COC(=O)c1ccc(NC(=O)c2nc(NC(=O)c3cc(NC(=O)CCCN(C)C)cn3C)cn2C)cc1,1b(DMABA) + 9b + 5a,
COC(=O)c1cccc(NC(=O)c2nc(NC(=O)c3cc(NC(=O)CCCN(C)C)cn3C)cn2C)c1,1b(DMABA) + 9b + 6a,
CCOC(=O)c1csc(NC(=O)c2nc(NC(=O)c3cc(NC(=O)CCCN(C)C)cn3C)cn2C)n1,1b(DMABA) + 9b + 7a,
COC(=O)c1cc(NC(=O)c2nc(NC(=O)c3cc(NC(=O)CCCN(C)C)cn3C)cn2C)cs1,1b(DMABA) + 9b + 8a,
CCOC(=O)c1nc(NC(=O)c2nc(NC(=O)c3cc(NC(=O)CCCN(C)C)cn3C)cn2C)cn1C,1b(DMABA) + 9b + 9a,
COC(=O)c1cc2c3c(ccc2[nH]1)N(C(=O)c1nc(NC(=O)c2cc(NC(=O)CCCN(C)C)cn2C)cn1C)CC3,1b(DMABA) + 9b + 10a,
COC(=O)c1cc2cc(NC(=O)c3nc(NC(=O)c4cc(NC(=O)CCCN(C)C)cn4C)cn3C)ccc2s1,1b(DMABA) + 9b + 11a,
COC(=O)c1cc2cc(NC(=O)c3nc(NC(=O)c4cc(NC(=O)CCCN(C)C)cn4C)cn3C)ccc2o1,1b(DMABA) + 9b + 12a,
CCOC(=O)c1cc2cc(NC(=O)c3nc(NC(=O)c4cc(NC(=O)CCCN(C)C)cn4C)cn3C)ccc2[nH]1,1b(DMABA) + 9b + 13a,
COC(=O)c1nc2ccc(NC(=O)c3nc(NC(=O)c4cc(NC(=O)CCCN(C)C)cn4C)cn3C)cc2o1,1b(DMABA) + 9b + 14a,
COC(=O)c1nc2cc(NC(=O)c3nc(NC(=O)c4cc(NC(=O)CCCN(C)C)cn4C)cn3C)ccc2[nH]1,1b(DMABA) + 9b + 15a,
COC(=O)c1cc(NC(=O)c2cc3c4c(ccc3[nH]2)N(C(=O)c2cc(NC(=O)CCCN(C)C)cn2C)CC4)cn1C,1b(DMABA) + 10b + 1a,
COC(=O)c1ccc(NC(=O)c2cc3c4c(ccc3[nH]2)N(C(=O)c2cc(NC(=O)CCCN(C)C)cn2C)CC4)cc1,1b(DMABA) + 10b + 5a,
COC(=O)c1cccc(NC(=O)c2cc3c4c(ccc3[nH]2)N(C(=O)c2cc(NC(=O)CCCN(C)C)cn2C)CC4)c1,1b(DMABA) + 10b + 6a,
CCOC(=O)c1csc(NC(=O)c2cc3c4c(ccc3[nH]2)N(C(=O)c2cc(NC(=O)CCCN(C)C)cn2C)CC4)n1,1b(DMABA) + 10b + 7a,
COC(=O)c1cc(NC(=O)c2cc3c4c(ccc3[nH]2)N(C(=O)c2cc(NC(=O)CCCN(C)C)cn2C)CC4)cs1,1b(DMABA) + 10b + 8a,
CCOC(=O)c1nc(NC(=O)c2cc3c4c(ccc3[nH]2)N(C(=O)c2cc(NC(=O)CCCN(C)C)cn2C)CC4)cn1C,1b(DMABA) + 10b + 9a,
COC(=O)c1cc2c3c(ccc2[nH]1)N(C(=O)c1cc2c4c(ccc2[nH]1)N(C(=O)c1cc(NC(=O)CCCN(C)C)cn1C)CC4)CC3,1b(DMABA) + 10b + 10a,
COC(=O)c1cc2cc(NC(=O)c3cc4c5c(ccc4[nH]3)N(C(=O)c3cc(NC(=O)CCCN(C)C)cn3C)CC5)ccc2s1,1b(DMABA) + 10b + 11a,
COC(=O)c1cc2cc(NC(=O)c3cc4c5c(ccc4[nH]3)N(C(=O)c3cc(NC(=O)CCCN(C)C)cn3C)CC5)ccc2o1,1b(DMABA) + 10b + 12a,
CCOC(=O)c1cc2cc(NC(=O)c3cc4c5c(ccc4[nH]3)N(C(=O)c3cc(NC(=O)CCCN(C)C)cn3C)CC5)ccc2[nH]1,1b(DMABA) + 10b + 13a,
COC(=O)c1nc2ccc(NC(=O)c3cc4c5c(ccc4[nH]3)N(C(=O)c3cc(NC(=O)CCCN(C)C)cn3C)CC5)cc2o1,1b(DMABA) + 10b + 14a,
COC(=O)c1nc2cc(NC(=O)c3cc4c5c(ccc4[nH]3)N(C(=O)c3cc(NC(=O)CCCN(C)C)cn3C)CC5)ccc2[nH]1,1b(DMABA) + 10b + 15a,
COC(=O)c1cc(NC(=O)c2cc3cc(NC(=O)c4cc(NC(=O)CCCN(C)C)cn4C)ccc3s2)cn1C,1b(DMABA) + 11b + 1a,
COC(=O)c1ccc(NC(=O)c2cc3cc(NC(=O)c4cc(NC(=O)CCCN(C)C)cn4C)ccc3s2)cc1,1b(DMABA) + 11b + 5a,
COC(=O)c1cccc(NC(=O)c2cc3cc(NC(=O)c4cc(NC(=O)CCCN(C)C)cn4C)ccc3s2)c1,1b(DMABA) + 11b + 6a,
CCOC(=O)c1csc(NC(=O)c2cc3cc(NC(=O)c4cc(NC(=O)CCCN(C)C)cn4C)ccc3s2)n1,1b(DMABA) + 11b + 7a,
COC(=O)c1cc(NC(=O)c2cc3cc(NC(=O)c4cc(NC(=O)CCCN(C)C)cn4C)ccc3s2)cs1,1b(DMABA) + 11b + 8a,
CCOC(=O)c1nc(NC(=O)c2cc3cc(NC(=O)c4cc(NC(=O)CCCN(C)C)cn4C)ccc3s2)cn1C,1b(DMABA) + 11b + 9a,
COC(=O)c1cc2c3c(ccc2[nH]1)N(C(=O)c1cc2cc(NC(=O)c4cc(NC(=O)CCCN(C)C)cn4C)ccc2s1)CC3,1b(DMABA) + 11b + 10a,
COC(=O)c1cc2cc(NC(=O)c3cc4cc(NC(=O)c5cc(NC(=O)CCCN(C)C)cn5C)ccc4s3)ccc2s1,1b(DMABA) + 11b + 11a,
COC(=O)c1cc2cc(NC(=O)c3cc4cc(NC(=O)c5cc(NC(=O)CCCN(C)C)cn5C)ccc4s3)ccc2o1,1b(DMABA) + 11b + 12a,
CCOC(=O)c1cc2cc(NC(=O)c3cc4cc(NC(=O)c5cc(NC(=O)CCCN(C)C)cn5C)ccc4s3)ccc2[nH]1,1b(DMABA) + 11b + 13a,
COC(=O)c1nc2ccc(NC(=O)c3cc4cc(NC(=O)c5cc(NC(=O)CCCN(C)C)cn5C)ccc4s3)cc2o1,1b(DMABA) + 11b + 14a,
COC(=O)c1nc2cc(NC(=O)c3cc4cc(NC(=O)c5cc(NC(=O)CCCN(C)C)cn5C)ccc4s3)ccc2[nH]1,1b(DMABA) + 11b + 15a,
COC(=O)c1cc(NC(=O)c2cc3cc(NC(=O)c4cc(NC(=O)CCCN(C)C)cn4C)ccc3o2)cn1C,1b(DMABA) + 12b + 1a,
COC(=O)c1ccc(NC(=O)c2cc3cc(NC(=O)c4cc(NC(=O)CCCN(C)C)cn4C)ccc3o2)cc1,1b(DMABA) + 12b + 5a,
COC(=O)c1cccc(NC(=O)c2cc3cc(NC(=O)c4cc(NC(=O)CCCN(C)C)cn4C)ccc3o2)c1,1b(DMABA) + 12b + 6a,
CCOC(=O)c1csc(NC(=O)c2cc3cc(NC(=O)c4cc(NC(=O)CCCN(C)C)cn4C)ccc3o2)n1,1b(DMABA) + 12b + 7a,
COC(=O)c1cc(NC(=O)c2cc3cc(NC(=O)c4cc(NC(=O)CCCN(C)C)cn4C)ccc3o2)cs1,1b(DMABA) + 12b + 8a,
CCOC(=O)c1nc(NC(=O)c2cc3cc(NC(=O)c4cc(NC(=O)CCCN(C)C)cn4C)ccc3o2)cn1C,1b(DMABA) + 12b + 9a,
COC(=O)c1cc2c3c(ccc2[nH]1)N(C(=O)c1cc2cc(NC(=O)c4cc(NC(=O)CCCN(C)C)cn4C)ccc2o1)CC3,1b(DMABA) + 12b + 10a,
COC(=O)c1cc2cc(NC(=O)c3cc4cc(NC(=O)c5cc(NC(=O)CCCN(C)C)cn5C)ccc4o3)ccc2s1,1b(DMABA) + 12b + 11a,
COC(=O)c1cc2cc(NC(=O)c3cc4cc(NC(=O)c5cc(NC(=O)CCCN(C)C)cn5C)ccc4o3)ccc2o1,1b(DMABA) + 12b + 12a,
CCOC(=O)c1cc2cc(NC(=O)c3cc4cc(NC(=O)c5cc(NC(=O)CCCN(C)C)cn5C)ccc4o3)ccc2[nH]1,1b(DMABA) + 12b + 13a,
COC(=O)c1nc2ccc(NC(=O)c3cc4cc(NC(=O)c5cc(NC(=O)CCCN(C)C)cn5C)ccc4o3)cc2o1,1b(DMABA) + 12b + 14a,
COC(=O)c1nc2cc(NC(=O)c3cc4cc(NC(=O)c5cc(NC(=O)CCCN(C)C)cn5C)ccc4o3)ccc2[nH]1,1b(DMABA) + 12b + 15a,
COC(=O)c1cc(NC(=O)c2cc3cc(NC(=O)c4cc(NC(=O)CCCN(C)C)cn4C)ccc3[nH]2)cn1C,1b(DMABA) + 13b + 1a,
COC(=O)c1ccc(NC(=O)c2cc3cc(NC(=O)c4cc(NC(=O)CCCN(C)C)cn4C)ccc3[nH]2)cc1,1b(DMABA) + 13b + 5a,
COC(=O)c1cccc(NC(=O)c2cc3cc(NC(=O)c4cc(NC(=O)CCCN(C)C)cn4C)ccc3[nH]2)c1,1b(DMABA) + 13b + 6a,
CCOC(=O)c1csc(NC(=O)c2cc3cc(NC(=O)c4cc(NC(=O)CCCN(C)C)cn4C)ccc3[nH]2)n1,1b(DMABA) + 13b + 7a,
COC(=O)c1cc(NC(=O)c2cc3cc(NC(=O)c4cc(NC(=O)CCCN(C)C)cn4C)ccc3[nH]2)cs1,1b(DMABA) + 13b + 8a,
CCOC(=O)c1nc(NC(=O)c2cc3cc(NC(=O)c4cc(NC(=O)CCCN(C)C)cn4C)ccc3[nH]2)cn1C,1b(DMABA) + 13b + 9a,
COC(=O)c1cc2c3c(ccc2[nH]1)N(C(=O)c1cc2cc(NC(=O)c4cc(NC(=O)CCCN(C)C)cn4C)ccc2[nH]1)CC3,1b(DMABA) + 13b + 10a,
COC(=O)c1cc2cc(NC(=O)c3cc4cc(NC(=O)c5cc(NC(=O)CCCN(C)C)cn5C)ccc4[nH]3)ccc2s1,1b(DMABA) + 13b + 11a,
COC(=O)c1cc2cc(NC(=O)c3cc4cc(NC(=O)c5cc(NC(=O)CCCN(C)C)cn5C)ccc4[nH]3)ccc2o1,1b(DMABA) + 13b + 12a,
CCOC(=O)c1cc2cc(NC(=O)c3cc4cc(NC(=O)c5cc(NC(=O)CCCN(C)C)cn5C)ccc4[nH]3)ccc2[nH]1,1b(DMABA) + 13b + 13a,
COC(=O)c1nc2ccc(NC(=O)c3cc4cc(NC(=O)c5cc(NC(=O)CCCN(C)C)cn5C)ccc4[nH]3)cc2o1,1b(DMABA) + 13b + 14a,
COC(=O)c1nc2cc(NC(=O)c3cc4cc(NC(=O)c5cc(NC(=O)CCCN(C)C)cn5C)ccc4[nH]3)ccc2[nH]1,1b(DMABA) + 13b + 15a,
COC(=O)c1cc(NC(=O)c2nc3ccc(NC(=O)c4cc(NC(=O)CCCN(C)C)cn4C)cc3o2)cn1C,1b(DMABA) + 14b + 1a,
COC(=O)c1ccc(NC(=O)c2nc3ccc(NC(=O)c4cc(NC(=O)CCCN(C)C)cn4C)cc3o2)cc1,1b(DMABA) + 14b + 5a,
COC(=O)c1cccc(NC(=O)c2nc3ccc(NC(=O)c4cc(NC(=O)CCCN(C)C)cn4C)cc3o2)c1,1b(DMABA) + 14b + 6a,
CCOC(=O)c1csc(NC(=O)c2nc3ccc(NC(=O)c4cc(NC(=O)CCCN(C)C)cn4C)cc3o2)n1,1b(DMABA) + 14b + 7a,
COC(=O)c1cc(NC(=O)c2nc3ccc(NC(=O)c4cc(NC(=O)CCCN(C)C)cn4C)cc3o2)cs1,1b(DMABA) + 14b + 8a,
CCOC(=O)c1nc(NC(=O)c2nc3ccc(NC(=O)c4cc(NC(=O)CCCN(C)C)cn4C)cc3o2)cn1C,1b(DMABA) + 14b + 9a,
COC(=O)c1cc2c3c(ccc2[nH]1)N(C(=O)c1nc2ccc(NC(=O)c4cc(NC(=O)CCCN(C)C)cn4C)cc2o1)CC3,1b(DMABA) + 14b + 10a,
COC(=O)c1cc2cc(NC(=O)c3nc4ccc(NC(=O)c5cc(NC(=O)CCCN(C)C)cn5C)cc4o3)ccc2s1,1b(DMABA) + 14b + 11a,
COC(=O)c1cc2cc(NC(=O)c3nc4ccc(NC(=O)c5cc(NC(=O)CCCN(C)C)cn5C)cc4o3)ccc2o1,1b(DMABA) + 14b + 12a,
CCOC(=O)c1cc2cc(NC(=O)c3nc4ccc(NC(=O)c5cc(NC(=O)CCCN(C)C)cn5C)cc4o3)ccc2[nH]1,1b(DMABA) + 14b + 13a,
COC(=O)c1nc2ccc(NC(=O)c3nc4ccc(NC(=O)c5cc(NC(=O)CCCN(C)C)cn5C)cc4o3)cc2o1,1b(DMABA) + 14b + 14a,
COC(=O)c1nc2cc(NC(=O)c3nc4ccc(NC(=O)c5cc(NC(=O)CCCN(C)C)cn5C)cc4o3)ccc2[nH]1,1b(DMABA) + 14b + 15a,
COC(=O)c1cc(NC(=O)c2cc(NC(=O)c3ccc(NC(=O)OC(C)(C)C)cc3)cn2C)cn1C,5b(BOC) + 1b + 1a,
COC(=O)c1ccc(NC(=O)c2cc(NC(=O)c3ccc(NC(=O)OC(C)(C)C)cc3)cn2C)cc1,5b(BOC) + 1b + 5a,
COC(=O)c1cccc(NC(=O)c2cc(NC(=O)c3ccc(NC(=O)OC(C)(C)C)cc3)cn2C)c1,5b(BOC) + 1b + 6a,
CCOC(=O)c1csc(NC(=O)c2cc(NC(=O)c3ccc(NC(=O)OC(C)(C)C)cc3)cn2C)n1,5b(BOC) + 1b + 7a,
COC(=O)c1cc(NC(=O)c2cc(NC(=O)c3ccc(NC(=O)OC(C)(C)C)cc3)cn2C)cs1,5b(BOC) + 1b + 8a,
CCOC(=O)c1nc(NC(=O)c2cc(NC(=O)c3ccc(NC(=O)OC(C)(C)C)cc3)cn2C)cn1C,5b(BOC) + 1b + 9a,
COC(=O)c1cc2c3c(ccc2[nH]1)N(C(=O)c1cc(NC(=O)c2ccc(NC(=O)OC(C)(C)C)cc2)cn1C)CC3,5b(BOC) + 1b + 10a,
COC(=O)c1cc2cc(NC(=O)c3cc(NC(=O)c4ccc(NC(=O)OC(C)(C)C)cc4)cn3C)ccc2s1,5b(BOC) + 1b + 11a,
COC(=O)c1cc2cc(NC(=O)c3cc(NC(=O)c4ccc(NC(=O)OC(C)(C)C)cc4)cn3C)ccc2o1,5b(BOC) + 1b + 12a,
CCOC(=O)c1cc2cc(NC(=O)c3cc(NC(=O)c4ccc(NC(=O)OC(C)(C)C)cc4)cn3C)ccc2[nH]1,5b(BOC) + 1b + 13a,
COC(=O)c1nc2ccc(NC(=O)c3cc(NC(=O)c4ccc(NC(=O)OC(C)(C)C)cc4)cn3C)cc2o1,5b(BOC) + 1b + 14a,
COC(=O)c1nc2cc(NC(=O)c3cc(NC(=O)c4ccc(NC(=O)OC(C)(C)C)cc4)cn3C)ccc2[nH]1,5b(BOC) + 1b + 15a,
COC(=O)c1cc(NC(=O)c2ccc(NC(=O)c3ccc(NC(=O)OC(C)(C)C)cc3)cc2)cn1C,5b(BOC) + 5b + 1a,
COC(=O)c1ccc(NC(=O)c2ccc(NC(=O)c3ccc(NC(=O)OC(C)(C)C)cc3)cc2)cc1,5b(BOC) + 5b + 5a,
COC(=O)c1cccc(NC(=O)c2ccc(NC(=O)c3ccc(NC(=O)OC(C)(C)C)cc3)cc2)c1,5b(BOC) + 5b + 6a,
CCOC(=O)c1csc(NC(=O)c2ccc(NC(=O)c3ccc(NC(=O)OC(C)(C)C)cc3)cc2)n1,5b(BOC) + 5b + 7a,
COC(=O)c1cc(NC(=O)c2ccc(NC(=O)c3ccc(NC(=O)OC(C)(C)C)cc3)cc2)cs1,5b(BOC) + 5b + 8a,
CCOC(=O)c1nc(NC(=O)c2ccc(NC(=O)c3ccc(NC(=O)OC(C)(C)C)cc3)cc2)cn1C,5b(BOC) + 5b + 9a,
COC(=O)c1cc2c3c(ccc2[nH]1)N(C(=O)c1ccc(NC(=O)c2ccc(NC(=O)OC(C)(C)C)cc2)cc1)CC3,5b(BOC) + 5b + 10a,
COC(=O)c1cc2cc(NC(=O)c3ccc(NC(=O)c4ccc(NC(=O)OC(C)(C)C)cc4)cc3)ccc2s1,5b(BOC) + 5b + 11a,
COC(=O)c1cc2cc(NC(=O)c3ccc(NC(=O)c4ccc(NC(=O)OC(C)(C)C)cc4)cc3)ccc2o1,5b(BOC) + 5b + 12a,
CCOC(=O)c1cc2cc(NC(=O)c3ccc(NC(=O)c4ccc(NC(=O)OC(C)(C)C)cc4)cc3)ccc2[nH]1,5b(BOC) + 5b + 13a,
COC(=O)c1nc2ccc(NC(=O)c3ccc(NC(=O)c4ccc(NC(=O)OC(C)(C)C)cc4)cc3)cc2o1,5b(BOC) + 5b + 14a,
COC(=O)c1nc2cc(NC(=O)c3ccc(NC(=O)c4ccc(NC(=O)OC(C)(C)C)cc4)cc3)ccc2[nH]1,5b(BOC) + 5b + 15a,
COC(=O)c1cc(NC(=O)c2cccc(NC(=O)c3ccc(NC(=O)OC(C)(C)C)cc3)c2)cn1C,5b(BOC) + 6b + 1a,
COC(=O)c1ccc(NC(=O)c2cccc(NC(=O)c3ccc(NC(=O)OC(C)(C)C)cc3)c2)cc1,5b(BOC) + 6b + 5a,
COC(=O)c1cccc(NC(=O)c2cccc(NC(=O)c3ccc(NC(=O)OC(C)(C)C)cc3)c2)c1,5b(BOC) + 6b + 6a,
CCOC(=O)c1csc(NC(=O)c2cccc(NC(=O)c3ccc(NC(=O)OC(C)(C)C)cc3)c2)n1,5b(BOC) + 6b + 7a,
COC(=O)c1cc(NC(=O)c2cccc(NC(=O)c3ccc(NC(=O)OC(C)(C)C)cc3)c2)cs1,5b(BOC) + 6b + 8a,
CCOC(=O)c1nc(NC(=O)c2cccc(NC(=O)c3ccc(NC(=O)OC(C)(C)C)cc3)c2)cn1C,5b(BOC) + 6b + 9a,
COC(=O)c1cc2c3c(ccc2[nH]1)N(C(=O)c1cccc(NC(=O)c2ccc(NC(=O)OC(C)(C)C)cc2)c1)CC3,5b(BOC) + 6b + 10a,
COC(=O)c1cc2cc(NC(=O)c3cccc(NC(=O)c4ccc(NC(=O)OC(C)(C)C)cc4)c3)ccc2s1,5b(BOC) + 6b + 11a,
COC(=O)c1cc2cc(NC(=O)c3cccc(NC(=O)c4ccc(NC(=O)OC(C)(C)C)cc4)c3)ccc2o1,5b(BOC) + 6b + 12a,
CCOC(=O)c1cc2cc(NC(=O)c3cccc(NC(=O)c4ccc(NC(=O)OC(C)(C)C)cc4)c3)ccc2[nH]1,5b(BOC) + 6b + 13a,
COC(=O)c1nc2ccc(NC(=O)c3cccc(NC(=O)c4ccc(NC(=O)OC(C)(C)C)cc4)c3)cc2o1,5b(BOC) + 6b + 14a,
COC(=O)c1nc2cc(NC(=O)c3cccc(NC(=O)c4ccc(NC(=O)OC(C)(C)C)cc4)c3)ccc2[nH]1,5b(BOC) + 6b + 15a,
COC(=O)c1cc(NC(=O)c2csc(NC(=O)c3ccc(NC(=O)OC(C)(C)C)cc3)n2)cn1C,5b(BOC) + 7b + 1a,
COC(=O)c1ccc(NC(=O)c2csc(NC(=O)c3ccc(NC(=O)OC(C)(C)C)cc3)n2)cc1,5b(BOC) + 7b + 5a,
COC(=O)c1cccc(NC(=O)c2csc(NC(=O)c3ccc(NC(=O)OC(C)(C)C)cc3)n2)c1,5b(BOC) + 7b + 6a,
CCOC(=O)c1csc(NC(=O)c2csc(NC(=O)c3ccc(NC(=O)OC(C)(C)C)cc3)n2)n1,5b(BOC) + 7b + 7a,
COC(=O)c1cc(NC(=O)c2csc(NC(=O)c3ccc(NC(=O)OC(C)(C)C)cc3)n2)cs1,5b(BOC) + 7b + 8a,
CCOC(=O)c1nc(NC(=O)c2csc(NC(=O)c3ccc(NC(=O)OC(C)(C)C)cc3)n2)cn1C,5b(BOC) + 7b + 9a,
COC(=O)c1cc2c3c(ccc2[nH]1)N(C(=O)c1csc(NC(=O)c2ccc(NC(=O)OC(C)(C)C)cc2)n1)CC3,5b(BOC) + 7b + 10a,
COC(=O)c1cc2cc(NC(=O)c3csc(NC(=O)c4ccc(NC(=O)OC(C)(C)C)cc4)n3)ccc2s1,5b(BOC) + 7b + 11a,
COC(=O)c1cc2cc(NC(=O)c3csc(NC(=O)c4ccc(NC(=O)OC(C)(C)C)cc4)n3)ccc2o1,5b(BOC) + 7b + 12a,
CCOC(=O)c1cc2cc(NC(=O)c3csc(NC(=O)c4ccc(NC(=O)OC(C)(C)C)cc4)n3)ccc2[nH]1,5b(BOC) + 7b + 13a,
COC(=O)c1nc2ccc(NC(=O)c3csc(NC(=O)c4ccc(NC(=O)OC(C)(C)C)cc4)n3)cc2o1,5b(BOC) + 7b + 14a,
COC(=O)c1nc2cc(NC(=O)c3csc(NC(=O)c4ccc(NC(=O)OC(C)(C)C)cc4)n3)ccc2[nH]1,5b(BOC) + 7b + 15a,
COC(=O)c1cc(NC(=O)c2cc(NC(=O)c3ccc(NC(=O)OC(C)(C)C)cc3)cs2)cn1C,5b(BOC) + 8b + 1a,
COC(=O)c1ccc(NC(=O)c2cc(NC(=O)c3ccc(NC(=O)OC(C)(C)C)cc3)cs2)cc1,5b(BOC) + 8b + 5a,
COC(=O)c1cccc(NC(=O)c2cc(NC(=O)c3ccc(NC(=O)OC(C)(C)C)cc3)cs2)c1,5b(BOC) + 8b + 6a,
CCOC(=O)c1csc(NC(=O)c2cc(NC(=O)c3ccc(NC(=O)OC(C)(C)C)cc3)cs2)n1,5b(BOC) + 8b + 7a,
COC(=O)c1cc(NC(=O)c2cc(NC(=O)c3ccc(NC(=O)OC(C)(C)C)cc3)cs2)cs1,5b(BOC) + 8b + 8a,
CCOC(=O)c1nc(NC(=O)c2cc(NC(=O)c3ccc(NC(=O)OC(C)(C)C)cc3)cs2)cn1C,5b(BOC) + 8b + 9a,
COC(=O)c1cc2c3c(ccc2[nH]1)N(C(=O)c1cc(NC(=O)c2ccc(NC(=O)OC(C)(C)C)cc2)cs1)CC3,5b(BOC) + 8b + 10a,
COC(=O)c1cc2cc(NC(=O)c3cc(NC(=O)c4ccc(NC(=O)OC(C)(C)C)cc4)cs3)ccc2s1,5b(BOC) + 8b + 11a,
COC(=O)c1cc2cc(NC(=O)c3cc(NC(=O)c4ccc(NC(=O)OC(C)(C)C)cc4)cs3)ccc2o1,5b(BOC) + 8b + 12a,
CCOC(=O)c1cc2cc(NC(=O)c3cc(NC(=O)c4ccc(NC(=O)OC(C)(C)C)cc4)cs3)ccc2[nH]1,5b(BOC) + 8b + 13a,
COC(=O)c1nc2ccc(NC(=O)c3cc(NC(=O)c4ccc(NC(=O)OC(C)(C)C)cc4)cs3)cc2o1,5b(BOC) + 8b + 14a,
COC(=O)c1nc2cc(NC(=O)c3cc(NC(=O)c4ccc(NC(=O)OC(C)(C)C)cc4)cs3)ccc2[nH]1,5b(BOC) + 8b + 15a,
COC(=O)c1cc(NC(=O)c2nc(NC(=O)c3ccc(NC(=O)OC(C)(C)C)cc3)cn2C)cn1C,5b(BOC) + 9b + 1a,
COC(=O)c1ccc(NC(=O)c2nc(NC(=O)c3ccc(NC(=O)OC(C)(C)C)cc3)cn2C)cc1,5b(BOC) + 9b + 5a,
COC(=O)c1cccc(NC(=O)c2nc(NC(=O)c3ccc(NC(=O)OC(C)(C)C)cc3)cn2C)c1,5b(BOC) + 9b + 6a,
CCOC(=O)c1csc(NC(=O)c2nc(NC(=O)c3ccc(NC(=O)OC(C)(C)C)cc3)cn2C)n1,5b(BOC) + 9b + 7a,
COC(=O)c1cc(NC(=O)c2nc(NC(=O)c3ccc(NC(=O)OC(C)(C)C)cc3)cn2C)cs1,5b(BOC) + 9b + 8a,
CCOC(=O)c1nc(NC(=O)c2nc(NC(=O)c3ccc(NC(=O)OC(C)(C)C)cc3)cn2C)cn1C,5b(BOC) + 9b + 9a,
COC(=O)c1cc2c3c(ccc2[nH]1)N(C(=O)c1nc(NC(=O)c2ccc(NC(=O)OC(C)(C)C)cc2)cn1C)CC3,5b(BOC) + 9b + 10a,
COC(=O)c1cc2cc(NC(=O)c3nc(NC(=O)c4ccc(NC(=O)OC(C)(C)C)cc4)cn3C)ccc2s1,5b(BOC) + 9b + 11a,
COC(=O)c1cc2cc(NC(=O)c3nc(NC(=O)c4ccc(NC(=O)OC(C)(C)C)cc4)cn3C)ccc2o1,5b(BOC) + 9b + 12a,
CCOC(=O)c1cc2cc(NC(=O)c3nc(NC(=O)c4ccc(NC(=O)OC(C)(C)C)cc4)cn3C)ccc2[nH]1,5b(BOC) + 9b + 13a,
COC(=O)c1nc2ccc(NC(=O)c3nc(NC(=O)c4ccc(NC(=O)OC(C)(C)C)cc4)cn3C)cc2o1,5b(BOC) + 9b + 14a,
COC(=O)c1nc2cc(NC(=O)c3nc(NC(=O)c4ccc(NC(=O)OC(C)(C)C)cc4)cn3C)ccc2[nH]1,5b(BOC) + 9b + 15a,
COC(=O)c1cc(NC(=O)c2cc3c4c(ccc3[nH]2)N(C(=O)c2ccc(NC(=O)OC(C)(C)C)cc2)CC4)cn1C,5b(BOC) + 10b + 1a,
COC(=O)c1ccc(NC(=O)c2cc3c4c(ccc3[nH]2)N(C(=O)c2ccc(NC(=O)OC(C)(C)C)cc2)CC4)cc1,5b(BOC) + 10b + 5a,
COC(=O)c1cccc(NC(=O)c2cc3c4c(ccc3[nH]2)N(C(=O)c2ccc(NC(=O)OC(C)(C)C)cc2)CC4)c1,5b(BOC) + 10b + 6a,
CCOC(=O)c1csc(NC(=O)c2cc3c4c(ccc3[nH]2)N(C(=O)c2ccc(NC(=O)OC(C)(C)C)cc2)CC4)n1,5b(BOC) + 10b + 7a,
COC(=O)c1cc(NC(=O)c2cc3c4c(ccc3[nH]2)N(C(=O)c2ccc(NC(=O)OC(C)(C)C)cc2)CC4)cs1,5b(BOC) + 10b + 8a,
CCOC(=O)c1nc(NC(=O)c2cc3c4c(ccc3[nH]2)N(C(=O)c2ccc(NC(=O)OC(C)(C)C)cc2)CC4)cn1C,5b(BOC) + 10b + 9a,
COC(=O)c1cc2c3c(ccc2[nH]1)N(C(=O)c1cc2c4c(ccc2[nH]1)N(C(=O)c1ccc(NC(=O)OC(C)(C)C)cc1)CC4)CC3,5b(BOC) + 10b + 10a,
COC(=O)c1cc2cc(NC(=O)c3cc4c5c(ccc4[nH]3)N(C(=O)c3ccc(NC(=O)OC(C)(C)C)cc3)CC5)ccc2s1,5b(BOC) + 10b + 11a,
COC(=O)c1cc2cc(NC(=O)c3cc4c5c(ccc4[nH]3)N(C(=O)c3ccc(NC(=O)OC(C)(C)C)cc3)CC5)ccc2o1,5b(BOC) + 10b + 12a,
CCOC(=O)c1cc2cc(NC(=O)c3cc4c5c(ccc4[nH]3)N(C(=O)c3ccc(NC(=O)OC(C)(C)C)cc3)CC5)ccc2[nH]1,5b(BOC) + 10b + 13a,
COC(=O)c1nc2ccc(NC(=O)c3cc4c5c(ccc4[nH]3)N(C(=O)c3ccc(NC(=O)OC(C)(C)C)cc3)CC5)cc2o1,5b(BOC) + 10b + 14a,
COC(=O)c1nc2cc(NC(=O)c3cc4c5c(ccc4[nH]3)N(C(=O)c3ccc(NC(=O)OC(C)(C)C)cc3)CC5)ccc2[nH]1,5b(BOC) + 10b + 15a,
COC(=O)c1cc(NC(=O)c2cc3cc(NC(=O)c4ccc(NC(=O)OC(C)(C)C)cc4)ccc3s2)cn1C,5b(BOC) + 11b + 1a,
COC(=O)c1ccc(NC(=O)c2cc3cc(NC(=O)c4ccc(NC(=O)OC(C)(C)C)cc4)ccc3s2)cc1,5b(BOC) + 11b + 5a,
COC(=O)c1cccc(NC(=O)c2cc3cc(NC(=O)c4ccc(NC(=O)OC(C)(C)C)cc4)ccc3s2)c1,5b(BOC) + 11b + 6a,
CCOC(=O)c1csc(NC(=O)c2cc3cc(NC(=O)c4ccc(NC(=O)OC(C)(C)C)cc4)ccc3s2)n1,5b(BOC) + 11b + 7a,
COC(=O)c1cc(NC(=O)c2cc3cc(NC(=O)c4ccc(NC(=O)OC(C)(C)C)cc4)ccc3s2)cs1,5b(BOC) + 11b + 8a,
CCOC(=O)c1nc(NC(=O)c2cc3cc(NC(=O)c4ccc(NC(=O)OC(C)(C)C)cc4)ccc3s2)cn1C,5b(BOC) + 11b + 9a,
COC(=O)c1cc2c3c(ccc2[nH]1)N(C(=O)c1cc2cc(NC(=O)c4ccc(NC(=O)OC(C)(C)C)cc4)ccc2s1)CC3,5b(BOC) + 11b + 10a,
COC(=O)c1cc2cc(NC(=O)c3cc4cc(NC(=O)c5ccc(NC(=O)OC(C)(C)C)cc5)ccc4s3)ccc2s1,5b(BOC) + 11b + 11a,
COC(=O)c1cc2cc(NC(=O)c3cc4cc(NC(=O)c5ccc(NC(=O)OC(C)(C)C)cc5)ccc4s3)ccc2o1,5b(BOC) + 11b + 12a,
CCOC(=O)c1cc2cc(NC(=O)c3cc4cc(NC(=O)c5ccc(NC(=O)OC(C)(C)C)cc5)ccc4s3)ccc2[nH]1,5b(BOC) + 11b + 13a,
COC(=O)c1nc2ccc(NC(=O)c3cc4cc(NC(=O)c5ccc(NC(=O)OC(C)(C)C)cc5)ccc4s3)cc2o1,5b(BOC) + 11b + 14a,
COC(=O)c1nc2cc(NC(=O)c3cc4cc(NC(=O)c5ccc(NC(=O)OC(C)(C)C)cc5)ccc4s3)ccc2[nH]1,5b(BOC) + 11b + 15a,
COC(=O)c1cc(NC(=O)c2cc3cc(NC(=O)c4ccc(NC(=O)OC(C)(C)C)cc4)ccc3o2)cn1C,5b(BOC) + 12b + 1a,
COC(=O)c1ccc(NC(=O)c2cc3cc(NC(=O)c4ccc(NC(=O)OC(C)(C)C)cc4)ccc3o2)cc1,5b(BOC) + 12b + 5a,
COC(=O)c1cccc(NC(=O)c2cc3cc(NC(=O)c4ccc(NC(=O)OC(C)(C)C)cc4)ccc3o2)c1,5b(BOC) + 12b + 6a,
CCOC(=O)c1csc(NC(=O)c2cc3cc(NC(=O)c4ccc(NC(=O)OC(C)(C)C)cc4)ccc3o2)n1,5b(BOC) + 12b + 7a,
COC(=O)c1cc(NC(=O)c2cc3cc(NC(=O)c4ccc(NC(=O)OC(C)(C)C)cc4)ccc3o2)cs1,5b(BOC) + 12b + 8a,
CCOC(=O)c1nc(NC(=O)c2cc3cc(NC(=O)c4ccc(NC(=O)OC(C)(C)C)cc4)ccc3o2)cn1C,5b(BOC) + 12b + 9a,
COC(=O)c1cc2c3c(ccc2[nH]1)N(C(=O)c1cc2cc(NC(=O)c4ccc(NC(=O)OC(C)(C)C)cc4)ccc2o1)CC3,5b(BOC) + 12b + 10a,
COC(=O)c1cc2cc(NC(=O)c3cc4cc(NC(=O)c5ccc(NC(=O)OC(C)(C)C)cc5)ccc4o3)ccc2s1,5b(BOC) + 12b + 11a,
COC(=O)c1cc2cc(NC(=O)c3cc4cc(NC(=O)c5ccc(NC(=O)OC(C)(C)C)cc5)ccc4o3)ccc2o1,5b(BOC) + 12b + 12a,
CCOC(=O)c1cc2cc(NC(=O)c3cc4cc(NC(=O)c5ccc(NC(=O)OC(C)(C)C)cc5)ccc4o3)ccc2[nH]1,5b(BOC) + 12b + 13a,
COC(=O)c1nc2ccc(NC(=O)c3cc4cc(NC(=O)c5ccc(NC(=O)OC(C)(C)C)cc5)ccc4o3)cc2o1,5b(BOC) + 12b + 14a,
COC(=O)c1nc2cc(NC(=O)c3cc4cc(NC(=O)c5ccc(NC(=O)OC(C)(C)C)cc5)ccc4o3)ccc2[nH]1,5b(BOC) + 12b + 15a,
COC(=O)c1cc(NC(=O)c2cc3cc(NC(=O)c4ccc(NC(=O)OC(C)(C)C)cc4)ccc3[nH]2)cn1C,5b(BOC) + 13b + 1a,
COC(=O)c1ccc(NC(=O)c2cc3cc(NC(=O)c4ccc(NC(=O)OC(C)(C)C)cc4)ccc3[nH]2)cc1,5b(BOC) + 13b + 5a,
COC(=O)c1cccc(NC(=O)c2cc3cc(NC(=O)c4ccc(NC(=O)OC(C)(C)C)cc4)ccc3[nH]2)c1,5b(BOC) + 13b + 6a,
CCOC(=O)c1csc(NC(=O)c2cc3cc(NC(=O)c4ccc(NC(=O)OC(C)(C)C)cc4)ccc3[nH]2)n1,5b(BOC) + 13b + 7a,
COC(=O)c1cc(NC(=O)c2cc3cc(NC(=O)c4ccc(NC(=O)OC(C)(C)C)cc4)ccc3[nH]2)cs1,5b(BOC) + 13b + 8a,
CCOC(=O)c1nc(NC(=O)c2cc3cc(NC(=O)c4ccc(NC(=O)OC(C)(C)C)cc4)ccc3[nH]2)cn1C,5b(BOC) + 13b + 9a,
COC(=O)c1cc2c3c(ccc2[nH]1)N(C(=O)c1cc2cc(NC(=O)c4ccc(NC(=O)OC(C)(C)C)cc4)ccc2[nH]1)CC3,5b(BOC) + 13b + 10a,
COC(=O)c1cc2cc(NC(=O)c3cc4cc(NC(=O)c5ccc(NC(=O)OC(C)(C)C)cc5)ccc4[nH]3)ccc2s1,5b(BOC) + 13b + 11a,
COC(=O)c1cc2cc(NC(=O)c3cc4cc(NC(=O)c5ccc(NC(=O)OC(C)(C)C)cc5)ccc4[nH]3)ccc2o1,5b(BOC) + 13b + 12a,
CCOC(=O)c1cc2cc(NC(=O)c3cc4cc(NC(=O)c5ccc(NC(=O)OC(C)(C)C)cc5)ccc4[nH]3)ccc2[nH]1,5b(BOC) + 13b + 13a,
COC(=O)c1nc2ccc(NC(=O)c3cc4cc(NC(=O)c5ccc(NC(=O)OC(C)(C)C)cc5)ccc4[nH]3)cc2o1,5b(BOC) + 13b + 14a,
COC(=O)c1nc2cc(NC(=O)c3cc4cc(NC(=O)c5ccc(NC(=O)OC(C)(C)C)cc5)ccc4[nH]3)ccc2[nH]1,5b(BOC) + 13b + 15a,
COC(=O)c1cc(NC(=O)c2nc3ccc(NC(=O)c4ccc(NC(=O)OC(C)(C)C)cc4)cc3o2)cn1C,5b(BOC) + 14b + 1a,
COC(=O)c1ccc(NC(=O)c2nc3ccc(NC(=O)c4ccc(NC(=O)OC(C)(C)C)cc4)cc3o2)cc1,5b(BOC) + 14b + 5a,
COC(=O)c1cccc(NC(=O)c2nc3ccc(NC(=O)c4ccc(NC(=O)OC(C)(C)C)cc4)cc3o2)c1,5b(BOC) + 14b + 6a,
CCOC(=O)c1csc(NC(=O)c2nc3ccc(NC(=O)c4ccc(NC(=O)OC(C)(C)C)cc4)cc3o2)n1,5b(BOC) + 14b + 7a,
COC(=O)c1cc(NC(=O)c2nc3ccc(NC(=O)c4ccc(NC(=O)OC(C)(C)C)cc4)cc3o2)cs1,5b(BOC) + 14b + 8a,
CCOC(=O)c1nc(NC(=O)c2nc3ccc(NC(=O)c4ccc(NC(=O)OC(C)(C)C)cc4)cc3o2)cn1C,5b(BOC) + 14b + 9a,
COC(=O)c1cc2c3c(ccc2[nH]1)N(C(=O)c1nc2ccc(NC(=O)c4ccc(NC(=O)OC(C)(C)C)cc4)cc2o1)CC3,5b(BOC) + 14b + 10a,
COC(=O)c1cc2cc(NC(=O)c3nc4ccc(NC(=O)c5ccc(NC(=O)OC(C)(C)C)cc5)cc4o3)ccc2s1,5b(BOC) + 14b + 11a,
COC(=O)c1cc2cc(NC(=O)c3nc4ccc(NC(=O)c5ccc(NC(=O)OC(C)(C)C)cc5)cc4o3)ccc2o1,5b(BOC) + 14b + 12a,
CCOC(=O)c1cc2cc(NC(=O)c3nc4ccc(NC(=O)c5ccc(NC(=O)OC(C)(C)C)cc5)cc4o3)ccc2[nH]1,5b(BOC) + 14b + 13a,
COC(=O)c1nc2ccc(NC(=O)c3nc4ccc(NC(=O)c5ccc(NC(=O)OC(C)(C)C)cc5)cc4o3)cc2o1,5b(BOC) + 14b + 14a,
COC(=O)c1nc2cc(NC(=O)c3nc4ccc(NC(=O)c5ccc(NC(=O)OC(C)(C)C)cc5)cc4o3)ccc2[nH]1,5b(BOC) + 14b + 15a,
COC(=O)c1cc(NC(=O)c2cc(NC(=O)c3ccc(NC(=O)CCCN(C)C)cc3)cn2C)cn1C,5b(DMABA) + 1b + 1a,
COC(=O)c1ccc(NC(=O)c2cc(NC(=O)c3ccc(NC(=O)CCCN(C)C)cc3)cn2C)cc1,5b(DMABA) + 1b + 5a,
COC(=O)c1cccc(NC(=O)c2cc(NC(=O)c3ccc(NC(=O)CCCN(C)C)cc3)cn2C)c1,5b(DMABA) + 1b + 6a,
CCOC(=O)c1csc(NC(=O)c2cc(NC(=O)c3ccc(NC(=O)CCCN(C)C)cc3)cn2C)n1,5b(DMABA) + 1b + 7a,
COC(=O)c1cc(NC(=O)c2cc(NC(=O)c3ccc(NC(=O)CCCN(C)C)cc3)cn2C)cs1,5b(DMABA) + 1b + 8a,
CCOC(=O)c1nc(NC(=O)c2cc(NC(=O)c3ccc(NC(=O)CCCN(C)C)cc3)cn2C)cn1C,5b(DMABA) + 1b + 9a,
COC(=O)c1cc2c3c(ccc2[nH]1)N(C(=O)c1cc(NC(=O)c2ccc(NC(=O)CCCN(C)C)cc2)cn1C)CC3,5b(DMABA) + 1b + 10a,
COC(=O)c1cc2cc(NC(=O)c3cc(NC(=O)c4ccc(NC(=O)CCCN(C)C)cc4)cn3C)ccc2s1,5b(DMABA) + 1b + 11a,
COC(=O)c1cc2cc(NC(=O)c3cc(NC(=O)c4ccc(NC(=O)CCCN(C)C)cc4)cn3C)ccc2o1,5b(DMABA) + 1b + 12a,
CCOC(=O)c1cc2cc(NC(=O)c3cc(NC(=O)c4ccc(NC(=O)CCCN(C)C)cc4)cn3C)ccc2[nH]1,5b(DMABA) + 1b + 13a,
COC(=O)c1nc2ccc(NC(=O)c3cc(NC(=O)c4ccc(NC(=O)CCCN(C)C)cc4)cn3C)cc2o1,5b(DMABA) + 1b + 14a,
COC(=O)c1nc2cc(NC(=O)c3cc(NC(=O)c4ccc(NC(=O)CCCN(C)C)cc4)cn3C)ccc2[nH]1,5b(DMABA) + 1b + 15a,
COC(=O)c1cc(NC(=O)c2ccc(NC(=O)c3ccc(NC(=O)CCCN(C)C)cc3)cc2)cn1C,5b(DMABA) + 5b + 1a,
COC(=O)c1ccc(NC(=O)c2ccc(NC(=O)c3ccc(NC(=O)CCCN(C)C)cc3)cc2)cc1,5b(DMABA) + 5b + 5a,
COC(=O)c1cccc(NC(=O)c2ccc(NC(=O)c3ccc(NC(=O)CCCN(C)C)cc3)cc2)c1,5b(DMABA) + 5b + 6a,
CCOC(=O)c1csc(NC(=O)c2ccc(NC(=O)c3ccc(NC(=O)CCCN(C)C)cc3)cc2)n1,5b(DMABA) + 5b + 7a,
COC(=O)c1cc(NC(=O)c2ccc(NC(=O)c3ccc(NC(=O)CCCN(C)C)cc3)cc2)cs1,5b(DMABA) + 5b + 8a,
CCOC(=O)c1nc(NC(=O)c2ccc(NC(=O)c3ccc(NC(=O)CCCN(C)C)cc3)cc2)cn1C,5b(DMABA) + 5b + 9a,
COC(=O)c1cc2c3c(ccc2[nH]1)N(C(=O)c1ccc(NC(=O)c2ccc(NC(=O)CCCN(C)C)cc2)cc1)CC3,5b(DMABA) + 5b + 10a,
COC(=O)c1cc2cc(NC(=O)c3ccc(NC(=O)c4ccc(NC(=O)CCCN(C)C)cc4)cc3)ccc2s1,5b(DMABA) + 5b + 11a,
COC(=O)c1cc2cc(NC(=O)c3ccc(NC(=O)c4ccc(NC(=O)CCCN(C)C)cc4)cc3)ccc2o1,5b(DMABA) + 5b + 12a,
CCOC(=O)c1cc2cc(NC(=O)c3ccc(NC(=O)c4ccc(NC(=O)CCCN(C)C)cc4)cc3)ccc2[nH]1,5b(DMABA) + 5b + 13a,
COC(=O)c1nc2ccc(NC(=O)c3ccc(NC(=O)c4ccc(NC(=O)CCCN(C)C)cc4)cc3)cc2o1,5b(DMABA) + 5b + 14a,
COC(=O)c1nc2cc(NC(=O)c3ccc(NC(=O)c4ccc(NC(=O)CCCN(C)C)cc4)cc3)ccc2[nH]1,5b(DMABA) + 5b + 15a,
COC(=O)c1cc(NC(=O)c2cccc(NC(=O)c3ccc(NC(=O)CCCN(C)C)cc3)c2)cn1C,5b(DMABA) + 6b + 1a,
COC(=O)c1ccc(NC(=O)c2cccc(NC(=O)c3ccc(NC(=O)CCCN(C)C)cc3)c2)cc1,5b(DMABA) + 6b + 5a,
COC(=O)c1cccc(NC(=O)c2cccc(NC(=O)c3ccc(NC(=O)CCCN(C)C)cc3)c2)c1,5b(DMABA) + 6b + 6a,
CCOC(=O)c1csc(NC(=O)c2cccc(NC(=O)c3ccc(NC(=O)CCCN(C)C)cc3)c2)n1,5b(DMABA) + 6b + 7a,
COC(=O)c1cc(NC(=O)c2cccc(NC(=O)c3ccc(NC(=O)CCCN(C)C)cc3)c2)cs1,5b(DMABA) + 6b + 8a,
CCOC(=O)c1nc(NC(=O)c2cccc(NC(=O)c3ccc(NC(=O)CCCN(C)C)cc3)c2)cn1C,5b(DMABA) + 6b + 9a,
COC(=O)c1cc2c3c(ccc2[nH]1)N(C(=O)c1cccc(NC(=O)c2ccc(NC(=O)CCCN(C)C)cc2)c1)CC3,5b(DMABA) + 6b + 10a,
COC(=O)c1cc2cc(NC(=O)c3cccc(NC(=O)c4ccc(NC(=O)CCCN(C)C)cc4)c3)ccc2s1,5b(DMABA) + 6b + 11a,
COC(=O)c1cc2cc(NC(=O)c3cccc(NC(=O)c4ccc(NC(=O)CCCN(C)C)cc4)c3)ccc2o1,5b(DMABA) + 6b + 12a,
CCOC(=O)c1cc2cc(NC(=O)c3cccc(NC(=O)c4ccc(NC(=O)CCCN(C)C)cc4)c3)ccc2[nH]1,5b(DMABA) + 6b + 13a,
COC(=O)c1nc2ccc(NC(=O)c3cccc(NC(=O)c4ccc(NC(=O)CCCN(C)C)cc4)c3)cc2o1,5b(DMABA) + 6b + 14a,
COC(=O)c1nc2cc(NC(=O)c3cccc(NC(=O)c4ccc(NC(=O)CCCN(C)C)cc4)c3)ccc2[nH]1,5b(DMABA) + 6b + 15a,
COC(=O)c1cc(NC(=O)c2csc(NC(=O)c3ccc(NC(=O)CCCN(C)C)cc3)n2)cn1C,5b(DMABA) + 7b + 1a,
COC(=O)c1ccc(NC(=O)c2csc(NC(=O)c3ccc(NC(=O)CCCN(C)C)cc3)n2)cc1,5b(DMABA) + 7b + 5a,
COC(=O)c1cccc(NC(=O)c2csc(NC(=O)c3ccc(NC(=O)CCCN(C)C)cc3)n2)c1,5b(DMABA) + 7b + 6a,
CCOC(=O)c1csc(NC(=O)c2csc(NC(=O)c3ccc(NC(=O)CCCN(C)C)cc3)n2)n1,5b(DMABA) + 7b + 7a,
COC(=O)c1cc(NC(=O)c2csc(NC(=O)c3ccc(NC(=O)CCCN(C)C)cc3)n2)cs1,5b(DMABA) + 7b + 8a,
CCOC(=O)c1nc(NC(=O)c2csc(NC(=O)c3ccc(NC(=O)CCCN(C)C)cc3)n2)cn1C,5b(DMABA) + 7b + 9a,
COC(=O)c1cc2c3c(ccc2[nH]1)N(C(=O)c1csc(NC(=O)c2ccc(NC(=O)CCCN(C)C)cc2)n1)CC3,5b(DMABA) + 7b + 10a,
COC(=O)c1cc2cc(NC(=O)c3csc(NC(=O)c4ccc(NC(=O)CCCN(C)C)cc4)n3)ccc2s1,5b(DMABA) + 7b + 11a,
COC(=O)c1cc2cc(NC(=O)c3csc(NC(=O)c4ccc(NC(=O)CCCN(C)C)cc4)n3)ccc2o1,5b(DMABA) + 7b + 12a,
CCOC(=O)c1cc2cc(NC(=O)c3csc(NC(=O)c4ccc(NC(=O)CCCN(C)C)cc4)n3)ccc2[nH]1,5b(DMABA) + 7b + 13a,
COC(=O)c1nc2ccc(NC(=O)c3csc(NC(=O)c4ccc(NC(=O)CCCN(C)C)cc4)n3)cc2o1,5b(DMABA) + 7b + 14a,
COC(=O)c1nc2cc(NC(=O)c3csc(NC(=O)c4ccc(NC(=O)CCCN(C)C)cc4)n3)ccc2[nH]1,5b(DMABA) + 7b + 15a,
COC(=O)c1cc(NC(=O)c2cc(NC(=O)c3ccc(NC(=O)CCCN(C)C)cc3)cs2)cn1C,5b(DMABA) + 8b + 1a,
COC(=O)c1ccc(NC(=O)c2cc(NC(=O)c3ccc(NC(=O)CCCN(C)C)cc3)cs2)cc1,5b(DMABA) + 8b + 5a,
COC(=O)c1cccc(NC(=O)c2cc(NC(=O)c3ccc(NC(=O)CCCN(C)C)cc3)cs2)c1,5b(DMABA) + 8b + 6a,
CCOC(=O)c1csc(NC(=O)c2cc(NC(=O)c3ccc(NC(=O)CCCN(C)C)cc3)cs2)n1,5b(DMABA) + 8b + 7a,
COC(=O)c1cc(NC(=O)c2cc(NC(=O)c3ccc(NC(=O)CCCN(C)C)cc3)cs2)cs1,5b(DMABA) + 8b + 8a,
CCOC(=O)c1nc(NC(=O)c2cc(NC(=O)c3ccc(NC(=O)CCCN(C)C)cc3)cs2)cn1C,5b(DMABA) + 8b + 9a,
COC(=O)c1cc2c3c(ccc2[nH]1)N(C(=O)c1cc(NC(=O)c2ccc(NC(=O)CCCN(C)C)cc2)cs1)CC3,5b(DMABA) + 8b + 10a,
COC(=O)c1cc2cc(NC(=O)c3cc(NC(=O)c4ccc(NC(=O)CCCN(C)C)cc4)cs3)ccc2s1,5b(DMABA) + 8b + 11a,
COC(=O)c1cc2cc(NC(=O)c3cc(NC(=O)c4ccc(NC(=O)CCCN(C)C)cc4)cs3)ccc2o1,5b(DMABA) + 8b + 12a,
CCOC(=O)c1cc2cc(NC(=O)c3cc(NC(=O)c4ccc(NC(=O)CCCN(C)C)cc4)cs3)ccc2[nH]1,5b(DMABA) + 8b + 13a,
COC(=O)c1nc2ccc(NC(=O)c3cc(NC(=O)c4ccc(NC(=O)CCCN(C)C)cc4)cs3)cc2o1,5b(DMABA) + 8b + 14a,
COC(=O)c1nc2cc(NC(=O)c3cc(NC(=O)c4ccc(NC(=O)CCCN(C)C)cc4)cs3)ccc2[nH]1,5b(DMABA) + 8b + 15a,
COC(=O)c1cc(NC(=O)c2nc(NC(=O)c3ccc(NC(=O)CCCN(C)C)cc3)cn2C)cn1C,5b(DMABA) + 9b + 1a,
COC(=O)c1ccc(NC(=O)c2nc(NC(=O)c3ccc(NC(=O)CCCN(C)C)cc3)cn2C)cc1,5b(DMABA) + 9b + 5a,
COC(=O)c1cccc(NC(=O)c2nc(NC(=O)c3ccc(NC(=O)CCCN(C)C)cc3)cn2C)c1,5b(DMABA) + 9b + 6a,
CCOC(=O)c1csc(NC(=O)c2nc(NC(=O)c3ccc(NC(=O)CCCN(C)C)cc3)cn2C)n1,5b(DMABA) + 9b + 7a,
COC(=O)c1cc(NC(=O)c2nc(NC(=O)c3ccc(NC(=O)CCCN(C)C)cc3)cn2C)cs1,5b(DMABA) + 9b + 8a,
CCOC(=O)c1nc(NC(=O)c2nc(NC(=O)c3ccc(NC(=O)CCCN(C)C)cc3)cn2C)cn1C,5b(DMABA) + 9b + 9a,
COC(=O)c1cc2c3c(ccc2[nH]1)N(C(=O)c1nc(NC(=O)c2ccc(NC(=O)CCCN(C)C)cc2)cn1C)CC3,5b(DMABA) + 9b + 10a,
COC(=O)c1cc2cc(NC(=O)c3nc(NC(=O)c4ccc(NC(=O)CCCN(C)C)cc4)cn3C)ccc2s1,5b(DMABA) + 9b + 11a,
COC(=O)c1cc2cc(NC(=O)c3nc(NC(=O)c4ccc(NC(=O)CCCN(C)C)cc4)cn3C)ccc2o1,5b(DMABA) + 9b + 12a,
CCOC(=O)c1cc2cc(NC(=O)c3nc(NC(=O)c4ccc(NC(=O)CCCN(C)C)cc4)cn3C)ccc2[nH]1,5b(DMABA) + 9b + 13a,
COC(=O)c1nc2ccc(NC(=O)c3nc(NC(=O)c4ccc(NC(=O)CCCN(C)C)cc4)cn3C)cc2o1,5b(DMABA) + 9b + 14a,
COC(=O)c1nc2cc(NC(=O)c3nc(NC(=O)c4ccc(NC(=O)CCCN(C)C)cc4)cn3C)ccc2[nH]1,5b(DMABA) + 9b + 15a,
COC(=O)c1cc(NC(=O)c2cc3c4c(ccc3[nH]2)N(C(=O)c2ccc(NC(=O)CCCN(C)C)cc2)CC4)cn1C,5b(DMABA) + 10b + 1a,
COC(=O)c1ccc(NC(=O)c2cc3c4c(ccc3[nH]2)N(C(=O)c2ccc(NC(=O)CCCN(C)C)cc2)CC4)cc1,5b(DMABA) + 10b + 5a,
COC(=O)c1cccc(NC(=O)c2cc3c4c(ccc3[nH]2)N(C(=O)c2ccc(NC(=O)CCCN(C)C)cc2)CC4)c1,5b(DMABA) + 10b + 6a,
CCOC(=O)c1csc(NC(=O)c2cc3c4c(ccc3[nH]2)N(C(=O)c2ccc(NC(=O)CCCN(C)C)cc2)CC4)n1,5b(DMABA) + 10b + 7a,
COC(=O)c1cc(NC(=O)c2cc3c4c(ccc3[nH]2)N(C(=O)c2ccc(NC(=O)CCCN(C)C)cc2)CC4)cs1,5b(DMABA) + 10b + 8a,
CCOC(=O)c1nc(NC(=O)c2cc3c4c(ccc3[nH]2)N(C(=O)c2ccc(NC(=O)CCCN(C)C)cc2)CC4)cn1C,5b(DMABA) + 10b + 9a,
COC(=O)c1cc2c3c(ccc2[nH]1)N(C(=O)c1cc2c4c(ccc2[nH]1)N(C(=O)c1ccc(NC(=O)CCCN(C)C)cc1)CC4)CC3,5b(DMABA) + 10b + 10a,
COC(=O)c1cc2cc(NC(=O)c3cc4c5c(ccc4[nH]3)N(C(=O)c3ccc(NC(=O)CCCN(C)C)cc3)CC5)ccc2s1,5b(DMABA) + 10b + 11a,
COC(=O)c1cc2cc(NC(=O)c3cc4c5c(ccc4[nH]3)N(C(=O)c3ccc(NC(=O)CCCN(C)C)cc3)CC5)ccc2o1,5b(DMABA) + 10b + 12a,
CCOC(=O)c1cc2cc(NC(=O)c3cc4c5c(ccc4[nH]3)N(C(=O)c3ccc(NC(=O)CCCN(C)C)cc3)CC5)ccc2[nH]1,5b(DMABA) + 10b + 13a,
COC(=O)c1nc2ccc(NC(=O)c3cc4c5c(ccc4[nH]3)N(C(=O)c3ccc(NC(=O)CCCN(C)C)cc3)CC5)cc2o1,5b(DMABA) + 10b + 14a,
COC(=O)c1nc2cc(NC(=O)c3cc4c5c(ccc4[nH]3)N(C(=O)c3ccc(NC(=O)CCCN(C)C)cc3)CC5)ccc2[nH]1,5b(DMABA) + 10b + 15a,
COC(=O)c1cc(NC(=O)c2cc3cc(NC(=O)c4ccc(NC(=O)CCCN(C)C)cc4)ccc3s2)cn1C,5b(DMABA) + 11b + 1a,
COC(=O)c1ccc(NC(=O)c2cc3cc(NC(=O)c4ccc(NC(=O)CCCN(C)C)cc4)ccc3s2)cc1,5b(DMABA) + 11b + 5a,
COC(=O)c1cccc(NC(=O)c2cc3cc(NC(=O)c4ccc(NC(=O)CCCN(C)C)cc4)ccc3s2)c1,5b(DMABA) + 11b + 6a,
CCOC(=O)c1csc(NC(=O)c2cc3cc(NC(=O)c4ccc(NC(=O)CCCN(C)C)cc4)ccc3s2)n1,5b(DMABA) + 11b + 7a,
COC(=O)c1cc(NC(=O)c2cc3cc(NC(=O)c4ccc(NC(=O)CCCN(C)C)cc4)ccc3s2)cs1,5b(DMABA) + 11b + 8a,
CCOC(=O)c1nc(NC(=O)c2cc3cc(NC(=O)c4ccc(NC(=O)CCCN(C)C)cc4)ccc3s2)cn1C,5b(DMABA) + 11b + 9a,
COC(=O)c1cc2c3c(ccc2[nH]1)N(C(=O)c1cc2cc(NC(=O)c4ccc(NC(=O)CCCN(C)C)cc4)ccc2s1)CC3,5b(DMABA) + 11b + 10a,
COC(=O)c1cc2cc(NC(=O)c3cc4cc(NC(=O)c5ccc(NC(=O)CCCN(C)C)cc5)ccc4s3)ccc2s1,5b(DMABA) + 11b + 11a,
COC(=O)c1cc2cc(NC(=O)c3cc4cc(NC(=O)c5ccc(NC(=O)CCCN(C)C)cc5)ccc4s3)ccc2o1,5b(DMABA) + 11b + 12a,
CCOC(=O)c1cc2cc(NC(=O)c3cc4cc(NC(=O)c5ccc(NC(=O)CCCN(C)C)cc5)ccc4s3)ccc2[nH]1,5b(DMABA) + 11b + 13a,
COC(=O)c1nc2ccc(NC(=O)c3cc4cc(NC(=O)c5ccc(NC(=O)CCCN(C)C)cc5)ccc4s3)cc2o1,5b(DMABA) + 11b + 14a,
COC(=O)c1nc2cc(NC(=O)c3cc4cc(NC(=O)c5ccc(NC(=O)CCCN(C)C)cc5)ccc4s3)ccc2[nH]1,5b(DMABA) + 11b + 15a,
COC(=O)c1cc(NC(=O)c2cc3cc(NC(=O)c4ccc(NC(=O)CCCN(C)C)cc4)ccc3o2)cn1C,5b(DMABA) + 12b + 1a,
COC(=O)c1ccc(NC(=O)c2cc3cc(NC(=O)c4ccc(NC(=O)CCCN(C)C)cc4)ccc3o2)cc1,5b(DMABA) + 12b + 5a,
COC(=O)c1cccc(NC(=O)c2cc3cc(NC(=O)c4ccc(NC(=O)CCCN(C)C)cc4)ccc3o2)c1,5b(DMABA) + 12b + 6a,
CCOC(=O)c1csc(NC(=O)c2cc3cc(NC(=O)c4ccc(NC(=O)CCCN(C)C)cc4)ccc3o2)n1,5b(DMABA) + 12b + 7a,
COC(=O)c1cc(NC(=O)c2cc3cc(NC(=O)c4ccc(NC(=O)CCCN(C)C)cc4)ccc3o2)cs1,5b(DMABA) + 12b + 8a,
CCOC(=O)c1nc(NC(=O)c2cc3cc(NC(=O)c4ccc(NC(=O)CCCN(C)C)cc4)ccc3o2)cn1C,5b(DMABA) + 12b + 9a,
COC(=O)c1cc2c3c(ccc2[nH]1)N(C(=O)c1cc2cc(NC(=O)c4ccc(NC(=O)CCCN(C)C)cc4)ccc2o1)CC3,5b(DMABA) + 12b + 10a,
COC(=O)c1cc2cc(NC(=O)c3cc4cc(NC(=O)c5ccc(NC(=O)CCCN(C)C)cc5)ccc4o3)ccc2s1,5b(DMABA) + 12b + 11a,
COC(=O)c1cc2cc(NC(=O)c3cc4cc(NC(=O)c5ccc(NC(=O)CCCN(C)C)cc5)ccc4o3)ccc2o1,5b(DMABA) + 12b + 12a,
CCOC(=O)c1cc2cc(NC(=O)c3cc4cc(NC(=O)c5ccc(NC(=O)CCCN(C)C)cc5)ccc4o3)ccc2[nH]1,5b(DMABA) + 12b + 13a,
COC(=O)c1nc2ccc(NC(=O)c3cc4cc(NC(=O)c5ccc(NC(=O)CCCN(C)C)cc5)ccc4o3)cc2o1,5b(DMABA) + 12b + 14a,
COC(=O)c1nc2cc(NC(=O)c3cc4cc(NC(=O)c5ccc(NC(=O)CCCN(C)C)cc5)ccc4o3)ccc2[nH]1,5b(DMABA) + 12b + 15a,
COC(=O)c1cc(NC(=O)c2cc3cc(NC(=O)c4ccc(NC(=O)CCCN(C)C)cc4)ccc3[nH]2)cn1C,5b(DMABA) + 13b + 1a,
COC(=O)c1ccc(NC(=O)c2cc3cc(NC(=O)c4ccc(NC(=O)CCCN(C)C)cc4)ccc3[nH]2)cc1,5b(DMABA) + 13b + 5a,
COC(=O)c1cccc(NC(=O)c2cc3cc(NC(=O)c4ccc(NC(=O)CCCN(C)C)cc4)ccc3[nH]2)c1,5b(DMABA) + 13b + 6a,
CCOC(=O)c1csc(NC(=O)c2cc3cc(NC(=O)c4ccc(NC(=O)CCCN(C)C)cc4)ccc3[nH]2)n1,5b(DMABA) + 13b + 7a,
COC(=O)c1cc(NC(=O)c2cc3cc(NC(=O)c4ccc(NC(=O)CCCN(C)C)cc4)ccc3[nH]2)cs1,5b(DMABA) + 13b + 8a,
CCOC(=O)c1nc(NC(=O)c2cc3cc(NC(=O)c4ccc(NC(=O)CCCN(C)C)cc4)ccc3[nH]2)cn1C,5b(DMABA) + 13b + 9a,
COC(=O)c1cc2c3c(ccc2[nH]1)N(C(=O)c1cc2cc(NC(=O)c4ccc(NC(=O)CCCN(C)C)cc4)ccc2[nH]1)CC3,5b(DMABA) + 13b + 10a,
COC(=O)c1cc2cc(NC(=O)c3cc4cc(NC(=O)c5ccc(NC(=O)CCCN(C)C)cc5)ccc4[nH]3)ccc2s1,5b(DMABA) + 13b + 11a,
COC(=O)c1cc2cc(NC(=O)c3cc4cc(NC(=O)c5ccc(NC(=O)CCCN(C)C)cc5)ccc4[nH]3)ccc2o1,5b(DMABA) + 13b + 12a,
CCOC(=O)c1cc2cc(NC(=O)c3cc4cc(NC(=O)c5ccc(NC(=O)CCCN(C)C)cc5)ccc4[nH]3)ccc2[nH]1,5b(DMABA) + 13b + 13a,
COC(=O)c1nc2ccc(NC(=O)c3cc4cc(NC(=O)c5ccc(NC(=O)CCCN(C)C)cc5)ccc4[nH]3)cc2o1,5b(DMABA) + 13b + 14a,
COC(=O)c1nc2cc(NC(=O)c3cc4cc(NC(=O)c5ccc(NC(=O)CCCN(C)C)cc5)ccc4[nH]3)ccc2[nH]1,5b(DMABA) + 13b + 15a,
COC(=O)c1cc(NC(=O)c2nc3ccc(NC(=O)c4ccc(NC(=O)CCCN(C)C)cc4)cc3o2)cn1C,5b(DMABA) + 14b + 1a,
COC(=O)c1ccc(NC(=O)c2nc3ccc(NC(=O)c4ccc(NC(=O)CCCN(C)C)cc4)cc3o2)cc1,5b(DMABA) + 14b + 5a,
COC(=O)c1cccc(NC(=O)c2nc3ccc(NC(=O)c4ccc(NC(=O)CCCN(C)C)cc4)cc3o2)c1,5b(DMABA) + 14b + 6a,
CCOC(=O)c1csc(NC(=O)c2nc3ccc(NC(=O)c4ccc(NC(=O)CCCN(C)C)cc4)cc3o2)n1,5b(DMABA) + 14b + 7a,
COC(=O)c1cc(NC(=O)c2nc3ccc(NC(=O)c4ccc(NC(=O)CCCN(C)C)cc4)cc3o2)cs1,5b(DMABA) + 14b + 8a,
CCOC(=O)c1nc(NC(=O)c2nc3ccc(NC(=O)c4ccc(NC(=O)CCCN(C)C)cc4)cc3o2)cn1C,5b(DMABA) + 14b + 9a,
COC(=O)c1cc2c3c(ccc2[nH]1)N(C(=O)c1nc2ccc(NC(=O)c4ccc(NC(=O)CCCN(C)C)cc4)cc2o1)CC3,5b(DMABA) + 14b + 10a,
COC(=O)c1cc2cc(NC(=O)c3nc4ccc(NC(=O)c5ccc(NC(=O)CCCN(C)C)cc5)cc4o3)ccc2s1,5b(DMABA) + 14b + 11a,
COC(=O)c1cc2cc(NC(=O)c3nc4ccc(NC(=O)c5ccc(NC(=O)CCCN(C)C)cc5)cc4o3)ccc2o1,5b(DMABA) + 14b + 12a,
CCOC(=O)c1cc2cc(NC(=O)c3nc4ccc(NC(=O)c5ccc(NC(=O)CCCN(C)C)cc5)cc4o3)ccc2[nH]1,5b(DMABA) + 14b + 13a,
COC(=O)c1nc2ccc(NC(=O)c3nc4ccc(NC(=O)c5ccc(NC(=O)CCCN(C)C)cc5)cc4o3)cc2o1,5b(DMABA) + 14b + 14a,
COC(=O)c1nc2cc(NC(=O)c3nc4ccc(NC(=O)c5ccc(NC(=O)CCCN(C)C)cc5)cc4o3)ccc2[nH]1,5b(DMABA) + 14b + 15a,
COC(=O)c1cc(NC(=O)c2cc(NC(=O)c3cccc(NC(=O)OC(C)(C)C)c3)cn2C)cn1C,6b(BOC) + 1b + 1a,
COC(=O)c1ccc(NC(=O)c2cc(NC(=O)c3cccc(NC(=O)OC(C)(C)C)c3)cn2C)cc1,6b(BOC) + 1b + 5a,
COC(=O)c1cccc(NC(=O)c2cc(NC(=O)c3cccc(NC(=O)OC(C)(C)C)c3)cn2C)c1,6b(BOC) + 1b + 6a,
CCOC(=O)c1csc(NC(=O)c2cc(NC(=O)c3cccc(NC(=O)OC(C)(C)C)c3)cn2C)n1,6b(BOC) + 1b + 7a,
COC(=O)c1cc(NC(=O)c2cc(NC(=O)c3cccc(NC(=O)OC(C)(C)C)c3)cn2C)cs1,6b(BOC) + 1b + 8a,
CCOC(=O)c1nc(NC(=O)c2cc(NC(=O)c3cccc(NC(=O)OC(C)(C)C)c3)cn2C)cn1C,6b(BOC) + 1b + 9a,
COC(=O)c1cc2c3c(ccc2[nH]1)N(C(=O)c1cc(NC(=O)c2cccc(NC(=O)OC(C)(C)C)c2)cn1C)CC3,6b(BOC) + 1b + 10a,
COC(=O)c1cc2cc(NC(=O)c3cc(NC(=O)c4cccc(NC(=O)OC(C)(C)C)c4)cn3C)ccc2s1,6b(BOC) + 1b + 11a,
COC(=O)c1cc2cc(NC(=O)c3cc(NC(=O)c4cccc(NC(=O)OC(C)(C)C)c4)cn3C)ccc2o1,6b(BOC) + 1b + 12a,
CCOC(=O)c1cc2cc(NC(=O)c3cc(NC(=O)c4cccc(NC(=O)OC(C)(C)C)c4)cn3C)ccc2[nH]1,6b(BOC) + 1b + 13a,
COC(=O)c1nc2ccc(NC(=O)c3cc(NC(=O)c4cccc(NC(=O)OC(C)(C)C)c4)cn3C)cc2o1,6b(BOC) + 1b + 14a,
COC(=O)c1nc2cc(NC(=O)c3cc(NC(=O)c4cccc(NC(=O)OC(C)(C)C)c4)cn3C)ccc2[nH]1,6b(BOC) + 1b + 15a,
COC(=O)c1cc(NC(=O)c2ccc(NC(=O)c3cccc(NC(=O)OC(C)(C)C)c3)cc2)cn1C,6b(BOC) + 5b + 1a,
COC(=O)c1ccc(NC(=O)c2ccc(NC(=O)c3cccc(NC(=O)OC(C)(C)C)c3)cc2)cc1,6b(BOC) + 5b + 5a,
COC(=O)c1cccc(NC(=O)c2ccc(NC(=O)c3cccc(NC(=O)OC(C)(C)C)c3)cc2)c1,6b(BOC) + 5b + 6a,
CCOC(=O)c1csc(NC(=O)c2ccc(NC(=O)c3cccc(NC(=O)OC(C)(C)C)c3)cc2)n1,6b(BOC) + 5b + 7a,
COC(=O)c1cc(NC(=O)c2ccc(NC(=O)c3cccc(NC(=O)OC(C)(C)C)c3)cc2)cs1,6b(BOC) + 5b + 8a,
CCOC(=O)c1nc(NC(=O)c2ccc(NC(=O)c3cccc(NC(=O)OC(C)(C)C)c3)cc2)cn1C,6b(BOC) + 5b + 9a,
COC(=O)c1cc2c3c(ccc2[nH]1)N(C(=O)c1ccc(NC(=O)c2cccc(NC(=O)OC(C)(C)C)c2)cc1)CC3,6b(BOC) + 5b + 10a,
COC(=O)c1cc2cc(NC(=O)c3ccc(NC(=O)c4cccc(NC(=O)OC(C)(C)C)c4)cc3)ccc2s1,6b(BOC) + 5b + 11a,
COC(=O)c1cc2cc(NC(=O)c3ccc(NC(=O)c4cccc(NC(=O)OC(C)(C)C)c4)cc3)ccc2o1,6b(BOC) + 5b + 12a,
CCOC(=O)c1cc2cc(NC(=O)c3ccc(NC(=O)c4cccc(NC(=O)OC(C)(C)C)c4)cc3)ccc2[nH]1,6b(BOC) + 5b + 13a,
COC(=O)c1nc2ccc(NC(=O)c3ccc(NC(=O)c4cccc(NC(=O)OC(C)(C)C)c4)cc3)cc2o1,6b(BOC) + 5b + 14a,
COC(=O)c1nc2cc(NC(=O)c3ccc(NC(=O)c4cccc(NC(=O)OC(C)(C)C)c4)cc3)ccc2[nH]1,6b(BOC) + 5b + 15a,
COC(=O)c1cc(NC(=O)c2cccc(NC(=O)c3cccc(NC(=O)OC(C)(C)C)c3)c2)cn1C,6b(BOC) + 6b + 1a,
COC(=O)c1ccc(NC(=O)c2cccc(NC(=O)c3cccc(NC(=O)OC(C)(C)C)c3)c2)cc1,6b(BOC) + 6b + 5a,
COC(=O)c1cccc(NC(=O)c2cccc(NC(=O)c3cccc(NC(=O)OC(C)(C)C)c3)c2)c1,6b(BOC) + 6b + 6a,
CCOC(=O)c1csc(NC(=O)c2cccc(NC(=O)c3cccc(NC(=O)OC(C)(C)C)c3)c2)n1,6b(BOC) + 6b + 7a,
COC(=O)c1cc(NC(=O)c2cccc(NC(=O)c3cccc(NC(=O)OC(C)(C)C)c3)c2)cs1,6b(BOC) + 6b + 8a,
CCOC(=O)c1nc(NC(=O)c2cccc(NC(=O)c3cccc(NC(=O)OC(C)(C)C)c3)c2)cn1C,6b(BOC) + 6b + 9a,
COC(=O)c1cc2c3c(ccc2[nH]1)N(C(=O)c1cccc(NC(=O)c2cccc(NC(=O)OC(C)(C)C)c2)c1)CC3,6b(BOC) + 6b + 10a,
COC(=O)c1cc2cc(NC(=O)c3cccc(NC(=O)c4cccc(NC(=O)OC(C)(C)C)c4)c3)ccc2s1,6b(BOC) + 6b + 11a,
COC(=O)c1cc2cc(NC(=O)c3cccc(NC(=O)c4cccc(NC(=O)OC(C)(C)C)c4)c3)ccc2o1,6b(BOC) + 6b + 12a,
CCOC(=O)c1cc2cc(NC(=O)c3cccc(NC(=O)c4cccc(NC(=O)OC(C)(C)C)c4)c3)ccc2[nH]1,6b(BOC) + 6b + 13a,
COC(=O)c1nc2ccc(NC(=O)c3cccc(NC(=O)c4cccc(NC(=O)OC(C)(C)C)c4)c3)cc2o1,6b(BOC) + 6b + 14a,
COC(=O)c1nc2cc(NC(=O)c3cccc(NC(=O)c4cccc(NC(=O)OC(C)(C)C)c4)c3)ccc2[nH]1,6b(BOC) + 6b + 15a,
COC(=O)c1cc(NC(=O)c2csc(NC(=O)c3cccc(NC(=O)OC(C)(C)C)c3)n2)cn1C,6b(BOC) + 7b + 1a,
COC(=O)c1ccc(NC(=O)c2csc(NC(=O)c3cccc(NC(=O)OC(C)(C)C)c3)n2)cc1,6b(BOC) + 7b + 5a,
COC(=O)c1cccc(NC(=O)c2csc(NC(=O)c3cccc(NC(=O)OC(C)(C)C)c3)n2)c1,6b(BOC) + 7b + 6a,
CCOC(=O)c1csc(NC(=O)c2csc(NC(=O)c3cccc(NC(=O)OC(C)(C)C)c3)n2)n1,6b(BOC) + 7b + 7a,
COC(=O)c1cc(NC(=O)c2csc(NC(=O)c3cccc(NC(=O)OC(C)(C)C)c3)n2)cs1,6b(BOC) + 7b + 8a,
CCOC(=O)c1nc(NC(=O)c2csc(NC(=O)c3cccc(NC(=O)OC(C)(C)C)c3)n2)cn1C,6b(BOC) + 7b + 9a,
COC(=O)c1cc2c3c(ccc2[nH]1)N(C(=O)c1csc(NC(=O)c2cccc(NC(=O)OC(C)(C)C)c2)n1)CC3,6b(BOC) + 7b + 10a,
COC(=O)c1cc2cc(NC(=O)c3csc(NC(=O)c4cccc(NC(=O)OC(C)(C)C)c4)n3)ccc2s1,6b(BOC) + 7b + 11a,
COC(=O)c1cc2cc(NC(=O)c3csc(NC(=O)c4cccc(NC(=O)OC(C)(C)C)c4)n3)ccc2o1,6b(BOC) + 7b + 12a,
CCOC(=O)c1cc2cc(NC(=O)c3csc(NC(=O)c4cccc(NC(=O)OC(C)(C)C)c4)n3)ccc2[nH]1,6b(BOC) + 7b + 13a,
COC(=O)c1nc2ccc(NC(=O)c3csc(NC(=O)c4cccc(NC(=O)OC(C)(C)C)c4)n3)cc2o1,6b(BOC) + 7b + 14a,
COC(=O)c1nc2cc(NC(=O)c3csc(NC(=O)c4cccc(NC(=O)OC(C)(C)C)c4)n3)ccc2[nH]1,6b(BOC) + 7b + 15a,
COC(=O)c1cc(NC(=O)c2cc(NC(=O)c3cccc(NC(=O)OC(C)(C)C)c3)cs2)cn1C,6b(BOC) + 8b + 1a,
COC(=O)c1ccc(NC(=O)c2cc(NC(=O)c3cccc(NC(=O)OC(C)(C)C)c3)cs2)cc1,6b(BOC) + 8b + 5a,
COC(=O)c1cccc(NC(=O)c2cc(NC(=O)c3cccc(NC(=O)OC(C)(C)C)c3)cs2)c1,6b(BOC) + 8b + 6a,
CCOC(=O)c1csc(NC(=O)c2cc(NC(=O)c3cccc(NC(=O)OC(C)(C)C)c3)cs2)n1,6b(BOC) + 8b + 7a,
COC(=O)c1cc(NC(=O)c2cc(NC(=O)c3cccc(NC(=O)OC(C)(C)C)c3)cs2)cs1,6b(BOC) + 8b + 8a,
CCOC(=O)c1nc(NC(=O)c2cc(NC(=O)c3cccc(NC(=O)OC(C)(C)C)c3)cs2)cn1C,6b(BOC) + 8b + 9a,
COC(=O)c1cc2c3c(ccc2[nH]1)N(C(=O)c1cc(NC(=O)c2cccc(NC(=O)OC(C)(C)C)c2)cs1)CC3,6b(BOC) + 8b + 10a,
COC(=O)c1cc2cc(NC(=O)c3cc(NC(=O)c4cccc(NC(=O)OC(C)(C)C)c4)cs3)ccc2s1,6b(BOC) + 8b + 11a,
COC(=O)c1cc2cc(NC(=O)c3cc(NC(=O)c4cccc(NC(=O)OC(C)(C)C)c4)cs3)ccc2o1,6b(BOC) + 8b + 12a,
CCOC(=O)c1cc2cc(NC(=O)c3cc(NC(=O)c4cccc(NC(=O)OC(C)(C)C)c4)cs3)ccc2[nH]1,6b(BOC) + 8b + 13a,
COC(=O)c1nc2ccc(NC(=O)c3cc(NC(=O)c4cccc(NC(=O)OC(C)(C)C)c4)cs3)cc2o1,6b(BOC) + 8b + 14a,
COC(=O)c1nc2cc(NC(=O)c3cc(NC(=O)c4cccc(NC(=O)OC(C)(C)C)c4)cs3)ccc2[nH]1,6b(BOC) + 8b + 15a,
COC(=O)c1cc(NC(=O)c2nc(NC(=O)c3cccc(NC(=O)OC(C)(C)C)c3)cn2C)cn1C,6b(BOC) + 9b + 1a,
COC(=O)c1ccc(NC(=O)c2nc(NC(=O)c3cccc(NC(=O)OC(C)(C)C)c3)cn2C)cc1,6b(BOC) + 9b + 5a,
COC(=O)c1cccc(NC(=O)c2nc(NC(=O)c3cccc(NC(=O)OC(C)(C)C)c3)cn2C)c1,6b(BOC) + 9b + 6a,
CCOC(=O)c1csc(NC(=O)c2nc(NC(=O)c3cccc(NC(=O)OC(C)(C)C)c3)cn2C)n1,6b(BOC) + 9b + 7a,
COC(=O)c1cc(NC(=O)c2nc(NC(=O)c3cccc(NC(=O)OC(C)(C)C)c3)cn2C)cs1,6b(BOC) + 9b + 8a,
CCOC(=O)c1nc(NC(=O)c2nc(NC(=O)c3cccc(NC(=O)OC(C)(C)C)c3)cn2C)cn1C,6b(BOC) + 9b + 9a,
COC(=O)c1cc2c3c(ccc2[nH]1)N(C(=O)c1nc(NC(=O)c2cccc(NC(=O)OC(C)(C)C)c2)cn1C)CC3,6b(BOC) + 9b + 10a,
COC(=O)c1cc2cc(NC(=O)c3nc(NC(=O)c4cccc(NC(=O)OC(C)(C)C)c4)cn3C)ccc2s1,6b(BOC) + 9b + 11a,
COC(=O)c1cc2cc(NC(=O)c3nc(NC(=O)c4cccc(NC(=O)OC(C)(C)C)c4)cn3C)ccc2o1,6b(BOC) + 9b + 12a,
CCOC(=O)c1cc2cc(NC(=O)c3nc(NC(=O)c4cccc(NC(=O)OC(C)(C)C)c4)cn3C)ccc2[nH]1,6b(BOC) + 9b + 13a,
COC(=O)c1nc2ccc(NC(=O)c3nc(NC(=O)c4cccc(NC(=O)OC(C)(C)C)c4)cn3C)cc2o1,6b(BOC) + 9b + 14a,
COC(=O)c1nc2cc(NC(=O)c3nc(NC(=O)c4cccc(NC(=O)OC(C)(C)C)c4)cn3C)ccc2[nH]1,6b(BOC) + 9b + 15a,
COC(=O)c1cc(NC(=O)c2cc3c4c(ccc3[nH]2)N(C(=O)c2cccc(NC(=O)OC(C)(C)C)c2)CC4)cn1C,6b(BOC) + 10b + 1a,
COC(=O)c1ccc(NC(=O)c2cc3c4c(ccc3[nH]2)N(C(=O)c2cccc(NC(=O)OC(C)(C)C)c2)CC4)cc1,6b(BOC) + 10b + 5a,
COC(=O)c1cccc(NC(=O)c2cc3c4c(ccc3[nH]2)N(C(=O)c2cccc(NC(=O)OC(C)(C)C)c2)CC4)c1,6b(BOC) + 10b + 6a,
CCOC(=O)c1csc(NC(=O)c2cc3c4c(ccc3[nH]2)N(C(=O)c2cccc(NC(=O)OC(C)(C)C)c2)CC4)n1,6b(BOC) + 10b + 7a,
COC(=O)c1cc(NC(=O)c2cc3c4c(ccc3[nH]2)N(C(=O)c2cccc(NC(=O)OC(C)(C)C)c2)CC4)cs1,6b(BOC) + 10b + 8a,
CCOC(=O)c1nc(NC(=O)c2cc3c4c(ccc3[nH]2)N(C(=O)c2cccc(NC(=O)OC(C)(C)C)c2)CC4)cn1C,6b(BOC) + 10b + 9a,
COC(=O)c1cc2c3c(ccc2[nH]1)N(C(=O)c1cc2c4c(ccc2[nH]1)N(C(=O)c1cccc(NC(=O)OC(C)(C)C)c1)CC4)CC3,6b(BOC) + 10b + 10a,
COC(=O)c1cc2cc(NC(=O)c3cc4c5c(ccc4[nH]3)N(C(=O)c3cccc(NC(=O)OC(C)(C)C)c3)CC5)ccc2s1,6b(BOC) + 10b + 11a,
COC(=O)c1cc2cc(NC(=O)c3cc4c5c(ccc4[nH]3)N(C(=O)c3cccc(NC(=O)OC(C)(C)C)c3)CC5)ccc2o1,6b(BOC) + 10b + 12a,
CCOC(=O)c1cc2cc(NC(=O)c3cc4c5c(ccc4[nH]3)N(C(=O)c3cccc(NC(=O)OC(C)(C)C)c3)CC5)ccc2[nH]1,6b(BOC) + 10b + 13a,
COC(=O)c1nc2ccc(NC(=O)c3cc4c5c(ccc4[nH]3)N(C(=O)c3cccc(NC(=O)OC(C)(C)C)c3)CC5)cc2o1,6b(BOC) + 10b + 14a,
COC(=O)c1nc2cc(NC(=O)c3cc4c5c(ccc4[nH]3)N(C(=O)c3cccc(NC(=O)OC(C)(C)C)c3)CC5)ccc2[nH]1,6b(BOC) + 10b + 15a,
COC(=O)c1cc(NC(=O)c2cc3cc(NC(=O)c4cccc(NC(=O)OC(C)(C)C)c4)ccc3s2)cn1C,6b(BOC) + 11b + 1a,
COC(=O)c1ccc(NC(=O)c2cc3cc(NC(=O)c4cccc(NC(=O)OC(C)(C)C)c4)ccc3s2)cc1,6b(BOC) + 11b + 5a,
COC(=O)c1cccc(NC(=O)c2cc3cc(NC(=O)c4cccc(NC(=O)OC(C)(C)C)c4)ccc3s2)c1,6b(BOC) + 11b + 6a,
CCOC(=O)c1csc(NC(=O)c2cc3cc(NC(=O)c4cccc(NC(=O)OC(C)(C)C)c4)ccc3s2)n1,6b(BOC) + 11b + 7a,
COC(=O)c1cc(NC(=O)c2cc3cc(NC(=O)c4cccc(NC(=O)OC(C)(C)C)c4)ccc3s2)cs1,6b(BOC) + 11b + 8a,
CCOC(=O)c1nc(NC(=O)c2cc3cc(NC(=O)c4cccc(NC(=O)OC(C)(C)C)c4)ccc3s2)cn1C,6b(BOC) + 11b + 9a,
COC(=O)c1cc2c3c(ccc2[nH]1)N(C(=O)c1cc2cc(NC(=O)c4cccc(NC(=O)OC(C)(C)C)c4)ccc2s1)CC3,6b(BOC) + 11b + 10a,
COC(=O)c1cc2cc(NC(=O)c3cc4cc(NC(=O)c5cccc(NC(=O)OC(C)(C)C)c5)ccc4s3)ccc2s1,6b(BOC) + 11b + 11a,
COC(=O)c1cc2cc(NC(=O)c3cc4cc(NC(=O)c5cccc(NC(=O)OC(C)(C)C)c5)ccc4s3)ccc2o1,6b(BOC) + 11b + 12a,
CCOC(=O)c1cc2cc(NC(=O)c3cc4cc(NC(=O)c5cccc(NC(=O)OC(C)(C)C)c5)ccc4s3)ccc2[nH]1,6b(BOC) + 11b + 13a,
COC(=O)c1nc2ccc(NC(=O)c3cc4cc(NC(=O)c5cccc(NC(=O)OC(C)(C)C)c5)ccc4s3)cc2o1,6b(BOC) + 11b + 14a,
COC(=O)c1nc2cc(NC(=O)c3cc4cc(NC(=O)c5cccc(NC(=O)OC(C)(C)C)c5)ccc4s3)ccc2[nH]1,6b(BOC) + 11b + 15a,
COC(=O)c1cc(NC(=O)c2cc3cc(NC(=O)c4cccc(NC(=O)OC(C)(C)C)c4)ccc3o2)cn1C,6b(BOC) + 12b + 1a,
COC(=O)c1ccc(NC(=O)c2cc3cc(NC(=O)c4cccc(NC(=O)OC(C)(C)C)c4)ccc3o2)cc1,6b(BOC) + 12b + 5a,
COC(=O)c1cccc(NC(=O)c2cc3cc(NC(=O)c4cccc(NC(=O)OC(C)(C)C)c4)ccc3o2)c1,6b(BOC) + 12b + 6a,
CCOC(=O)c1csc(NC(=O)c2cc3cc(NC(=O)c4cccc(NC(=O)OC(C)(C)C)c4)ccc3o2)n1,6b(BOC) + 12b + 7a,
COC(=O)c1cc(NC(=O)c2cc3cc(NC(=O)c4cccc(NC(=O)OC(C)(C)C)c4)ccc3o2)cs1,6b(BOC) + 12b + 8a,
CCOC(=O)c1nc(NC(=O)c2cc3cc(NC(=O)c4cccc(NC(=O)OC(C)(C)C)c4)ccc3o2)cn1C,6b(BOC) + 12b + 9a,
COC(=O)c1cc2c3c(ccc2[nH]1)N(C(=O)c1cc2cc(NC(=O)c4cccc(NC(=O)OC(C)(C)C)c4)ccc2o1)CC3,6b(BOC) + 12b + 10a,
COC(=O)c1cc2cc(NC(=O)c3cc4cc(NC(=O)c5cccc(NC(=O)OC(C)(C)C)c5)ccc4o3)ccc2s1,6b(BOC) + 12b + 11a,
COC(=O)c1cc2cc(NC(=O)c3cc4cc(NC(=O)c5cccc(NC(=O)OC(C)(C)C)c5)ccc4o3)ccc2o1,6b(BOC) + 12b + 12a,
CCOC(=O)c1cc2cc(NC(=O)c3cc4cc(NC(=O)c5cccc(NC(=O)OC(C)(C)C)c5)ccc4o3)ccc2[nH]1,6b(BOC) + 12b + 13a,
COC(=O)c1nc2ccc(NC(=O)c3cc4cc(NC(=O)c5cccc(NC(=O)OC(C)(C)C)c5)ccc4o3)cc2o1,6b(BOC) + 12b + 14a,
COC(=O)c1nc2cc(NC(=O)c3cc4cc(NC(=O)c5cccc(NC(=O)OC(C)(C)C)c5)ccc4o3)ccc2[nH]1,6b(BOC) + 12b + 15a,
COC(=O)c1cc(NC(=O)c2cc3cc(NC(=O)c4cccc(NC(=O)OC(C)(C)C)c4)ccc3[nH]2)cn1C,6b(BOC) + 13b + 1a,
COC(=O)c1ccc(NC(=O)c2cc3cc(NC(=O)c4cccc(NC(=O)OC(C)(C)C)c4)ccc3[nH]2)cc1,6b(BOC) + 13b + 5a,
COC(=O)c1cccc(NC(=O)c2cc3cc(NC(=O)c4cccc(NC(=O)OC(C)(C)C)c4)ccc3[nH]2)c1,6b(BOC) + 13b + 6a,
CCOC(=O)c1csc(NC(=O)c2cc3cc(NC(=O)c4cccc(NC(=O)OC(C)(C)C)c4)ccc3[nH]2)n1,6b(BOC) + 13b + 7a,
COC(=O)c1cc(NC(=O)c2cc3cc(NC(=O)c4cccc(NC(=O)OC(C)(C)C)c4)ccc3[nH]2)cs1,6b(BOC) + 13b + 8a,
CCOC(=O)c1nc(NC(=O)c2cc3cc(NC(=O)c4cccc(NC(=O)OC(C)(C)C)c4)ccc3[nH]2)cn1C,6b(BOC) + 13b + 9a,
COC(=O)c1cc2c3c(ccc2[nH]1)N(C(=O)c1cc2cc(NC(=O)c4cccc(NC(=O)OC(C)(C)C)c4)ccc2[nH]1)CC3,6b(BOC) + 13b + 10a,
COC(=O)c1cc2cc(NC(=O)c3cc4cc(NC(=O)c5cccc(NC(=O)OC(C)(C)C)c5)ccc4[nH]3)ccc2s1,6b(BOC) + 13b + 11a,
COC(=O)c1cc2cc(NC(=O)c3cc4cc(NC(=O)c5cccc(NC(=O)OC(C)(C)C)c5)ccc4[nH]3)ccc2o1,6b(BOC) + 13b + 12a,
CCOC(=O)c1cc2cc(NC(=O)c3cc4cc(NC(=O)c5cccc(NC(=O)OC(C)(C)C)c5)ccc4[nH]3)ccc2[nH]1,6b(BOC) + 13b + 13a,
COC(=O)c1nc2ccc(NC(=O)c3cc4cc(NC(=O)c5cccc(NC(=O)OC(C)(C)C)c5)ccc4[nH]3)cc2o1,6b(BOC) + 13b + 14a,
COC(=O)c1nc2cc(NC(=O)c3cc4cc(NC(=O)c5cccc(NC(=O)OC(C)(C)C)c5)ccc4[nH]3)ccc2[nH]1,6b(BOC) + 13b + 15a,
COC(=O)c1cc(NC(=O)c2nc3ccc(NC(=O)c4cccc(NC(=O)OC(C)(C)C)c4)cc3o2)cn1C,6b(BOC) + 14b + 1a,
COC(=O)c1ccc(NC(=O)c2nc3ccc(NC(=O)c4cccc(NC(=O)OC(C)(C)C)c4)cc3o2)cc1,6b(BOC) + 14b + 5a,
COC(=O)c1cccc(NC(=O)c2nc3ccc(NC(=O)c4cccc(NC(=O)OC(C)(C)C)c4)cc3o2)c1,6b(BOC) + 14b + 6a,
CCOC(=O)c1csc(NC(=O)c2nc3ccc(NC(=O)c4cccc(NC(=O)OC(C)(C)C)c4)cc3o2)n1,6b(BOC) + 14b + 7a,
COC(=O)c1cc(NC(=O)c2nc3ccc(NC(=O)c4cccc(NC(=O)OC(C)(C)C)c4)cc3o2)cs1,6b(BOC) + 14b + 8a,
CCOC(=O)c1nc(NC(=O)c2nc3ccc(NC(=O)c4cccc(NC(=O)OC(C)(C)C)c4)cc3o2)cn1C,6b(BOC) + 14b + 9a,
COC(=O)c1cc2c3c(ccc2[nH]1)N(C(=O)c1nc2ccc(NC(=O)c4cccc(NC(=O)OC(C)(C)C)c4)cc2o1)CC3,6b(BOC) + 14b + 10a,
COC(=O)c1cc2cc(NC(=O)c3nc4ccc(NC(=O)c5cccc(NC(=O)OC(C)(C)C)c5)cc4o3)ccc2s1,6b(BOC) + 14b + 11a,
COC(=O)c1cc2cc(NC(=O)c3nc4ccc(NC(=O)c5cccc(NC(=O)OC(C)(C)C)c5)cc4o3)ccc2o1,6b(BOC) + 14b + 12a,
CCOC(=O)c1cc2cc(NC(=O)c3nc4ccc(NC(=O)c5cccc(NC(=O)OC(C)(C)C)c5)cc4o3)ccc2[nH]1,6b(BOC) + 14b + 13a,
COC(=O)c1nc2ccc(NC(=O)c3nc4ccc(NC(=O)c5cccc(NC(=O)OC(C)(C)C)c5)cc4o3)cc2o1,6b(BOC) + 14b + 14a,
COC(=O)c1nc2cc(NC(=O)c3nc4ccc(NC(=O)c5cccc(NC(=O)OC(C)(C)C)c5)cc4o3)ccc2[nH]1,6b(BOC) + 14b + 15a,
COC(=O)c1cc(NC(=O)c2cc(NC(=O)c3cccc(NC(=O)CCCN(C)C)c3)cn2C)cn1C,6b(DMABA) + 1b + 1a,
COC(=O)c1ccc(NC(=O)c2cc(NC(=O)c3cccc(NC(=O)CCCN(C)C)c3)cn2C)cc1,6b(DMABA) + 1b + 5a,
COC(=O)c1cccc(NC(=O)c2cc(NC(=O)c3cccc(NC(=O)CCCN(C)C)c3)cn2C)c1,6b(DMABA) + 1b + 6a,
CCOC(=O)c1csc(NC(=O)c2cc(NC(=O)c3cccc(NC(=O)CCCN(C)C)c3)cn2C)n1,6b(DMABA) + 1b + 7a,
COC(=O)c1cc(NC(=O)c2cc(NC(=O)c3cccc(NC(=O)CCCN(C)C)c3)cn2C)cs1,6b(DMABA) + 1b + 8a,
CCOC(=O)c1nc(NC(=O)c2cc(NC(=O)c3cccc(NC(=O)CCCN(C)C)c3)cn2C)cn1C,6b(DMABA) + 1b + 9a,
COC(=O)c1cc2c3c(ccc2[nH]1)N(C(=O)c1cc(NC(=O)c2cccc(NC(=O)CCCN(C)C)c2)cn1C)CC3,6b(DMABA) + 1b + 10a,
COC(=O)c1cc2cc(NC(=O)c3cc(NC(=O)c4cccc(NC(=O)CCCN(C)C)c4)cn3C)ccc2s1,6b(DMABA) + 1b + 11a,
COC(=O)c1cc2cc(NC(=O)c3cc(NC(=O)c4cccc(NC(=O)CCCN(C)C)c4)cn3C)ccc2o1,6b(DMABA) + 1b + 12a,
CCOC(=O)c1cc2cc(NC(=O)c3cc(NC(=O)c4cccc(NC(=O)CCCN(C)C)c4)cn3C)ccc2[nH]1,6b(DMABA) + 1b + 13a,
COC(=O)c1nc2ccc(NC(=O)c3cc(NC(=O)c4cccc(NC(=O)CCCN(C)C)c4)cn3C)cc2o1,6b(DMABA) + 1b + 14a,
COC(=O)c1nc2cc(NC(=O)c3cc(NC(=O)c4cccc(NC(=O)CCCN(C)C)c4)cn3C)ccc2[nH]1,6b(DMABA) + 1b + 15a,
COC(=O)c1cc(NC(=O)c2ccc(NC(=O)c3cccc(NC(=O)CCCN(C)C)c3)cc2)cn1C,6b(DMABA) + 5b + 1a,
COC(=O)c1ccc(NC(=O)c2ccc(NC(=O)c3cccc(NC(=O)CCCN(C)C)c3)cc2)cc1,6b(DMABA) + 5b + 5a,
COC(=O)c1cccc(NC(=O)c2ccc(NC(=O)c3cccc(NC(=O)CCCN(C)C)c3)cc2)c1,6b(DMABA) + 5b + 6a,
CCOC(=O)c1csc(NC(=O)c2ccc(NC(=O)c3cccc(NC(=O)CCCN(C)C)c3)cc2)n1,6b(DMABA) + 5b + 7a,
COC(=O)c1cc(NC(=O)c2ccc(NC(=O)c3cccc(NC(=O)CCCN(C)C)c3)cc2)cs1,6b(DMABA) + 5b + 8a,
CCOC(=O)c1nc(NC(=O)c2ccc(NC(=O)c3cccc(NC(=O)CCCN(C)C)c3)cc2)cn1C,6b(DMABA) + 5b + 9a,
COC(=O)c1cc2c3c(ccc2[nH]1)N(C(=O)c1ccc(NC(=O)c2cccc(NC(=O)CCCN(C)C)c2)cc1)CC3,6b(DMABA) + 5b + 10a,
COC(=O)c1cc2cc(NC(=O)c3ccc(NC(=O)c4cccc(NC(=O)CCCN(C)C)c4)cc3)ccc2s1,6b(DMABA) + 5b + 11a,
COC(=O)c1cc2cc(NC(=O)c3ccc(NC(=O)c4cccc(NC(=O)CCCN(C)C)c4)cc3)ccc2o1,6b(DMABA) + 5b + 12a,
CCOC(=O)c1cc2cc(NC(=O)c3ccc(NC(=O)c4cccc(NC(=O)CCCN(C)C)c4)cc3)ccc2[nH]1,6b(DMABA) + 5b + 13a,
COC(=O)c1nc2ccc(NC(=O)c3ccc(NC(=O)c4cccc(NC(=O)CCCN(C)C)c4)cc3)cc2o1,6b(DMABA) + 5b + 14a,
COC(=O)c1nc2cc(NC(=O)c3ccc(NC(=O)c4cccc(NC(=O)CCCN(C)C)c4)cc3)ccc2[nH]1,6b(DMABA) + 5b + 15a,
COC(=O)c1cc(NC(=O)c2cccc(NC(=O)c3cccc(NC(=O)CCCN(C)C)c3)c2)cn1C,6b(DMABA) + 6b + 1a,
COC(=O)c1ccc(NC(=O)c2cccc(NC(=O)c3cccc(NC(=O)CCCN(C)C)c3)c2)cc1,6b(DMABA) + 6b + 5a,
COC(=O)c1cccc(NC(=O)c2cccc(NC(=O)c3cccc(NC(=O)CCCN(C)C)c3)c2)c1,6b(DMABA) + 6b + 6a,
CCOC(=O)c1csc(NC(=O)c2cccc(NC(=O)c3cccc(NC(=O)CCCN(C)C)c3)c2)n1,6b(DMABA) + 6b + 7a,
COC(=O)c1cc(NC(=O)c2cccc(NC(=O)c3cccc(NC(=O)CCCN(C)C)c3)c2)cs1,6b(DMABA) + 6b + 8a,
CCOC(=O)c1nc(NC(=O)c2cccc(NC(=O)c3cccc(NC(=O)CCCN(C)C)c3)c2)cn1C,6b(DMABA) + 6b + 9a,
COC(=O)c1cc2c3c(ccc2[nH]1)N(C(=O)c1cccc(NC(=O)c2cccc(NC(=O)CCCN(C)C)c2)c1)CC3,6b(DMABA) + 6b + 10a,
COC(=O)c1cc2cc(NC(=O)c3cccc(NC(=O)c4cccc(NC(=O)CCCN(C)C)c4)c3)ccc2s1,6b(DMABA) + 6b + 11a,
COC(=O)c1cc2cc(NC(=O)c3cccc(NC(=O)c4cccc(NC(=O)CCCN(C)C)c4)c3)ccc2o1,6b(DMABA) + 6b + 12a,
CCOC(=O)c1cc2cc(NC(=O)c3cccc(NC(=O)c4cccc(NC(=O)CCCN(C)C)c4)c3)ccc2[nH]1,6b(DMABA) + 6b + 13a,
COC(=O)c1nc2ccc(NC(=O)c3cccc(NC(=O)c4cccc(NC(=O)CCCN(C)C)c4)c3)cc2o1,6b(DMABA) + 6b + 14a,
COC(=O)c1nc2cc(NC(=O)c3cccc(NC(=O)c4cccc(NC(=O)CCCN(C)C)c4)c3)ccc2[nH]1,6b(DMABA) + 6b + 15a,
COC(=O)c1cc(NC(=O)c2csc(NC(=O)c3cccc(NC(=O)CCCN(C)C)c3)n2)cn1C,6b(DMABA) + 7b + 1a,
COC(=O)c1ccc(NC(=O)c2csc(NC(=O)c3cccc(NC(=O)CCCN(C)C)c3)n2)cc1,6b(DMABA) + 7b + 5a,
COC(=O)c1cccc(NC(=O)c2csc(NC(=O)c3cccc(NC(=O)CCCN(C)C)c3)n2)c1,6b(DMABA) + 7b + 6a,
CCOC(=O)c1csc(NC(=O)c2csc(NC(=O)c3cccc(NC(=O)CCCN(C)C)c3)n2)n1,6b(DMABA) + 7b + 7a,
COC(=O)c1cc(NC(=O)c2csc(NC(=O)c3cccc(NC(=O)CCCN(C)C)c3)n2)cs1,6b(DMABA) + 7b + 8a,
CCOC(=O)c1nc(NC(=O)c2csc(NC(=O)c3cccc(NC(=O)CCCN(C)C)c3)n2)cn1C,6b(DMABA) + 7b + 9a,
COC(=O)c1cc2c3c(ccc2[nH]1)N(C(=O)c1csc(NC(=O)c2cccc(NC(=O)CCCN(C)C)c2)n1)CC3,6b(DMABA) + 7b + 10a,
COC(=O)c1cc2cc(NC(=O)c3csc(NC(=O)c4cccc(NC(=O)CCCN(C)C)c4)n3)ccc2s1,6b(DMABA) + 7b + 11a,
COC(=O)c1cc2cc(NC(=O)c3csc(NC(=O)c4cccc(NC(=O)CCCN(C)C)c4)n3)ccc2o1,6b(DMABA) + 7b + 12a,
CCOC(=O)c1cc2cc(NC(=O)c3csc(NC(=O)c4cccc(NC(=O)CCCN(C)C)c4)n3)ccc2[nH]1,6b(DMABA) + 7b + 13a,
COC(=O)c1nc2ccc(NC(=O)c3csc(NC(=O)c4cccc(NC(=O)CCCN(C)C)c4)n3)cc2o1,6b(DMABA) + 7b + 14a,
COC(=O)c1nc2cc(NC(=O)c3csc(NC(=O)c4cccc(NC(=O)CCCN(C)C)c4)n3)ccc2[nH]1,6b(DMABA) + 7b + 15a,
COC(=O)c1cc(NC(=O)c2cc(NC(=O)c3cccc(NC(=O)CCCN(C)C)c3)cs2)cn1C,6b(DMABA) + 8b + 1a,
COC(=O)c1ccc(NC(=O)c2cc(NC(=O)c3cccc(NC(=O)CCCN(C)C)c3)cs2)cc1,6b(DMABA) + 8b + 5a,
COC(=O)c1cccc(NC(=O)c2cc(NC(=O)c3cccc(NC(=O)CCCN(C)C)c3)cs2)c1,6b(DMABA) + 8b + 6a,
CCOC(=O)c1csc(NC(=O)c2cc(NC(=O)c3cccc(NC(=O)CCCN(C)C)c3)cs2)n1,6b(DMABA) + 8b + 7a,
COC(=O)c1cc(NC(=O)c2cc(NC(=O)c3cccc(NC(=O)CCCN(C)C)c3)cs2)cs1,6b(DMABA) + 8b + 8a,
CCOC(=O)c1nc(NC(=O)c2cc(NC(=O)c3cccc(NC(=O)CCCN(C)C)c3)cs2)cn1C,6b(DMABA) + 8b + 9a,
COC(=O)c1cc2c3c(ccc2[nH]1)N(C(=O)c1cc(NC(=O)c2cccc(NC(=O)CCCN(C)C)c2)cs1)CC3,6b(DMABA) + 8b + 10a,
COC(=O)c1cc2cc(NC(=O)c3cc(NC(=O)c4cccc(NC(=O)CCCN(C)C)c4)cs3)ccc2s1,6b(DMABA) + 8b + 11a,
COC(=O)c1cc2cc(NC(=O)c3cc(NC(=O)c4cccc(NC(=O)CCCN(C)C)c4)cs3)ccc2o1,6b(DMABA) + 8b + 12a,
CCOC(=O)c1cc2cc(NC(=O)c3cc(NC(=O)c4cccc(NC(=O)CCCN(C)C)c4)cs3)ccc2[nH]1,6b(DMABA) + 8b + 13a,
COC(=O)c1nc2ccc(NC(=O)c3cc(NC(=O)c4cccc(NC(=O)CCCN(C)C)c4)cs3)cc2o1,6b(DMABA) + 8b + 14a,
COC(=O)c1nc2cc(NC(=O)c3cc(NC(=O)c4cccc(NC(=O)CCCN(C)C)c4)cs3)ccc2[nH]1,6b(DMABA) + 8b + 15a,
COC(=O)c1cc(NC(=O)c2nc(NC(=O)c3cccc(NC(=O)CCCN(C)C)c3)cn2C)cn1C,6b(DMABA) + 9b + 1a,
COC(=O)c1ccc(NC(=O)c2nc(NC(=O)c3cccc(NC(=O)CCCN(C)C)c3)cn2C)cc1,6b(DMABA) + 9b + 5a,
COC(=O)c1cccc(NC(=O)c2nc(NC(=O)c3cccc(NC(=O)CCCN(C)C)c3)cn2C)c1,6b(DMABA) + 9b + 6a,
CCOC(=O)c1csc(NC(=O)c2nc(NC(=O)c3cccc(NC(=O)CCCN(C)C)c3)cn2C)n1,6b(DMABA) + 9b + 7a,
COC(=O)c1cc(NC(=O)c2nc(NC(=O)c3cccc(NC(=O)CCCN(C)C)c3)cn2C)cs1,6b(DMABA) + 9b + 8a,
CCOC(=O)c1nc(NC(=O)c2nc(NC(=O)c3cccc(NC(=O)CCCN(C)C)c3)cn2C)cn1C,6b(DMABA) + 9b + 9a,
COC(=O)c1cc2c3c(ccc2[nH]1)N(C(=O)c1nc(NC(=O)c2cccc(NC(=O)CCCN(C)C)c2)cn1C)CC3,6b(DMABA) + 9b + 10a,
COC(=O)c1cc2cc(NC(=O)c3nc(NC(=O)c4cccc(NC(=O)CCCN(C)C)c4)cn3C)ccc2s1,6b(DMABA) + 9b + 11a,
COC(=O)c1cc2cc(NC(=O)c3nc(NC(=O)c4cccc(NC(=O)CCCN(C)C)c4)cn3C)ccc2o1,6b(DMABA) + 9b + 12a,
CCOC(=O)c1cc2cc(NC(=O)c3nc(NC(=O)c4cccc(NC(=O)CCCN(C)C)c4)cn3C)ccc2[nH]1,6b(DMABA) + 9b + 13a,
COC(=O)c1nc2ccc(NC(=O)c3nc(NC(=O)c4cccc(NC(=O)CCCN(C)C)c4)cn3C)cc2o1,6b(DMABA) + 9b + 14a,
COC(=O)c1nc2cc(NC(=O)c3nc(NC(=O)c4cccc(NC(=O)CCCN(C)C)c4)cn3C)ccc2[nH]1,6b(DMABA) + 9b + 15a,
COC(=O)c1cc(NC(=O)c2cc3c4c(ccc3[nH]2)N(C(=O)c2cccc(NC(=O)CCCN(C)C)c2)CC4)cn1C,6b(DMABA) + 10b + 1a,
COC(=O)c1ccc(NC(=O)c2cc3c4c(ccc3[nH]2)N(C(=O)c2cccc(NC(=O)CCCN(C)C)c2)CC4)cc1,6b(DMABA) + 10b + 5a,
COC(=O)c1cccc(NC(=O)c2cc3c4c(ccc3[nH]2)N(C(=O)c2cccc(NC(=O)CCCN(C)C)c2)CC4)c1,6b(DMABA) + 10b + 6a,
CCOC(=O)c1csc(NC(=O)c2cc3c4c(ccc3[nH]2)N(C(=O)c2cccc(NC(=O)CCCN(C)C)c2)CC4)n1,6b(DMABA) + 10b + 7a,
COC(=O)c1cc(NC(=O)c2cc3c4c(ccc3[nH]2)N(C(=O)c2cccc(NC(=O)CCCN(C)C)c2)CC4)cs1,6b(DMABA) + 10b + 8a,
CCOC(=O)c1nc(NC(=O)c2cc3c4c(ccc3[nH]2)N(C(=O)c2cccc(NC(=O)CCCN(C)C)c2)CC4)cn1C,6b(DMABA) + 10b + 9a,
COC(=O)c1cc2c3c(ccc2[nH]1)N(C(=O)c1cc2c4c(ccc2[nH]1)N(C(=O)c1cccc(NC(=O)CCCN(C)C)c1)CC4)CC3,6b(DMABA) + 10b + 10a,
COC(=O)c1cc2cc(NC(=O)c3cc4c5c(ccc4[nH]3)N(C(=O)c3cccc(NC(=O)CCCN(C)C)c3)CC5)ccc2s1,6b(DMABA) + 10b + 11a,
COC(=O)c1cc2cc(NC(=O)c3cc4c5c(ccc4[nH]3)N(C(=O)c3cccc(NC(=O)CCCN(C)C)c3)CC5)ccc2o1,6b(DMABA) + 10b + 12a,
CCOC(=O)c1cc2cc(NC(=O)c3cc4c5c(ccc4[nH]3)N(C(=O)c3cccc(NC(=O)CCCN(C)C)c3)CC5)ccc2[nH]1,6b(DMABA) + 10b + 13a,
COC(=O)c1nc2ccc(NC(=O)c3cc4c5c(ccc4[nH]3)N(C(=O)c3cccc(NC(=O)CCCN(C)C)c3)CC5)cc2o1,6b(DMABA) + 10b + 14a,
COC(=O)c1nc2cc(NC(=O)c3cc4c5c(ccc4[nH]3)N(C(=O)c3cccc(NC(=O)CCCN(C)C)c3)CC5)ccc2[nH]1,6b(DMABA) + 10b + 15a,
COC(=O)c1cc(NC(=O)c2cc3cc(NC(=O)c4cccc(NC(=O)CCCN(C)C)c4)ccc3s2)cn1C,6b(DMABA) + 11b + 1a,
COC(=O)c1ccc(NC(=O)c2cc3cc(NC(=O)c4cccc(NC(=O)CCCN(C)C)c4)ccc3s2)cc1,6b(DMABA) + 11b + 5a,
COC(=O)c1cccc(NC(=O)c2cc3cc(NC(=O)c4cccc(NC(=O)CCCN(C)C)c4)ccc3s2)c1,6b(DMABA) + 11b + 6a,
CCOC(=O)c1csc(NC(=O)c2cc3cc(NC(=O)c4cccc(NC(=O)CCCN(C)C)c4)ccc3s2)n1,6b(DMABA) + 11b + 7a,
COC(=O)c1cc(NC(=O)c2cc3cc(NC(=O)c4cccc(NC(=O)CCCN(C)C)c4)ccc3s2)cs1,6b(DMABA) + 11b + 8a,
CCOC(=O)c1nc(NC(=O)c2cc3cc(NC(=O)c4cccc(NC(=O)CCCN(C)C)c4)ccc3s2)cn1C,6b(DMABA) + 11b + 9a,
COC(=O)c1cc2c3c(ccc2[nH]1)N(C(=O)c1cc2cc(NC(=O)c4cccc(NC(=O)CCCN(C)C)c4)ccc2s1)CC3,6b(DMABA) + 11b + 10a,
COC(=O)c1cc2cc(NC(=O)c3cc4cc(NC(=O)c5cccc(NC(=O)CCCN(C)C)c5)ccc4s3)ccc2s1,6b(DMABA) + 11b + 11a,
COC(=O)c1cc2cc(NC(=O)c3cc4cc(NC(=O)c5cccc(NC(=O)CCCN(C)C)c5)ccc4s3)ccc2o1,6b(DMABA) + 11b + 12a,
CCOC(=O)c1cc2cc(NC(=O)c3cc4cc(NC(=O)c5cccc(NC(=O)CCCN(C)C)c5)ccc4s3)ccc2[nH]1,6b(DMABA) + 11b + 13a,
COC(=O)c1nc2ccc(NC(=O)c3cc4cc(NC(=O)c5cccc(NC(=O)CCCN(C)C)c5)ccc4s3)cc2o1,6b(DMABA) + 11b + 14a,
COC(=O)c1nc2cc(NC(=O)c3cc4cc(NC(=O)c5cccc(NC(=O)CCCN(C)C)c5)ccc4s3)ccc2[nH]1,6b(DMABA) + 11b + 15a,
COC(=O)c1cc(NC(=O)c2cc3cc(NC(=O)c4cccc(NC(=O)CCCN(C)C)c4)ccc3o2)cn1C,6b(DMABA) + 12b + 1a,
COC(=O)c1ccc(NC(=O)c2cc3cc(NC(=O)c4cccc(NC(=O)CCCN(C)C)c4)ccc3o2)cc1,6b(DMABA) + 12b + 5a,
COC(=O)c1cccc(NC(=O)c2cc3cc(NC(=O)c4cccc(NC(=O)CCCN(C)C)c4)ccc3o2)c1,6b(DMABA) + 12b + 6a,
CCOC(=O)c1csc(NC(=O)c2cc3cc(NC(=O)c4cccc(NC(=O)CCCN(C)C)c4)ccc3o2)n1,6b(DMABA) + 12b + 7a,
COC(=O)c1cc(NC(=O)c2cc3cc(NC(=O)c4cccc(NC(=O)CCCN(C)C)c4)ccc3o2)cs1,6b(DMABA) + 12b + 8a,
CCOC(=O)c1nc(NC(=O)c2cc3cc(NC(=O)c4cccc(NC(=O)CCCN(C)C)c4)ccc3o2)cn1C,6b(DMABA) + 12b + 9a,
COC(=O)c1cc2c3c(ccc2[nH]1)N(C(=O)c1cc2cc(NC(=O)c4cccc(NC(=O)CCCN(C)C)c4)ccc2o1)CC3,6b(DMABA) + 12b + 10a,
COC(=O)c1cc2cc(NC(=O)c3cc4cc(NC(=O)c5cccc(NC(=O)CCCN(C)C)c5)ccc4o3)ccc2s1,6b(DMABA) + 12b + 11a,
COC(=O)c1cc2cc(NC(=O)c3cc4cc(NC(=O)c5cccc(NC(=O)CCCN(C)C)c5)ccc4o3)ccc2o1,6b(DMABA) + 12b + 12a,
CCOC(=O)c1cc2cc(NC(=O)c3cc4cc(NC(=O)c5cccc(NC(=O)CCCN(C)C)c5)ccc4o3)ccc2[nH]1,6b(DMABA) + 12b + 13a,
COC(=O)c1nc2ccc(NC(=O)c3cc4cc(NC(=O)c5cccc(NC(=O)CCCN(C)C)c5)ccc4o3)cc2o1,6b(DMABA) + 12b + 14a,
COC(=O)c1nc2cc(NC(=O)c3cc4cc(NC(=O)c5cccc(NC(=O)CCCN(C)C)c5)ccc4o3)ccc2[nH]1,6b(DMABA) + 12b + 15a,
COC(=O)c1cc(NC(=O)c2cc3cc(NC(=O)c4cccc(NC(=O)CCCN(C)C)c4)ccc3[nH]2)cn1C,6b(DMABA) + 13b + 1a,
COC(=O)c1ccc(NC(=O)c2cc3cc(NC(=O)c4cccc(NC(=O)CCCN(C)C)c4)ccc3[nH]2)cc1,6b(DMABA) + 13b + 5a,
COC(=O)c1cccc(NC(=O)c2cc3cc(NC(=O)c4cccc(NC(=O)CCCN(C)C)c4)ccc3[nH]2)c1,6b(DMABA) + 13b + 6a,
CCOC(=O)c1csc(NC(=O)c2cc3cc(NC(=O)c4cccc(NC(=O)CCCN(C)C)c4)ccc3[nH]2)n1,6b(DMABA) + 13b + 7a,
COC(=O)c1cc(NC(=O)c2cc3cc(NC(=O)c4cccc(NC(=O)CCCN(C)C)c4)ccc3[nH]2)cs1,6b(DMABA) + 13b + 8a,
CCOC(=O)c1nc(NC(=O)c2cc3cc(NC(=O)c4cccc(NC(=O)CCCN(C)C)c4)ccc3[nH]2)cn1C,6b(DMABA) + 13b + 9a,
COC(=O)c1cc2c3c(ccc2[nH]1)N(C(=O)c1cc2cc(NC(=O)c4cccc(NC(=O)CCCN(C)C)c4)ccc2[nH]1)CC3,6b(DMABA) + 13b + 10a,
COC(=O)c1cc2cc(NC(=O)c3cc4cc(NC(=O)c5cccc(NC(=O)CCCN(C)C)c5)ccc4[nH]3)ccc2s1,6b(DMABA) + 13b + 11a,
COC(=O)c1cc2cc(NC(=O)c3cc4cc(NC(=O)c5cccc(NC(=O)CCCN(C)C)c5)ccc4[nH]3)ccc2o1,6b(DMABA) + 13b + 12a,
CCOC(=O)c1cc2cc(NC(=O)c3cc4cc(NC(=O)c5cccc(NC(=O)CCCN(C)C)c5)ccc4[nH]3)ccc2[nH]1,6b(DMABA) + 13b + 13a,
COC(=O)c1nc2ccc(NC(=O)c3cc4cc(NC(=O)c5cccc(NC(=O)CCCN(C)C)c5)ccc4[nH]3)cc2o1,6b(DMABA) + 13b + 14a,
COC(=O)c1nc2cc(NC(=O)c3cc4cc(NC(=O)c5cccc(NC(=O)CCCN(C)C)c5)ccc4[nH]3)ccc2[nH]1,6b(DMABA) + 13b + 15a,
COC(=O)c1cc(NC(=O)c2nc3ccc(NC(=O)c4cccc(NC(=O)CCCN(C)C)c4)cc3o2)cn1C,6b(DMABA) + 14b + 1a,
COC(=O)c1ccc(NC(=O)c2nc3ccc(NC(=O)c4cccc(NC(=O)CCCN(C)C)c4)cc3o2)cc1,6b(DMABA) + 14b + 5a,
COC(=O)c1cccc(NC(=O)c2nc3ccc(NC(=O)c4cccc(NC(=O)CCCN(C)C)c4)cc3o2)c1,6b(DMABA) + 14b + 6a,
CCOC(=O)c1csc(NC(=O)c2nc3ccc(NC(=O)c4cccc(NC(=O)CCCN(C)C)c4)cc3o2)n1,6b(DMABA) + 14b + 7a,
COC(=O)c1cc(NC(=O)c2nc3ccc(NC(=O)c4cccc(NC(=O)CCCN(C)C)c4)cc3o2)cs1,6b(DMABA) + 14b + 8a,
CCOC(=O)c1nc(NC(=O)c2nc3ccc(NC(=O)c4cccc(NC(=O)CCCN(C)C)c4)cc3o2)cn1C,6b(DMABA) + 14b + 9a,
COC(=O)c1cc2c3c(ccc2[nH]1)N(C(=O)c1nc2ccc(NC(=O)c4cccc(NC(=O)CCCN(C)C)c4)cc2o1)CC3,6b(DMABA) + 14b + 10a,
COC(=O)c1cc2cc(NC(=O)c3nc4ccc(NC(=O)c5cccc(NC(=O)CCCN(C)C)c5)cc4o3)ccc2s1,6b(DMABA) + 14b + 11a,
COC(=O)c1cc2cc(NC(=O)c3nc4ccc(NC(=O)c5cccc(NC(=O)CCCN(C)C)c5)cc4o3)ccc2o1,6b(DMABA) + 14b + 12a,
CCOC(=O)c1cc2cc(NC(=O)c3nc4ccc(NC(=O)c5cccc(NC(=O)CCCN(C)C)c5)cc4o3)ccc2[nH]1,6b(DMABA) + 14b + 13a,
COC(=O)c1nc2ccc(NC(=O)c3nc4ccc(NC(=O)c5cccc(NC(=O)CCCN(C)C)c5)cc4o3)cc2o1,6b(DMABA) + 14b + 14a,
COC(=O)c1nc2cc(NC(=O)c3nc4ccc(NC(=O)c5cccc(NC(=O)CCCN(C)C)c5)cc4o3)ccc2[nH]1,6b(DMABA) + 14b + 15a,
COC(=O)c1cc(NC(=O)c2cc(NC(=O)c3csc(NC(=O)OC(C)(C)C)n3)cn2C)cn1C,7b(BOC) + 1b + 1a,
COC(=O)c1ccc(NC(=O)c2cc(NC(=O)c3csc(NC(=O)OC(C)(C)C)n3)cn2C)cc1,7b(BOC) + 1b + 5a,
COC(=O)c1cccc(NC(=O)c2cc(NC(=O)c3csc(NC(=O)OC(C)(C)C)n3)cn2C)c1,7b(BOC) + 1b + 6a,
CCOC(=O)c1csc(NC(=O)c2cc(NC(=O)c3csc(NC(=O)OC(C)(C)C)n3)cn2C)n1,7b(BOC) + 1b + 7a,
COC(=O)c1cc(NC(=O)c2cc(NC(=O)c3csc(NC(=O)OC(C)(C)C)n3)cn2C)cs1,7b(BOC) + 1b + 8a,
CCOC(=O)c1nc(NC(=O)c2cc(NC(=O)c3csc(NC(=O)OC(C)(C)C)n3)cn2C)cn1C,7b(BOC) + 1b + 9a,
COC(=O)c1cc2c3c(ccc2[nH]1)N(C(=O)c1cc(NC(=O)c2csc(NC(=O)OC(C)(C)C)n2)cn1C)CC3,7b(BOC) + 1b + 10a,
COC(=O)c1cc2cc(NC(=O)c3cc(NC(=O)c4csc(NC(=O)OC(C)(C)C)n4)cn3C)ccc2s1,7b(BOC) + 1b + 11a,
COC(=O)c1cc2cc(NC(=O)c3cc(NC(=O)c4csc(NC(=O)OC(C)(C)C)n4)cn3C)ccc2o1,7b(BOC) + 1b + 12a,
CCOC(=O)c1cc2cc(NC(=O)c3cc(NC(=O)c4csc(NC(=O)OC(C)(C)C)n4)cn3C)ccc2[nH]1,7b(BOC) + 1b + 13a,
COC(=O)c1nc2ccc(NC(=O)c3cc(NC(=O)c4csc(NC(=O)OC(C)(C)C)n4)cn3C)cc2o1,7b(BOC) + 1b + 14a,
COC(=O)c1nc2cc(NC(=O)c3cc(NC(=O)c4csc(NC(=O)OC(C)(C)C)n4)cn3C)ccc2[nH]1,7b(BOC) + 1b + 15a,
COC(=O)c1cc(NC(=O)c2ccc(NC(=O)c3csc(NC(=O)OC(C)(C)C)n3)cc2)cn1C,7b(BOC) + 5b + 1a,
COC(=O)c1ccc(NC(=O)c2ccc(NC(=O)c3csc(NC(=O)OC(C)(C)C)n3)cc2)cc1,7b(BOC) + 5b + 5a,
COC(=O)c1cccc(NC(=O)c2ccc(NC(=O)c3csc(NC(=O)OC(C)(C)C)n3)cc2)c1,7b(BOC) + 5b + 6a,
CCOC(=O)c1csc(NC(=O)c2ccc(NC(=O)c3csc(NC(=O)OC(C)(C)C)n3)cc2)n1,7b(BOC) + 5b + 7a,
COC(=O)c1cc(NC(=O)c2ccc(NC(=O)c3csc(NC(=O)OC(C)(C)C)n3)cc2)cs1,7b(BOC) + 5b + 8a,
CCOC(=O)c1nc(NC(=O)c2ccc(NC(=O)c3csc(NC(=O)OC(C)(C)C)n3)cc2)cn1C,7b(BOC) + 5b + 9a,
COC(=O)c1cc2c3c(ccc2[nH]1)N(C(=O)c1ccc(NC(=O)c2csc(NC(=O)OC(C)(C)C)n2)cc1)CC3,7b(BOC) + 5b + 10a,
COC(=O)c1cc2cc(NC(=O)c3ccc(NC(=O)c4csc(NC(=O)OC(C)(C)C)n4)cc3)ccc2s1,7b(BOC) + 5b + 11a,
COC(=O)c1cc2cc(NC(=O)c3ccc(NC(=O)c4csc(NC(=O)OC(C)(C)C)n4)cc3)ccc2o1,7b(BOC) + 5b + 12a,
CCOC(=O)c1cc2cc(NC(=O)c3ccc(NC(=O)c4csc(NC(=O)OC(C)(C)C)n4)cc3)ccc2[nH]1,7b(BOC) + 5b + 13a,
COC(=O)c1nc2ccc(NC(=O)c3ccc(NC(=O)c4csc(NC(=O)OC(C)(C)C)n4)cc3)cc2o1,7b(BOC) + 5b + 14a,
COC(=O)c1nc2cc(NC(=O)c3ccc(NC(=O)c4csc(NC(=O)OC(C)(C)C)n4)cc3)ccc2[nH]1,7b(BOC) + 5b + 15a,
COC(=O)c1cc(NC(=O)c2cccc(NC(=O)c3csc(NC(=O)OC(C)(C)C)n3)c2)cn1C,7b(BOC) + 6b + 1a,
COC(=O)c1ccc(NC(=O)c2cccc(NC(=O)c3csc(NC(=O)OC(C)(C)C)n3)c2)cc1,7b(BOC) + 6b + 5a,
COC(=O)c1cccc(NC(=O)c2cccc(NC(=O)c3csc(NC(=O)OC(C)(C)C)n3)c2)c1,7b(BOC) + 6b + 6a,
CCOC(=O)c1csc(NC(=O)c2cccc(NC(=O)c3csc(NC(=O)OC(C)(C)C)n3)c2)n1,7b(BOC) + 6b + 7a,
COC(=O)c1cc(NC(=O)c2cccc(NC(=O)c3csc(NC(=O)OC(C)(C)C)n3)c2)cs1,7b(BOC) + 6b + 8a,
CCOC(=O)c1nc(NC(=O)c2cccc(NC(=O)c3csc(NC(=O)OC(C)(C)C)n3)c2)cn1C,7b(BOC) + 6b + 9a,
COC(=O)c1cc2c3c(ccc2[nH]1)N(C(=O)c1cccc(NC(=O)c2csc(NC(=O)OC(C)(C)C)n2)c1)CC3,7b(BOC) + 6b + 10a,
COC(=O)c1cc2cc(NC(=O)c3cccc(NC(=O)c4csc(NC(=O)OC(C)(C)C)n4)c3)ccc2s1,7b(BOC) + 6b + 11a,
COC(=O)c1cc2cc(NC(=O)c3cccc(NC(=O)c4csc(NC(=O)OC(C)(C)C)n4)c3)ccc2o1,7b(BOC) + 6b + 12a,
CCOC(=O)c1cc2cc(NC(=O)c3cccc(NC(=O)c4csc(NC(=O)OC(C)(C)C)n4)c3)ccc2[nH]1,7b(BOC) + 6b + 13a,
COC(=O)c1nc2ccc(NC(=O)c3cccc(NC(=O)c4csc(NC(=O)OC(C)(C)C)n4)c3)cc2o1,7b(BOC) + 6b + 14a,
COC(=O)c1nc2cc(NC(=O)c3cccc(NC(=O)c4csc(NC(=O)OC(C)(C)C)n4)c3)ccc2[nH]1,7b(BOC) + 6b + 15a,
COC(=O)c1cc(NC(=O)c2csc(NC(=O)c3csc(NC(=O)OC(C)(C)C)n3)n2)cn1C,7b(BOC) + 7b + 1a,
COC(=O)c1ccc(NC(=O)c2csc(NC(=O)c3csc(NC(=O)OC(C)(C)C)n3)n2)cc1,7b(BOC) + 7b + 5a,
COC(=O)c1cccc(NC(=O)c2csc(NC(=O)c3csc(NC(=O)OC(C)(C)C)n3)n2)c1,7b(BOC) + 7b + 6a,
CCOC(=O)c1csc(NC(=O)c2csc(NC(=O)c3csc(NC(=O)OC(C)(C)C)n3)n2)n1,7b(BOC) + 7b + 7a,
COC(=O)c1cc(NC(=O)c2csc(NC(=O)c3csc(NC(=O)OC(C)(C)C)n3)n2)cs1,7b(BOC) + 7b + 8a,
CCOC(=O)c1nc(NC(=O)c2csc(NC(=O)c3csc(NC(=O)OC(C)(C)C)n3)n2)cn1C,7b(BOC) + 7b + 9a,
COC(=O)c1cc2c3c(ccc2[nH]1)N(C(=O)c1csc(NC(=O)c2csc(NC(=O)OC(C)(C)C)n2)n1)CC3,7b(BOC) + 7b + 10a,
COC(=O)c1cc2cc(NC(=O)c3csc(NC(=O)c4csc(NC(=O)OC(C)(C)C)n4)n3)ccc2s1,7b(BOC) + 7b + 11a,
COC(=O)c1cc2cc(NC(=O)c3csc(NC(=O)c4csc(NC(=O)OC(C)(C)C)n4)n3)ccc2o1,7b(BOC) + 7b + 12a,
CCOC(=O)c1cc2cc(NC(=O)c3csc(NC(=O)c4csc(NC(=O)OC(C)(C)C)n4)n3)ccc2[nH]1,7b(BOC) + 7b + 13a,
COC(=O)c1nc2ccc(NC(=O)c3csc(NC(=O)c4csc(NC(=O)OC(C)(C)C)n4)n3)cc2o1,7b(BOC) + 7b + 14a,
COC(=O)c1nc2cc(NC(=O)c3csc(NC(=O)c4csc(NC(=O)OC(C)(C)C)n4)n3)ccc2[nH]1,7b(BOC) + 7b + 15a,
COC(=O)c1cc(NC(=O)c2cc(NC(=O)c3csc(NC(=O)OC(C)(C)C)n3)cs2)cn1C,7b(BOC) + 8b + 1a,
COC(=O)c1ccc(NC(=O)c2cc(NC(=O)c3csc(NC(=O)OC(C)(C)C)n3)cs2)cc1,7b(BOC) + 8b + 5a,
COC(=O)c1cccc(NC(=O)c2cc(NC(=O)c3csc(NC(=O)OC(C)(C)C)n3)cs2)c1,7b(BOC) + 8b + 6a,
CCOC(=O)c1csc(NC(=O)c2cc(NC(=O)c3csc(NC(=O)OC(C)(C)C)n3)cs2)n1,7b(BOC) + 8b + 7a,
COC(=O)c1cc(NC(=O)c2cc(NC(=O)c3csc(NC(=O)OC(C)(C)C)n3)cs2)cs1,7b(BOC) + 8b + 8a,
CCOC(=O)c1nc(NC(=O)c2cc(NC(=O)c3csc(NC(=O)OC(C)(C)C)n3)cs2)cn1C,7b(BOC) + 8b + 9a,
COC(=O)c1cc2c3c(ccc2[nH]1)N(C(=O)c1cc(NC(=O)c2csc(NC(=O)OC(C)(C)C)n2)cs1)CC3,7b(BOC) + 8b + 10a,
COC(=O)c1cc2cc(NC(=O)c3cc(NC(=O)c4csc(NC(=O)OC(C)(C)C)n4)cs3)ccc2s1,7b(BOC) + 8b + 11a,
COC(=O)c1cc2cc(NC(=O)c3cc(NC(=O)c4csc(NC(=O)OC(C)(C)C)n4)cs3)ccc2o1,7b(BOC) + 8b + 12a,
CCOC(=O)c1cc2cc(NC(=O)c3cc(NC(=O)c4csc(NC(=O)OC(C)(C)C)n4)cs3)ccc2[nH]1,7b(BOC) + 8b + 13a,
COC(=O)c1nc2ccc(NC(=O)c3cc(NC(=O)c4csc(NC(=O)OC(C)(C)C)n4)cs3)cc2o1,7b(BOC) + 8b + 14a,
COC(=O)c1nc2cc(NC(=O)c3cc(NC(=O)c4csc(NC(=O)OC(C)(C)C)n4)cs3)ccc2[nH]1,7b(BOC) + 8b + 15a,
COC(=O)c1cc(NC(=O)c2nc(NC(=O)c3csc(NC(=O)OC(C)(C)C)n3)cn2C)cn1C,7b(BOC) + 9b + 1a,
COC(=O)c1ccc(NC(=O)c2nc(NC(=O)c3csc(NC(=O)OC(C)(C)C)n3)cn2C)cc1,7b(BOC) + 9b + 5a,
COC(=O)c1cccc(NC(=O)c2nc(NC(=O)c3csc(NC(=O)OC(C)(C)C)n3)cn2C)c1,7b(BOC) + 9b + 6a,
CCOC(=O)c1csc(NC(=O)c2nc(NC(=O)c3csc(NC(=O)OC(C)(C)C)n3)cn2C)n1,7b(BOC) + 9b + 7a,
COC(=O)c1cc(NC(=O)c2nc(NC(=O)c3csc(NC(=O)OC(C)(C)C)n3)cn2C)cs1,7b(BOC) + 9b + 8a,
CCOC(=O)c1nc(NC(=O)c2nc(NC(=O)c3csc(NC(=O)OC(C)(C)C)n3)cn2C)cn1C,7b(BOC) + 9b + 9a,
COC(=O)c1cc2c3c(ccc2[nH]1)N(C(=O)c1nc(NC(=O)c2csc(NC(=O)OC(C)(C)C)n2)cn1C)CC3,7b(BOC) + 9b + 10a,
COC(=O)c1cc2cc(NC(=O)c3nc(NC(=O)c4csc(NC(=O)OC(C)(C)C)n4)cn3C)ccc2s1,7b(BOC) + 9b + 11a,
COC(=O)c1cc2cc(NC(=O)c3nc(NC(=O)c4csc(NC(=O)OC(C)(C)C)n4)cn3C)ccc2o1,7b(BOC) + 9b + 12a,
CCOC(=O)c1cc2cc(NC(=O)c3nc(NC(=O)c4csc(NC(=O)OC(C)(C)C)n4)cn3C)ccc2[nH]1,7b(BOC) + 9b + 13a,
COC(=O)c1nc2ccc(NC(=O)c3nc(NC(=O)c4csc(NC(=O)OC(C)(C)C)n4)cn3C)cc2o1,7b(BOC) + 9b + 14a,
COC(=O)c1nc2cc(NC(=O)c3nc(NC(=O)c4csc(NC(=O)OC(C)(C)C)n4)cn3C)ccc2[nH]1,7b(BOC) + 9b + 15a,
COC(=O)c1cc(NC(=O)c2cc3c4c(ccc3[nH]2)N(C(=O)c2csc(NC(=O)OC(C)(C)C)n2)CC4)cn1C,7b(BOC) + 10b + 1a,
COC(=O)c1ccc(NC(=O)c2cc3c4c(ccc3[nH]2)N(C(=O)c2csc(NC(=O)OC(C)(C)C)n2)CC4)cc1,7b(BOC) + 10b + 5a,
COC(=O)c1cccc(NC(=O)c2cc3c4c(ccc3[nH]2)N(C(=O)c2csc(NC(=O)OC(C)(C)C)n2)CC4)c1,7b(BOC) + 10b + 6a,
CCOC(=O)c1csc(NC(=O)c2cc3c4c(ccc3[nH]2)N(C(=O)c2csc(NC(=O)OC(C)(C)C)n2)CC4)n1,7b(BOC) + 10b + 7a,
COC(=O)c1cc(NC(=O)c2cc3c4c(ccc3[nH]2)N(C(=O)c2csc(NC(=O)OC(C)(C)C)n2)CC4)cs1,7b(BOC) + 10b + 8a,
CCOC(=O)c1nc(NC(=O)c2cc3c4c(ccc3[nH]2)N(C(=O)c2csc(NC(=O)OC(C)(C)C)n2)CC4)cn1C,7b(BOC) + 10b + 9a,
COC(=O)c1cc2c3c(ccc2[nH]1)N(C(=O)c1cc2c4c(ccc2[nH]1)N(C(=O)c1csc(NC(=O)OC(C)(C)C)n1)CC4)CC3,7b(BOC) + 10b + 10a,
COC(=O)c1cc2cc(NC(=O)c3cc4c5c(ccc4[nH]3)N(C(=O)c3csc(NC(=O)OC(C)(C)C)n3)CC5)ccc2s1,7b(BOC) + 10b + 11a,
COC(=O)c1cc2cc(NC(=O)c3cc4c5c(ccc4[nH]3)N(C(=O)c3csc(NC(=O)OC(C)(C)C)n3)CC5)ccc2o1,7b(BOC) + 10b + 12a,
CCOC(=O)c1cc2cc(NC(=O)c3cc4c5c(ccc4[nH]3)N(C(=O)c3csc(NC(=O)OC(C)(C)C)n3)CC5)ccc2[nH]1,7b(BOC) + 10b + 13a,
COC(=O)c1nc2ccc(NC(=O)c3cc4c5c(ccc4[nH]3)N(C(=O)c3csc(NC(=O)OC(C)(C)C)n3)CC5)cc2o1,7b(BOC) + 10b + 14a,
COC(=O)c1nc2cc(NC(=O)c3cc4c5c(ccc4[nH]3)N(C(=O)c3csc(NC(=O)OC(C)(C)C)n3)CC5)ccc2[nH]1,7b(BOC) + 10b + 15a,
COC(=O)c1cc(NC(=O)c2cc3cc(NC(=O)c4csc(NC(=O)OC(C)(C)C)n4)ccc3s2)cn1C,7b(BOC) + 11b + 1a,
COC(=O)c1ccc(NC(=O)c2cc3cc(NC(=O)c4csc(NC(=O)OC(C)(C)C)n4)ccc3s2)cc1,7b(BOC) + 11b + 5a,
COC(=O)c1cccc(NC(=O)c2cc3cc(NC(=O)c4csc(NC(=O)OC(C)(C)C)n4)ccc3s2)c1,7b(BOC) + 11b + 6a,
CCOC(=O)c1csc(NC(=O)c2cc3cc(NC(=O)c4csc(NC(=O)OC(C)(C)C)n4)ccc3s2)n1,7b(BOC) + 11b + 7a,
COC(=O)c1cc(NC(=O)c2cc3cc(NC(=O)c4csc(NC(=O)OC(C)(C)C)n4)ccc3s2)cs1,7b(BOC) + 11b + 8a,
CCOC(=O)c1nc(NC(=O)c2cc3cc(NC(=O)c4csc(NC(=O)OC(C)(C)C)n4)ccc3s2)cn1C,7b(BOC) + 11b + 9a,
COC(=O)c1cc2c3c(ccc2[nH]1)N(C(=O)c1cc2cc(NC(=O)c4csc(NC(=O)OC(C)(C)C)n4)ccc2s1)CC3,7b(BOC) + 11b + 10a,
COC(=O)c1cc2cc(NC(=O)c3cc4cc(NC(=O)c5csc(NC(=O)OC(C)(C)C)n5)ccc4s3)ccc2s1,7b(BOC) + 11b + 11a,
COC(=O)c1cc2cc(NC(=O)c3cc4cc(NC(=O)c5csc(NC(=O)OC(C)(C)C)n5)ccc4s3)ccc2o1,7b(BOC) + 11b + 12a,
CCOC(=O)c1cc2cc(NC(=O)c3cc4cc(NC(=O)c5csc(NC(=O)OC(C)(C)C)n5)ccc4s3)ccc2[nH]1,7b(BOC) + 11b + 13a,
COC(=O)c1nc2ccc(NC(=O)c3cc4cc(NC(=O)c5csc(NC(=O)OC(C)(C)C)n5)ccc4s3)cc2o1,7b(BOC) + 11b + 14a,
COC(=O)c1nc2cc(NC(=O)c3cc4cc(NC(=O)c5csc(NC(=O)OC(C)(C)C)n5)ccc4s3)ccc2[nH]1,7b(BOC) + 11b + 15a,
COC(=O)c1cc(NC(=O)c2cc3cc(NC(=O)c4csc(NC(=O)OC(C)(C)C)n4)ccc3o2)cn1C,7b(BOC) + 12b + 1a,
COC(=O)c1ccc(NC(=O)c2cc3cc(NC(=O)c4csc(NC(=O)OC(C)(C)C)n4)ccc3o2)cc1,7b(BOC) + 12b + 5a,
COC(=O)c1cccc(NC(=O)c2cc3cc(NC(=O)c4csc(NC(=O)OC(C)(C)C)n4)ccc3o2)c1,7b(BOC) + 12b + 6a,
CCOC(=O)c1csc(NC(=O)c2cc3cc(NC(=O)c4csc(NC(=O)OC(C)(C)C)n4)ccc3o2)n1,7b(BOC) + 12b + 7a,
COC(=O)c1cc(NC(=O)c2cc3cc(NC(=O)c4csc(NC(=O)OC(C)(C)C)n4)ccc3o2)cs1,7b(BOC) + 12b + 8a,
CCOC(=O)c1nc(NC(=O)c2cc3cc(NC(=O)c4csc(NC(=O)OC(C)(C)C)n4)ccc3o2)cn1C,7b(BOC) + 12b + 9a,
COC(=O)c1cc2c3c(ccc2[nH]1)N(C(=O)c1cc2cc(NC(=O)c4csc(NC(=O)OC(C)(C)C)n4)ccc2o1)CC3,7b(BOC) + 12b + 10a,
COC(=O)c1cc2cc(NC(=O)c3cc4cc(NC(=O)c5csc(NC(=O)OC(C)(C)C)n5)ccc4o3)ccc2s1,7b(BOC) + 12b + 11a,
COC(=O)c1cc2cc(NC(=O)c3cc4cc(NC(=O)c5csc(NC(=O)OC(C)(C)C)n5)ccc4o3)ccc2o1,7b(BOC) + 12b + 12a,
CCOC(=O)c1cc2cc(NC(=O)c3cc4cc(NC(=O)c5csc(NC(=O)OC(C)(C)C)n5)ccc4o3)ccc2[nH]1,7b(BOC) + 12b + 13a,
COC(=O)c1nc2ccc(NC(=O)c3cc4cc(NC(=O)c5csc(NC(=O)OC(C)(C)C)n5)ccc4o3)cc2o1,7b(BOC) + 12b + 14a,
COC(=O)c1nc2cc(NC(=O)c3cc4cc(NC(=O)c5csc(NC(=O)OC(C)(C)C)n5)ccc4o3)ccc2[nH]1,7b(BOC) + 12b + 15a,
COC(=O)c1cc(NC(=O)c2cc3cc(NC(=O)c4csc(NC(=O)OC(C)(C)C)n4)ccc3[nH]2)cn1C,7b(BOC) + 13b + 1a,
COC(=O)c1ccc(NC(=O)c2cc3cc(NC(=O)c4csc(NC(=O)OC(C)(C)C)n4)ccc3[nH]2)cc1,7b(BOC) + 13b + 5a,
COC(=O)c1cccc(NC(=O)c2cc3cc(NC(=O)c4csc(NC(=O)OC(C)(C)C)n4)ccc3[nH]2)c1,7b(BOC) + 13b + 6a,
CCOC(=O)c1csc(NC(=O)c2cc3cc(NC(=O)c4csc(NC(=O)OC(C)(C)C)n4)ccc3[nH]2)n1,7b(BOC) + 13b + 7a,
COC(=O)c1cc(NC(=O)c2cc3cc(NC(=O)c4csc(NC(=O)OC(C)(C)C)n4)ccc3[nH]2)cs1,7b(BOC) + 13b + 8a,
CCOC(=O)c1nc(NC(=O)c2cc3cc(NC(=O)c4csc(NC(=O)OC(C)(C)C)n4)ccc3[nH]2)cn1C,7b(BOC) + 13b + 9a,
COC(=O)c1cc2c3c(ccc2[nH]1)N(C(=O)c1cc2cc(NC(=O)c4csc(NC(=O)OC(C)(C)C)n4)ccc2[nH]1)CC3,7b(BOC) + 13b + 10a,
COC(=O)c1cc2cc(NC(=O)c3cc4cc(NC(=O)c5csc(NC(=O)OC(C)(C)C)n5)ccc4[nH]3)ccc2s1,7b(BOC) + 13b + 11a,
COC(=O)c1cc2cc(NC(=O)c3cc4cc(NC(=O)c5csc(NC(=O)OC(C)(C)C)n5)ccc4[nH]3)ccc2o1,7b(BOC) + 13b + 12a,
CCOC(=O)c1cc2cc(NC(=O)c3cc4cc(NC(=O)c5csc(NC(=O)OC(C)(C)C)n5)ccc4[nH]3)ccc2[nH]1,7b(BOC) + 13b + 13a,
COC(=O)c1nc2ccc(NC(=O)c3cc4cc(NC(=O)c5csc(NC(=O)OC(C)(C)C)n5)ccc4[nH]3)cc2o1,7b(BOC) + 13b + 14a,
COC(=O)c1nc2cc(NC(=O)c3cc4cc(NC(=O)c5csc(NC(=O)OC(C)(C)C)n5)ccc4[nH]3)ccc2[nH]1,7b(BOC) + 13b + 15a,
COC(=O)c1cc(NC(=O)c2nc3ccc(NC(=O)c4csc(NC(=O)OC(C)(C)C)n4)cc3o2)cn1C,7b(BOC) + 14b + 1a,
COC(=O)c1ccc(NC(=O)c2nc3ccc(NC(=O)c4csc(NC(=O)OC(C)(C)C)n4)cc3o2)cc1,7b(BOC) + 14b + 5a,
COC(=O)c1cccc(NC(=O)c2nc3ccc(NC(=O)c4csc(NC(=O)OC(C)(C)C)n4)cc3o2)c1,7b(BOC) + 14b + 6a,
CCOC(=O)c1csc(NC(=O)c2nc3ccc(NC(=O)c4csc(NC(=O)OC(C)(C)C)n4)cc3o2)n1,7b(BOC) + 14b + 7a,
COC(=O)c1cc(NC(=O)c2nc3ccc(NC(=O)c4csc(NC(=O)OC(C)(C)C)n4)cc3o2)cs1,7b(BOC) + 14b + 8a,
CCOC(=O)c1nc(NC(=O)c2nc3ccc(NC(=O)c4csc(NC(=O)OC(C)(C)C)n4)cc3o2)cn1C,7b(BOC) + 14b + 9a,
COC(=O)c1cc2c3c(ccc2[nH]1)N(C(=O)c1nc2ccc(NC(=O)c4csc(NC(=O)OC(C)(C)C)n4)cc2o1)CC3,7b(BOC) + 14b + 10a,
COC(=O)c1cc2cc(NC(=O)c3nc4ccc(NC(=O)c5csc(NC(=O)OC(C)(C)C)n5)cc4o3)ccc2s1,7b(BOC) + 14b + 11a,
COC(=O)c1cc2cc(NC(=O)c3nc4ccc(NC(=O)c5csc(NC(=O)OC(C)(C)C)n5)cc4o3)ccc2o1,7b(BOC) + 14b + 12a,
CCOC(=O)c1cc2cc(NC(=O)c3nc4ccc(NC(=O)c5csc(NC(=O)OC(C)(C)C)n5)cc4o3)ccc2[nH]1,7b(BOC) + 14b + 13a,
COC(=O)c1nc2ccc(NC(=O)c3nc4ccc(NC(=O)c5csc(NC(=O)OC(C)(C)C)n5)cc4o3)cc2o1,7b(BOC) + 14b + 14a,
COC(=O)c1nc2cc(NC(=O)c3nc4ccc(NC(=O)c5csc(NC(=O)OC(C)(C)C)n5)cc4o3)ccc2[nH]1,7b(BOC) + 14b + 15a,
COC(=O)c1cc(NC(=O)c2cc(NC(=O)c3csc(NC(=O)CCCN(C)C)n3)cn2C)cn1C,7b(DMABA) + 1b + 1a,
COC(=O)c1ccc(NC(=O)c2cc(NC(=O)c3csc(NC(=O)CCCN(C)C)n3)cn2C)cc1,7b(DMABA) + 1b + 5a,
COC(=O)c1cccc(NC(=O)c2cc(NC(=O)c3csc(NC(=O)CCCN(C)C)n3)cn2C)c1,7b(DMABA) + 1b + 6a,
CCOC(=O)c1csc(NC(=O)c2cc(NC(=O)c3csc(NC(=O)CCCN(C)C)n3)cn2C)n1,7b(DMABA) + 1b + 7a,
COC(=O)c1cc(NC(=O)c2cc(NC(=O)c3csc(NC(=O)CCCN(C)C)n3)cn2C)cs1,7b(DMABA) + 1b + 8a,
CCOC(=O)c1nc(NC(=O)c2cc(NC(=O)c3csc(NC(=O)CCCN(C)C)n3)cn2C)cn1C,7b(DMABA) + 1b + 9a,
COC(=O)c1cc2c3c(ccc2[nH]1)N(C(=O)c1cc(NC(=O)c2csc(NC(=O)CCCN(C)C)n2)cn1C)CC3,7b(DMABA) + 1b + 10a,
COC(=O)c1cc2cc(NC(=O)c3cc(NC(=O)c4csc(NC(=O)CCCN(C)C)n4)cn3C)ccc2s1,7b(DMABA) + 1b + 11a,
COC(=O)c1cc2cc(NC(=O)c3cc(NC(=O)c4csc(NC(=O)CCCN(C)C)n4)cn3C)ccc2o1,7b(DMABA) + 1b + 12a,
CCOC(=O)c1cc2cc(NC(=O)c3cc(NC(=O)c4csc(NC(=O)CCCN(C)C)n4)cn3C)ccc2[nH]1,7b(DMABA) + 1b + 13a,
COC(=O)c1nc2ccc(NC(=O)c3cc(NC(=O)c4csc(NC(=O)CCCN(C)C)n4)cn3C)cc2o1,7b(DMABA) + 1b + 14a,
COC(=O)c1nc2cc(NC(=O)c3cc(NC(=O)c4csc(NC(=O)CCCN(C)C)n4)cn3C)ccc2[nH]1,7b(DMABA) + 1b + 15a,
COC(=O)c1cc(NC(=O)c2ccc(NC(=O)c3csc(NC(=O)CCCN(C)C)n3)cc2)cn1C,7b(DMABA) + 5b + 1a,
COC(=O)c1ccc(NC(=O)c2ccc(NC(=O)c3csc(NC(=O)CCCN(C)C)n3)cc2)cc1,7b(DMABA) + 5b + 5a,
COC(=O)c1cccc(NC(=O)c2ccc(NC(=O)c3csc(NC(=O)CCCN(C)C)n3)cc2)c1,7b(DMABA) + 5b + 6a,
CCOC(=O)c1csc(NC(=O)c2ccc(NC(=O)c3csc(NC(=O)CCCN(C)C)n3)cc2)n1,7b(DMABA) + 5b + 7a,
COC(=O)c1cc(NC(=O)c2ccc(NC(=O)c3csc(NC(=O)CCCN(C)C)n3)cc2)cs1,7b(DMABA) + 5b + 8a,
CCOC(=O)c1nc(NC(=O)c2ccc(NC(=O)c3csc(NC(=O)CCCN(C)C)n3)cc2)cn1C,7b(DMABA) + 5b + 9a,
COC(=O)c1cc2c3c(ccc2[nH]1)N(C(=O)c1ccc(NC(=O)c2csc(NC(=O)CCCN(C)C)n2)cc1)CC3,7b(DMABA) + 5b + 10a,
COC(=O)c1cc2cc(NC(=O)c3ccc(NC(=O)c4csc(NC(=O)CCCN(C)C)n4)cc3)ccc2s1,7b(DMABA) + 5b + 11a,
COC(=O)c1cc2cc(NC(=O)c3ccc(NC(=O)c4csc(NC(=O)CCCN(C)C)n4)cc3)ccc2o1,7b(DMABA) + 5b + 12a,
CCOC(=O)c1cc2cc(NC(=O)c3ccc(NC(=O)c4csc(NC(=O)CCCN(C)C)n4)cc3)ccc2[nH]1,7b(DMABA) + 5b + 13a,
COC(=O)c1nc2ccc(NC(=O)c3ccc(NC(=O)c4csc(NC(=O)CCCN(C)C)n4)cc3)cc2o1,7b(DMABA) + 5b + 14a,
COC(=O)c1nc2cc(NC(=O)c3ccc(NC(=O)c4csc(NC(=O)CCCN(C)C)n4)cc3)ccc2[nH]1,7b(DMABA) + 5b + 15a,
COC(=O)c1cc(NC(=O)c2cccc(NC(=O)c3csc(NC(=O)CCCN(C)C)n3)c2)cn1C,7b(DMABA) + 6b + 1a,
COC(=O)c1ccc(NC(=O)c2cccc(NC(=O)c3csc(NC(=O)CCCN(C)C)n3)c2)cc1,7b(DMABA) + 6b + 5a,
COC(=O)c1cccc(NC(=O)c2cccc(NC(=O)c3csc(NC(=O)CCCN(C)C)n3)c2)c1,7b(DMABA) + 6b + 6a,
CCOC(=O)c1csc(NC(=O)c2cccc(NC(=O)c3csc(NC(=O)CCCN(C)C)n3)c2)n1,7b(DMABA) + 6b + 7a,
COC(=O)c1cc(NC(=O)c2cccc(NC(=O)c3csc(NC(=O)CCCN(C)C)n3)c2)cs1,7b(DMABA) + 6b + 8a,
CCOC(=O)c1nc(NC(=O)c2cccc(NC(=O)c3csc(NC(=O)CCCN(C)C)n3)c2)cn1C,7b(DMABA) + 6b + 9a,
COC(=O)c1cc2c3c(ccc2[nH]1)N(C(=O)c1cccc(NC(=O)c2csc(NC(=O)CCCN(C)C)n2)c1)CC3,7b(DMABA) + 6b + 10a,
COC(=O)c1cc2cc(NC(=O)c3cccc(NC(=O)c4csc(NC(=O)CCCN(C)C)n4)c3)ccc2s1,7b(DMABA) + 6b + 11a,
COC(=O)c1cc2cc(NC(=O)c3cccc(NC(=O)c4csc(NC(=O)CCCN(C)C)n4)c3)ccc2o1,7b(DMABA) + 6b + 12a,
CCOC(=O)c1cc2cc(NC(=O)c3cccc(NC(=O)c4csc(NC(=O)CCCN(C)C)n4)c3)ccc2[nH]1,7b(DMABA) + 6b + 13a,
COC(=O)c1nc2ccc(NC(=O)c3cccc(NC(=O)c4csc(NC(=O)CCCN(C)C)n4)c3)cc2o1,7b(DMABA) + 6b + 14a,
COC(=O)c1nc2cc(NC(=O)c3cccc(NC(=O)c4csc(NC(=O)CCCN(C)C)n4)c3)ccc2[nH]1,7b(DMABA) + 6b + 15a,
COC(=O)c1cc(NC(=O)c2csc(NC(=O)c3csc(NC(=O)CCCN(C)C)n3)n2)cn1C,7b(DMABA) + 7b + 1a,
COC(=O)c1ccc(NC(=O)c2csc(NC(=O)c3csc(NC(=O)CCCN(C)C)n3)n2)cc1,7b(DMABA) + 7b + 5a,
COC(=O)c1cccc(NC(=O)c2csc(NC(=O)c3csc(NC(=O)CCCN(C)C)n3)n2)c1,7b(DMABA) + 7b + 6a,
CCOC(=O)c1csc(NC(=O)c2csc(NC(=O)c3csc(NC(=O)CCCN(C)C)n3)n2)n1,7b(DMABA) + 7b + 7a,
COC(=O)c1cc(NC(=O)c2csc(NC(=O)c3csc(NC(=O)CCCN(C)C)n3)n2)cs1,7b(DMABA) + 7b + 8a,
CCOC(=O)c1nc(NC(=O)c2csc(NC(=O)c3csc(NC(=O)CCCN(C)C)n3)n2)cn1C,7b(DMABA) + 7b + 9a,
COC(=O)c1cc2c3c(ccc2[nH]1)N(C(=O)c1csc(NC(=O)c2csc(NC(=O)CCCN(C)C)n2)n1)CC3,7b(DMABA) + 7b + 10a,
COC(=O)c1cc2cc(NC(=O)c3csc(NC(=O)c4csc(NC(=O)CCCN(C)C)n4)n3)ccc2s1,7b(DMABA) + 7b + 11a,
COC(=O)c1cc2cc(NC(=O)c3csc(NC(=O)c4csc(NC(=O)CCCN(C)C)n4)n3)ccc2o1,7b(DMABA) + 7b + 12a,
CCOC(=O)c1cc2cc(NC(=O)c3csc(NC(=O)c4csc(NC(=O)CCCN(C)C)n4)n3)ccc2[nH]1,7b(DMABA) + 7b + 13a,
COC(=O)c1nc2ccc(NC(=O)c3csc(NC(=O)c4csc(NC(=O)CCCN(C)C)n4)n3)cc2o1,7b(DMABA) + 7b + 14a,
COC(=O)c1nc2cc(NC(=O)c3csc(NC(=O)c4csc(NC(=O)CCCN(C)C)n4)n3)ccc2[nH]1,7b(DMABA) + 7b + 15a,
COC(=O)c1cc(NC(=O)c2cc(NC(=O)c3csc(NC(=O)CCCN(C)C)n3)cs2)cn1C,7b(DMABA) + 8b + 1a,
COC(=O)c1ccc(NC(=O)c2cc(NC(=O)c3csc(NC(=O)CCCN(C)C)n3)cs2)cc1,7b(DMABA) + 8b + 5a,
COC(=O)c1cccc(NC(=O)c2cc(NC(=O)c3csc(NC(=O)CCCN(C)C)n3)cs2)c1,7b(DMABA) + 8b + 6a,
CCOC(=O)c1csc(NC(=O)c2cc(NC(=O)c3csc(NC(=O)CCCN(C)C)n3)cs2)n1,7b(DMABA) + 8b + 7a,
COC(=O)c1cc(NC(=O)c2cc(NC(=O)c3csc(NC(=O)CCCN(C)C)n3)cs2)cs1,7b(DMABA) + 8b + 8a,
CCOC(=O)c1nc(NC(=O)c2cc(NC(=O)c3csc(NC(=O)CCCN(C)C)n3)cs2)cn1C,7b(DMABA) + 8b + 9a,
COC(=O)c1cc2c3c(ccc2[nH]1)N(C(=O)c1cc(NC(=O)c2csc(NC(=O)CCCN(C)C)n2)cs1)CC3,7b(DMABA) + 8b + 10a,
COC(=O)c1cc2cc(NC(=O)c3cc(NC(=O)c4csc(NC(=O)CCCN(C)C)n4)cs3)ccc2s1,7b(DMABA) + 8b + 11a,
COC(=O)c1cc2cc(NC(=O)c3cc(NC(=O)c4csc(NC(=O)CCCN(C)C)n4)cs3)ccc2o1,7b(DMABA) + 8b + 12a,
CCOC(=O)c1cc2cc(NC(=O)c3cc(NC(=O)c4csc(NC(=O)CCCN(C)C)n4)cs3)ccc2[nH]1,7b(DMABA) + 8b + 13a,
COC(=O)c1nc2ccc(NC(=O)c3cc(NC(=O)c4csc(NC(=O)CCCN(C)C)n4)cs3)cc2o1,7b(DMABA) + 8b + 14a,
COC(=O)c1nc2cc(NC(=O)c3cc(NC(=O)c4csc(NC(=O)CCCN(C)C)n4)cs3)ccc2[nH]1,7b(DMABA) + 8b + 15a,
COC(=O)c1cc(NC(=O)c2nc(NC(=O)c3csc(NC(=O)CCCN(C)C)n3)cn2C)cn1C,7b(DMABA) + 9b + 1a,
COC(=O)c1ccc(NC(=O)c2nc(NC(=O)c3csc(NC(=O)CCCN(C)C)n3)cn2C)cc1,7b(DMABA) + 9b + 5a,
COC(=O)c1cccc(NC(=O)c2nc(NC(=O)c3csc(NC(=O)CCCN(C)C)n3)cn2C)c1,7b(DMABA) + 9b + 6a,
CCOC(=O)c1csc(NC(=O)c2nc(NC(=O)c3csc(NC(=O)CCCN(C)C)n3)cn2C)n1,7b(DMABA) + 9b + 7a,
COC(=O)c1cc(NC(=O)c2nc(NC(=O)c3csc(NC(=O)CCCN(C)C)n3)cn2C)cs1,7b(DMABA) + 9b + 8a,
CCOC(=O)c1nc(NC(=O)c2nc(NC(=O)c3csc(NC(=O)CCCN(C)C)n3)cn2C)cn1C,7b(DMABA) + 9b + 9a,
COC(=O)c1cc2c3c(ccc2[nH]1)N(C(=O)c1nc(NC(=O)c2csc(NC(=O)CCCN(C)C)n2)cn1C)CC3,7b(DMABA) + 9b + 10a,
COC(=O)c1cc2cc(NC(=O)c3nc(NC(=O)c4csc(NC(=O)CCCN(C)C)n4)cn3C)ccc2s1,7b(DMABA) + 9b + 11a,
COC(=O)c1cc2cc(NC(=O)c3nc(NC(=O)c4csc(NC(=O)CCCN(C)C)n4)cn3C)ccc2o1,7b(DMABA) + 9b + 12a,
CCOC(=O)c1cc2cc(NC(=O)c3nc(NC(=O)c4csc(NC(=O)CCCN(C)C)n4)cn3C)ccc2[nH]1,7b(DMABA) + 9b + 13a,
COC(=O)c1nc2ccc(NC(=O)c3nc(NC(=O)c4csc(NC(=O)CCCN(C)C)n4)cn3C)cc2o1,7b(DMABA) + 9b + 14a,
COC(=O)c1nc2cc(NC(=O)c3nc(NC(=O)c4csc(NC(=O)CCCN(C)C)n4)cn3C)ccc2[nH]1,7b(DMABA) + 9b + 15a,
COC(=O)c1cc(NC(=O)c2cc3c4c(ccc3[nH]2)N(C(=O)c2csc(NC(=O)CCCN(C)C)n2)CC4)cn1C,7b(DMABA) + 10b + 1a,
COC(=O)c1ccc(NC(=O)c2cc3c4c(ccc3[nH]2)N(C(=O)c2csc(NC(=O)CCCN(C)C)n2)CC4)cc1,7b(DMABA) + 10b + 5a,
COC(=O)c1cccc(NC(=O)c2cc3c4c(ccc3[nH]2)N(C(=O)c2csc(NC(=O)CCCN(C)C)n2)CC4)c1,7b(DMABA) + 10b + 6a,
CCOC(=O)c1csc(NC(=O)c2cc3c4c(ccc3[nH]2)N(C(=O)c2csc(NC(=O)CCCN(C)C)n2)CC4)n1,7b(DMABA) + 10b + 7a,
COC(=O)c1cc(NC(=O)c2cc3c4c(ccc3[nH]2)N(C(=O)c2csc(NC(=O)CCCN(C)C)n2)CC4)cs1,7b(DMABA) + 10b + 8a,
CCOC(=O)c1nc(NC(=O)c2cc3c4c(ccc3[nH]2)N(C(=O)c2csc(NC(=O)CCCN(C)C)n2)CC4)cn1C,7b(DMABA) + 10b + 9a,
COC(=O)c1cc2c3c(ccc2[nH]1)N(C(=O)c1cc2c4c(ccc2[nH]1)N(C(=O)c1csc(NC(=O)CCCN(C)C)n1)CC4)CC3,7b(DMABA) + 10b + 10a,
COC(=O)c1cc2cc(NC(=O)c3cc4c5c(ccc4[nH]3)N(C(=O)c3csc(NC(=O)CCCN(C)C)n3)CC5)ccc2s1,7b(DMABA) + 10b + 11a,
COC(=O)c1cc2cc(NC(=O)c3cc4c5c(ccc4[nH]3)N(C(=O)c3csc(NC(=O)CCCN(C)C)n3)CC5)ccc2o1,7b(DMABA) + 10b + 12a,
CCOC(=O)c1cc2cc(NC(=O)c3cc4c5c(ccc4[nH]3)N(C(=O)c3csc(NC(=O)CCCN(C)C)n3)CC5)ccc2[nH]1,7b(DMABA) + 10b + 13a,
COC(=O)c1nc2ccc(NC(=O)c3cc4c5c(ccc4[nH]3)N(C(=O)c3csc(NC(=O)CCCN(C)C)n3)CC5)cc2o1,7b(DMABA) + 10b + 14a,
COC(=O)c1nc2cc(NC(=O)c3cc4c5c(ccc4[nH]3)N(C(=O)c3csc(NC(=O)CCCN(C)C)n3)CC5)ccc2[nH]1,7b(DMABA) + 10b + 15a,
COC(=O)c1cc(NC(=O)c2cc3cc(NC(=O)c4csc(NC(=O)CCCN(C)C)n4)ccc3s2)cn1C,7b(DMABA) + 11b + 1a,
COC(=O)c1ccc(NC(=O)c2cc3cc(NC(=O)c4csc(NC(=O)CCCN(C)C)n4)ccc3s2)cc1,7b(DMABA) + 11b + 5a,
COC(=O)c1cccc(NC(=O)c2cc3cc(NC(=O)c4csc(NC(=O)CCCN(C)C)n4)ccc3s2)c1,7b(DMABA) + 11b + 6a,
CCOC(=O)c1csc(NC(=O)c2cc3cc(NC(=O)c4csc(NC(=O)CCCN(C)C)n4)ccc3s2)n1,7b(DMABA) + 11b + 7a,
COC(=O)c1cc(NC(=O)c2cc3cc(NC(=O)c4csc(NC(=O)CCCN(C)C)n4)ccc3s2)cs1,7b(DMABA) + 11b + 8a,
CCOC(=O)c1nc(NC(=O)c2cc3cc(NC(=O)c4csc(NC(=O)CCCN(C)C)n4)ccc3s2)cn1C,7b(DMABA) + 11b + 9a,
COC(=O)c1cc2c3c(ccc2[nH]1)N(C(=O)c1cc2cc(NC(=O)c4csc(NC(=O)CCCN(C)C)n4)ccc2s1)CC3,7b(DMABA) + 11b + 10a,
COC(=O)c1cc2cc(NC(=O)c3cc4cc(NC(=O)c5csc(NC(=O)CCCN(C)C)n5)ccc4s3)ccc2s1,7b(DMABA) + 11b + 11a,
COC(=O)c1cc2cc(NC(=O)c3cc4cc(NC(=O)c5csc(NC(=O)CCCN(C)C)n5)ccc4s3)ccc2o1,7b(DMABA) + 11b + 12a,
CCOC(=O)c1cc2cc(NC(=O)c3cc4cc(NC(=O)c5csc(NC(=O)CCCN(C)C)n5)ccc4s3)ccc2[nH]1,7b(DMABA) + 11b + 13a,
COC(=O)c1nc2ccc(NC(=O)c3cc4cc(NC(=O)c5csc(NC(=O)CCCN(C)C)n5)ccc4s3)cc2o1,7b(DMABA) + 11b + 14a,
COC(=O)c1nc2cc(NC(=O)c3cc4cc(NC(=O)c5csc(NC(=O)CCCN(C)C)n5)ccc4s3)ccc2[nH]1,7b(DMABA) + 11b + 15a,
COC(=O)c1cc(NC(=O)c2cc3cc(NC(=O)c4csc(NC(=O)CCCN(C)C)n4)ccc3o2)cn1C,7b(DMABA) + 12b + 1a,
COC(=O)c1ccc(NC(=O)c2cc3cc(NC(=O)c4csc(NC(=O)CCCN(C)C)n4)ccc3o2)cc1,7b(DMABA) + 12b + 5a,
COC(=O)c1cccc(NC(=O)c2cc3cc(NC(=O)c4csc(NC(=O)CCCN(C)C)n4)ccc3o2)c1,7b(DMABA) + 12b + 6a,
CCOC(=O)c1csc(NC(=O)c2cc3cc(NC(=O)c4csc(NC(=O)CCCN(C)C)n4)ccc3o2)n1,7b(DMABA) + 12b + 7a,
COC(=O)c1cc(NC(=O)c2cc3cc(NC(=O)c4csc(NC(=O)CCCN(C)C)n4)ccc3o2)cs1,7b(DMABA) + 12b + 8a,
CCOC(=O)c1nc(NC(=O)c2cc3cc(NC(=O)c4csc(NC(=O)CCCN(C)C)n4)ccc3o2)cn1C,7b(DMABA) + 12b + 9a,
COC(=O)c1cc2c3c(ccc2[nH]1)N(C(=O)c1cc2cc(NC(=O)c4csc(NC(=O)CCCN(C)C)n4)ccc2o1)CC3,7b(DMABA) + 12b + 10a,
COC(=O)c1cc2cc(NC(=O)c3cc4cc(NC(=O)c5csc(NC(=O)CCCN(C)C)n5)ccc4o3)ccc2s1,7b(DMABA) + 12b + 11a,
COC(=O)c1cc2cc(NC(=O)c3cc4cc(NC(=O)c5csc(NC(=O)CCCN(C)C)n5)ccc4o3)ccc2o1,7b(DMABA) + 12b + 12a,
CCOC(=O)c1cc2cc(NC(=O)c3cc4cc(NC(=O)c5csc(NC(=O)CCCN(C)C)n5)ccc4o3)ccc2[nH]1,7b(DMABA) + 12b + 13a,
COC(=O)c1nc2ccc(NC(=O)c3cc4cc(NC(=O)c5csc(NC(=O)CCCN(C)C)n5)ccc4o3)cc2o1,7b(DMABA) + 12b + 14a,
COC(=O)c1nc2cc(NC(=O)c3cc4cc(NC(=O)c5csc(NC(=O)CCCN(C)C)n5)ccc4o3)ccc2[nH]1,7b(DMABA) + 12b + 15a,
COC(=O)c1cc(NC(=O)c2cc3cc(NC(=O)c4csc(NC(=O)CCCN(C)C)n4)ccc3[nH]2)cn1C,7b(DMABA) + 13b + 1a,
COC(=O)c1ccc(NC(=O)c2cc3cc(NC(=O)c4csc(NC(=O)CCCN(C)C)n4)ccc3[nH]2)cc1,7b(DMABA) + 13b + 5a,
COC(=O)c1cccc(NC(=O)c2cc3cc(NC(=O)c4csc(NC(=O)CCCN(C)C)n4)ccc3[nH]2)c1,7b(DMABA) + 13b + 6a,
CCOC(=O)c1csc(NC(=O)c2cc3cc(NC(=O)c4csc(NC(=O)CCCN(C)C)n4)ccc3[nH]2)n1,7b(DMABA) + 13b + 7a,
COC(=O)c1cc(NC(=O)c2cc3cc(NC(=O)c4csc(NC(=O)CCCN(C)C)n4)ccc3[nH]2)cs1,7b(DMABA) + 13b + 8a,
CCOC(=O)c1nc(NC(=O)c2cc3cc(NC(=O)c4csc(NC(=O)CCCN(C)C)n4)ccc3[nH]2)cn1C,7b(DMABA) + 13b + 9a,
COC(=O)c1cc2c3c(ccc2[nH]1)N(C(=O)c1cc2cc(NC(=O)c4csc(NC(=O)CCCN(C)C)n4)ccc2[nH]1)CC3,7b(DMABA) + 13b + 10a,
COC(=O)c1cc2cc(NC(=O)c3cc4cc(NC(=O)c5csc(NC(=O)CCCN(C)C)n5)ccc4[nH]3)ccc2s1,7b(DMABA) + 13b + 11a,
COC(=O)c1cc2cc(NC(=O)c3cc4cc(NC(=O)c5csc(NC(=O)CCCN(C)C)n5)ccc4[nH]3)ccc2o1,7b(DMABA) + 13b + 12a,
CCOC(=O)c1cc2cc(NC(=O)c3cc4cc(NC(=O)c5csc(NC(=O)CCCN(C)C)n5)ccc4[nH]3)ccc2[nH]1,7b(DMABA) + 13b + 13a,
COC(=O)c1nc2ccc(NC(=O)c3cc4cc(NC(=O)c5csc(NC(=O)CCCN(C)C)n5)ccc4[nH]3)cc2o1,7b(DMABA) + 13b + 14a,
COC(=O)c1nc2cc(NC(=O)c3cc4cc(NC(=O)c5csc(NC(=O)CCCN(C)C)n5)ccc4[nH]3)ccc2[nH]1,7b(DMABA) + 13b + 15a,
COC(=O)c1cc(NC(=O)c2nc3ccc(NC(=O)c4csc(NC(=O)CCCN(C)C)n4)cc3o2)cn1C,7b(DMABA) + 14b + 1a,
COC(=O)c1ccc(NC(=O)c2nc3ccc(NC(=O)c4csc(NC(=O)CCCN(C)C)n4)cc3o2)cc1,7b(DMABA) + 14b + 5a,
COC(=O)c1cccc(NC(=O)c2nc3ccc(NC(=O)c4csc(NC(=O)CCCN(C)C)n4)cc3o2)c1,7b(DMABA) + 14b + 6a,
CCOC(=O)c1csc(NC(=O)c2nc3ccc(NC(=O)c4csc(NC(=O)CCCN(C)C)n4)cc3o2)n1,7b(DMABA) + 14b + 7a,
COC(=O)c1cc(NC(=O)c2nc3ccc(NC(=O)c4csc(NC(=O)CCCN(C)C)n4)cc3o2)cs1,7b(DMABA) + 14b + 8a,
CCOC(=O)c1nc(NC(=O)c2nc3ccc(NC(=O)c4csc(NC(=O)CCCN(C)C)n4)cc3o2)cn1C,7b(DMABA) + 14b + 9a,
COC(=O)c1cc2c3c(ccc2[nH]1)N(C(=O)c1nc2ccc(NC(=O)c4csc(NC(=O)CCCN(C)C)n4)cc2o1)CC3,7b(DMABA) + 14b + 10a,
COC(=O)c1cc2cc(NC(=O)c3nc4ccc(NC(=O)c5csc(NC(=O)CCCN(C)C)n5)cc4o3)ccc2s1,7b(DMABA) + 14b + 11a,
COC(=O)c1cc2cc(NC(=O)c3nc4ccc(NC(=O)c5csc(NC(=O)CCCN(C)C)n5)cc4o3)ccc2o1,7b(DMABA) + 14b + 12a,
CCOC(=O)c1cc2cc(NC(=O)c3nc4ccc(NC(=O)c5csc(NC(=O)CCCN(C)C)n5)cc4o3)ccc2[nH]1,7b(DMABA) + 14b + 13a,
COC(=O)c1nc2ccc(NC(=O)c3nc4ccc(NC(=O)c5csc(NC(=O)CCCN(C)C)n5)cc4o3)cc2o1,7b(DMABA) + 14b + 14a,
COC(=O)c1nc2cc(NC(=O)c3nc4ccc(NC(=O)c5csc(NC(=O)CCCN(C)C)n5)cc4o3)ccc2[nH]1,7b(DMABA) + 14b + 15a,
COC(=O)c1cc(NC(=O)c2cc(NC(=O)c3cc(NC(=O)OC(C)(C)C)cs3)cn2C)cn1C,8b(BOC) + 1b + 1a,
COC(=O)c1ccc(NC(=O)c2cc(NC(=O)c3cc(NC(=O)OC(C)(C)C)cs3)cn2C)cc1,8b(BOC) + 1b + 5a,
COC(=O)c1cccc(NC(=O)c2cc(NC(=O)c3cc(NC(=O)OC(C)(C)C)cs3)cn2C)c1,8b(BOC) + 1b + 6a,
CCOC(=O)c1csc(NC(=O)c2cc(NC(=O)c3cc(NC(=O)OC(C)(C)C)cs3)cn2C)n1,8b(BOC) + 1b + 7a,
COC(=O)c1cc(NC(=O)c2cc(NC(=O)c3cc(NC(=O)OC(C)(C)C)cs3)cn2C)cs1,8b(BOC) + 1b + 8a,
CCOC(=O)c1nc(NC(=O)c2cc(NC(=O)c3cc(NC(=O)OC(C)(C)C)cs3)cn2C)cn1C,8b(BOC) + 1b + 9a,
COC(=O)c1cc2c3c(ccc2[nH]1)N(C(=O)c1cc(NC(=O)c2cc(NC(=O)OC(C)(C)C)cs2)cn1C)CC3,8b(BOC) + 1b + 10a,
COC(=O)c1cc2cc(NC(=O)c3cc(NC(=O)c4cc(NC(=O)OC(C)(C)C)cs4)cn3C)ccc2s1,8b(BOC) + 1b + 11a,
COC(=O)c1cc2cc(NC(=O)c3cc(NC(=O)c4cc(NC(=O)OC(C)(C)C)cs4)cn3C)ccc2o1,8b(BOC) + 1b + 12a,
CCOC(=O)c1cc2cc(NC(=O)c3cc(NC(=O)c4cc(NC(=O)OC(C)(C)C)cs4)cn3C)ccc2[nH]1,8b(BOC) + 1b + 13a,
COC(=O)c1nc2ccc(NC(=O)c3cc(NC(=O)c4cc(NC(=O)OC(C)(C)C)cs4)cn3C)cc2o1,8b(BOC) + 1b + 14a,
COC(=O)c1nc2cc(NC(=O)c3cc(NC(=O)c4cc(NC(=O)OC(C)(C)C)cs4)cn3C)ccc2[nH]1,8b(BOC) + 1b + 15a,
COC(=O)c1cc(NC(=O)c2ccc(NC(=O)c3cc(NC(=O)OC(C)(C)C)cs3)cc2)cn1C,8b(BOC) + 5b + 1a,
COC(=O)c1ccc(NC(=O)c2ccc(NC(=O)c3cc(NC(=O)OC(C)(C)C)cs3)cc2)cc1,8b(BOC) + 5b + 5a,
COC(=O)c1cccc(NC(=O)c2ccc(NC(=O)c3cc(NC(=O)OC(C)(C)C)cs3)cc2)c1,8b(BOC) + 5b + 6a,
CCOC(=O)c1csc(NC(=O)c2ccc(NC(=O)c3cc(NC(=O)OC(C)(C)C)cs3)cc2)n1,8b(BOC) + 5b + 7a,
COC(=O)c1cc(NC(=O)c2ccc(NC(=O)c3cc(NC(=O)OC(C)(C)C)cs3)cc2)cs1,8b(BOC) + 5b + 8a,
CCOC(=O)c1nc(NC(=O)c2ccc(NC(=O)c3cc(NC(=O)OC(C)(C)C)cs3)cc2)cn1C,8b(BOC) + 5b + 9a,
COC(=O)c1cc2c3c(ccc2[nH]1)N(C(=O)c1ccc(NC(=O)c2cc(NC(=O)OC(C)(C)C)cs2)cc1)CC3,8b(BOC) + 5b + 10a,
COC(=O)c1cc2cc(NC(=O)c3ccc(NC(=O)c4cc(NC(=O)OC(C)(C)C)cs4)cc3)ccc2s1,8b(BOC) + 5b + 11a,
COC(=O)c1cc2cc(NC(=O)c3ccc(NC(=O)c4cc(NC(=O)OC(C)(C)C)cs4)cc3)ccc2o1,8b(BOC) + 5b + 12a,
CCOC(=O)c1cc2cc(NC(=O)c3ccc(NC(=O)c4cc(NC(=O)OC(C)(C)C)cs4)cc3)ccc2[nH]1,8b(BOC) + 5b + 13a,
COC(=O)c1nc2ccc(NC(=O)c3ccc(NC(=O)c4cc(NC(=O)OC(C)(C)C)cs4)cc3)cc2o1,8b(BOC) + 5b + 14a,
COC(=O)c1nc2cc(NC(=O)c3ccc(NC(=O)c4cc(NC(=O)OC(C)(C)C)cs4)cc3)ccc2[nH]1,8b(BOC) + 5b + 15a,
COC(=O)c1cc(NC(=O)c2cccc(NC(=O)c3cc(NC(=O)OC(C)(C)C)cs3)c2)cn1C,8b(BOC) + 6b + 1a,
COC(=O)c1ccc(NC(=O)c2cccc(NC(=O)c3cc(NC(=O)OC(C)(C)C)cs3)c2)cc1,8b(BOC) + 6b + 5a,
COC(=O)c1cccc(NC(=O)c2cccc(NC(=O)c3cc(NC(=O)OC(C)(C)C)cs3)c2)c1,8b(BOC) + 6b + 6a,
CCOC(=O)c1csc(NC(=O)c2cccc(NC(=O)c3cc(NC(=O)OC(C)(C)C)cs3)c2)n1,8b(BOC) + 6b + 7a,
COC(=O)c1cc(NC(=O)c2cccc(NC(=O)c3cc(NC(=O)OC(C)(C)C)cs3)c2)cs1,8b(BOC) + 6b + 8a,
CCOC(=O)c1nc(NC(=O)c2cccc(NC(=O)c3cc(NC(=O)OC(C)(C)C)cs3)c2)cn1C,8b(BOC) + 6b + 9a,
COC(=O)c1cc2c3c(ccc2[nH]1)N(C(=O)c1cccc(NC(=O)c2cc(NC(=O)OC(C)(C)C)cs2)c1)CC3,8b(BOC) + 6b + 10a,
COC(=O)c1cc2cc(NC(=O)c3cccc(NC(=O)c4cc(NC(=O)OC(C)(C)C)cs4)c3)ccc2s1,8b(BOC) + 6b + 11a,
COC(=O)c1cc2cc(NC(=O)c3cccc(NC(=O)c4cc(NC(=O)OC(C)(C)C)cs4)c3)ccc2o1,8b(BOC) + 6b + 12a,
CCOC(=O)c1cc2cc(NC(=O)c3cccc(NC(=O)c4cc(NC(=O)OC(C)(C)C)cs4)c3)ccc2[nH]1,8b(BOC) + 6b + 13a,
COC(=O)c1nc2ccc(NC(=O)c3cccc(NC(=O)c4cc(NC(=O)OC(C)(C)C)cs4)c3)cc2o1,8b(BOC) + 6b + 14a,
COC(=O)c1nc2cc(NC(=O)c3cccc(NC(=O)c4cc(NC(=O)OC(C)(C)C)cs4)c3)ccc2[nH]1,8b(BOC) + 6b + 15a,
COC(=O)c1cc(NC(=O)c2csc(NC(=O)c3cc(NC(=O)OC(C)(C)C)cs3)n2)cn1C,8b(BOC) + 7b + 1a,
COC(=O)c1ccc(NC(=O)c2csc(NC(=O)c3cc(NC(=O)OC(C)(C)C)cs3)n2)cc1,8b(BOC) + 7b + 5a,
COC(=O)c1cccc(NC(=O)c2csc(NC(=O)c3cc(NC(=O)OC(C)(C)C)cs3)n2)c1,8b(BOC) + 7b + 6a,
CCOC(=O)c1csc(NC(=O)c2csc(NC(=O)c3cc(NC(=O)OC(C)(C)C)cs3)n2)n1,8b(BOC) + 7b + 7a,
COC(=O)c1cc(NC(=O)c2csc(NC(=O)c3cc(NC(=O)OC(C)(C)C)cs3)n2)cs1,8b(BOC) + 7b + 8a,
CCOC(=O)c1nc(NC(=O)c2csc(NC(=O)c3cc(NC(=O)OC(C)(C)C)cs3)n2)cn1C,8b(BOC) + 7b + 9a,
COC(=O)c1cc2c3c(ccc2[nH]1)N(C(=O)c1csc(NC(=O)c2cc(NC(=O)OC(C)(C)C)cs2)n1)CC3,8b(BOC) + 7b + 10a,
COC(=O)c1cc2cc(NC(=O)c3csc(NC(=O)c4cc(NC(=O)OC(C)(C)C)cs4)n3)ccc2s1,8b(BOC) + 7b + 11a,
COC(=O)c1cc2cc(NC(=O)c3csc(NC(=O)c4cc(NC(=O)OC(C)(C)C)cs4)n3)ccc2o1,8b(BOC) + 7b + 12a,
CCOC(=O)c1cc2cc(NC(=O)c3csc(NC(=O)c4cc(NC(=O)OC(C)(C)C)cs4)n3)ccc2[nH]1,8b(BOC) + 7b + 13a,
COC(=O)c1nc2ccc(NC(=O)c3csc(NC(=O)c4cc(NC(=O)OC(C)(C)C)cs4)n3)cc2o1,8b(BOC) + 7b + 14a,
COC(=O)c1nc2cc(NC(=O)c3csc(NC(=O)c4cc(NC(=O)OC(C)(C)C)cs4)n3)ccc2[nH]1,8b(BOC) + 7b + 15a,
COC(=O)c1cc(NC(=O)c2cc(NC(=O)c3cc(NC(=O)OC(C)(C)C)cs3)cs2)cn1C,8b(BOC) + 8b + 1a,
COC(=O)c1ccc(NC(=O)c2cc(NC(=O)c3cc(NC(=O)OC(C)(C)C)cs3)cs2)cc1,8b(BOC) + 8b + 5a,
COC(=O)c1cccc(NC(=O)c2cc(NC(=O)c3cc(NC(=O)OC(C)(C)C)cs3)cs2)c1,8b(BOC) + 8b + 6a,
CCOC(=O)c1csc(NC(=O)c2cc(NC(=O)c3cc(NC(=O)OC(C)(C)C)cs3)cs2)n1,8b(BOC) + 8b + 7a,
COC(=O)c1cc(NC(=O)c2cc(NC(=O)c3cc(NC(=O)OC(C)(C)C)cs3)cs2)cs1,8b(BOC) + 8b + 8a,
CCOC(=O)c1nc(NC(=O)c2cc(NC(=O)c3cc(NC(=O)OC(C)(C)C)cs3)cs2)cn1C,8b(BOC) + 8b + 9a,
COC(=O)c1cc2c3c(ccc2[nH]1)N(C(=O)c1cc(NC(=O)c2cc(NC(=O)OC(C)(C)C)cs2)cs1)CC3,8b(BOC) + 8b + 10a,
COC(=O)c1cc2cc(NC(=O)c3cc(NC(=O)c4cc(NC(=O)OC(C)(C)C)cs4)cs3)ccc2s1,8b(BOC) + 8b + 11a,
COC(=O)c1cc2cc(NC(=O)c3cc(NC(=O)c4cc(NC(=O)OC(C)(C)C)cs4)cs3)ccc2o1,8b(BOC) + 8b + 12a,
CCOC(=O)c1cc2cc(NC(=O)c3cc(NC(=O)c4cc(NC(=O)OC(C)(C)C)cs4)cs3)ccc2[nH]1,8b(BOC) + 8b + 13a,
COC(=O)c1nc2ccc(NC(=O)c3cc(NC(=O)c4cc(NC(=O)OC(C)(C)C)cs4)cs3)cc2o1,8b(BOC) + 8b + 14a,
COC(=O)c1nc2cc(NC(=O)c3cc(NC(=O)c4cc(NC(=O)OC(C)(C)C)cs4)cs3)ccc2[nH]1,8b(BOC) + 8b + 15a,
COC(=O)c1cc(NC(=O)c2nc(NC(=O)c3cc(NC(=O)OC(C)(C)C)cs3)cn2C)cn1C,8b(BOC) + 9b + 1a,
COC(=O)c1ccc(NC(=O)c2nc(NC(=O)c3cc(NC(=O)OC(C)(C)C)cs3)cn2C)cc1,8b(BOC) + 9b + 5a,
COC(=O)c1cccc(NC(=O)c2nc(NC(=O)c3cc(NC(=O)OC(C)(C)C)cs3)cn2C)c1,8b(BOC) + 9b + 6a,
CCOC(=O)c1csc(NC(=O)c2nc(NC(=O)c3cc(NC(=O)OC(C)(C)C)cs3)cn2C)n1,8b(BOC) + 9b + 7a,
COC(=O)c1cc(NC(=O)c2nc(NC(=O)c3cc(NC(=O)OC(C)(C)C)cs3)cn2C)cs1,8b(BOC) + 9b + 8a,
CCOC(=O)c1nc(NC(=O)c2nc(NC(=O)c3cc(NC(=O)OC(C)(C)C)cs3)cn2C)cn1C,8b(BOC) + 9b + 9a,
COC(=O)c1cc2c3c(ccc2[nH]1)N(C(=O)c1nc(NC(=O)c2cc(NC(=O)OC(C)(C)C)cs2)cn1C)CC3,8b(BOC) + 9b + 10a,
COC(=O)c1cc2cc(NC(=O)c3nc(NC(=O)c4cc(NC(=O)OC(C)(C)C)cs4)cn3C)ccc2s1,8b(BOC) + 9b + 11a,
COC(=O)c1cc2cc(NC(=O)c3nc(NC(=O)c4cc(NC(=O)OC(C)(C)C)cs4)cn3C)ccc2o1,8b(BOC) + 9b + 12a,
CCOC(=O)c1cc2cc(NC(=O)c3nc(NC(=O)c4cc(NC(=O)OC(C)(C)C)cs4)cn3C)ccc2[nH]1,8b(BOC) + 9b + 13a,
COC(=O)c1nc2ccc(NC(=O)c3nc(NC(=O)c4cc(NC(=O)OC(C)(C)C)cs4)cn3C)cc2o1,8b(BOC) + 9b + 14a,
COC(=O)c1nc2cc(NC(=O)c3nc(NC(=O)c4cc(NC(=O)OC(C)(C)C)cs4)cn3C)ccc2[nH]1,8b(BOC) + 9b + 15a,
COC(=O)c1cc(NC(=O)c2cc3c4c(ccc3[nH]2)N(C(=O)c2cc(NC(=O)OC(C)(C)C)cs2)CC4)cn1C,8b(BOC) + 10b + 1a,
COC(=O)c1ccc(NC(=O)c2cc3c4c(ccc3[nH]2)N(C(=O)c2cc(NC(=O)OC(C)(C)C)cs2)CC4)cc1,8b(BOC) + 10b + 5a,
COC(=O)c1cccc(NC(=O)c2cc3c4c(ccc3[nH]2)N(C(=O)c2cc(NC(=O)OC(C)(C)C)cs2)CC4)c1,8b(BOC) + 10b + 6a,
CCOC(=O)c1csc(NC(=O)c2cc3c4c(ccc3[nH]2)N(C(=O)c2cc(NC(=O)OC(C)(C)C)cs2)CC4)n1,8b(BOC) + 10b + 7a,
COC(=O)c1cc(NC(=O)c2cc3c4c(ccc3[nH]2)N(C(=O)c2cc(NC(=O)OC(C)(C)C)cs2)CC4)cs1,8b(BOC) + 10b + 8a,
CCOC(=O)c1nc(NC(=O)c2cc3c4c(ccc3[nH]2)N(C(=O)c2cc(NC(=O)OC(C)(C)C)cs2)CC4)cn1C,8b(BOC) + 10b + 9a,
COC(=O)c1cc2c3c(ccc2[nH]1)N(C(=O)c1cc2c4c(ccc2[nH]1)N(C(=O)c1cc(NC(=O)OC(C)(C)C)cs1)CC4)CC3,8b(BOC) + 10b + 10a,
COC(=O)c1cc2cc(NC(=O)c3cc4c5c(ccc4[nH]3)N(C(=O)c3cc(NC(=O)OC(C)(C)C)cs3)CC5)ccc2s1,8b(BOC) + 10b + 11a,
COC(=O)c1cc2cc(NC(=O)c3cc4c5c(ccc4[nH]3)N(C(=O)c3cc(NC(=O)OC(C)(C)C)cs3)CC5)ccc2o1,8b(BOC) + 10b + 12a,
CCOC(=O)c1cc2cc(NC(=O)c3cc4c5c(ccc4[nH]3)N(C(=O)c3cc(NC(=O)OC(C)(C)C)cs3)CC5)ccc2[nH]1,8b(BOC) + 10b + 13a,
COC(=O)c1nc2ccc(NC(=O)c3cc4c5c(ccc4[nH]3)N(C(=O)c3cc(NC(=O)OC(C)(C)C)cs3)CC5)cc2o1,8b(BOC) + 10b + 14a,
COC(=O)c1nc2cc(NC(=O)c3cc4c5c(ccc4[nH]3)N(C(=O)c3cc(NC(=O)OC(C)(C)C)cs3)CC5)ccc2[nH]1,8b(BOC) + 10b + 15a,
COC(=O)c1cc(NC(=O)c2cc3cc(NC(=O)c4cc(NC(=O)OC(C)(C)C)cs4)ccc3s2)cn1C,8b(BOC) + 11b + 1a,
COC(=O)c1ccc(NC(=O)c2cc3cc(NC(=O)c4cc(NC(=O)OC(C)(C)C)cs4)ccc3s2)cc1,8b(BOC) + 11b + 5a,
COC(=O)c1cccc(NC(=O)c2cc3cc(NC(=O)c4cc(NC(=O)OC(C)(C)C)cs4)ccc3s2)c1,8b(BOC) + 11b + 6a,
CCOC(=O)c1csc(NC(=O)c2cc3cc(NC(=O)c4cc(NC(=O)OC(C)(C)C)cs4)ccc3s2)n1,8b(BOC) + 11b + 7a,
COC(=O)c1cc(NC(=O)c2cc3cc(NC(=O)c4cc(NC(=O)OC(C)(C)C)cs4)ccc3s2)cs1,8b(BOC) + 11b + 8a,
CCOC(=O)c1nc(NC(=O)c2cc3cc(NC(=O)c4cc(NC(=O)OC(C)(C)C)cs4)ccc3s2)cn1C,8b(BOC) + 11b + 9a,
COC(=O)c1cc2c3c(ccc2[nH]1)N(C(=O)c1cc2cc(NC(=O)c4cc(NC(=O)OC(C)(C)C)cs4)ccc2s1)CC3,8b(BOC) + 11b + 10a,
COC(=O)c1cc2cc(NC(=O)c3cc4cc(NC(=O)c5cc(NC(=O)OC(C)(C)C)cs5)ccc4s3)ccc2s1,8b(BOC) + 11b + 11a,
COC(=O)c1cc2cc(NC(=O)c3cc4cc(NC(=O)c5cc(NC(=O)OC(C)(C)C)cs5)ccc4s3)ccc2o1,8b(BOC) + 11b + 12a,
CCOC(=O)c1cc2cc(NC(=O)c3cc4cc(NC(=O)c5cc(NC(=O)OC(C)(C)C)cs5)ccc4s3)ccc2[nH]1,8b(BOC) + 11b + 13a,
COC(=O)c1nc2ccc(NC(=O)c3cc4cc(NC(=O)c5cc(NC(=O)OC(C)(C)C)cs5)ccc4s3)cc2o1,8b(BOC) + 11b + 14a,
COC(=O)c1nc2cc(NC(=O)c3cc4cc(NC(=O)c5cc(NC(=O)OC(C)(C)C)cs5)ccc4s3)ccc2[nH]1,8b(BOC) + 11b + 15a,
COC(=O)c1cc(NC(=O)c2cc3cc(NC(=O)c4cc(NC(=O)OC(C)(C)C)cs4)ccc3o2)cn1C,8b(BOC) + 12b + 1a,
COC(=O)c1ccc(NC(=O)c2cc3cc(NC(=O)c4cc(NC(=O)OC(C)(C)C)cs4)ccc3o2)cc1,8b(BOC) + 12b + 5a,
COC(=O)c1cccc(NC(=O)c2cc3cc(NC(=O)c4cc(NC(=O)OC(C)(C)C)cs4)ccc3o2)c1,8b(BOC) + 12b + 6a,
CCOC(=O)c1csc(NC(=O)c2cc3cc(NC(=O)c4cc(NC(=O)OC(C)(C)C)cs4)ccc3o2)n1,8b(BOC) + 12b + 7a,
COC(=O)c1cc(NC(=O)c2cc3cc(NC(=O)c4cc(NC(=O)OC(C)(C)C)cs4)ccc3o2)cs1,8b(BOC) + 12b + 8a,
CCOC(=O)c1nc(NC(=O)c2cc3cc(NC(=O)c4cc(NC(=O)OC(C)(C)C)cs4)ccc3o2)cn1C,8b(BOC) + 12b + 9a,
COC(=O)c1cc2c3c(ccc2[nH]1)N(C(=O)c1cc2cc(NC(=O)c4cc(NC(=O)OC(C)(C)C)cs4)ccc2o1)CC3,8b(BOC) + 12b + 10a,
COC(=O)c1cc2cc(NC(=O)c3cc4cc(NC(=O)c5cc(NC(=O)OC(C)(C)C)cs5)ccc4o3)ccc2s1,8b(BOC) + 12b + 11a,
COC(=O)c1cc2cc(NC(=O)c3cc4cc(NC(=O)c5cc(NC(=O)OC(C)(C)C)cs5)ccc4o3)ccc2o1,8b(BOC) + 12b + 12a,
CCOC(=O)c1cc2cc(NC(=O)c3cc4cc(NC(=O)c5cc(NC(=O)OC(C)(C)C)cs5)ccc4o3)ccc2[nH]1,8b(BOC) + 12b + 13a,
COC(=O)c1nc2ccc(NC(=O)c3cc4cc(NC(=O)c5cc(NC(=O)OC(C)(C)C)cs5)ccc4o3)cc2o1,8b(BOC) + 12b + 14a,
COC(=O)c1nc2cc(NC(=O)c3cc4cc(NC(=O)c5cc(NC(=O)OC(C)(C)C)cs5)ccc4o3)ccc2[nH]1,8b(BOC) + 12b + 15a,
COC(=O)c1cc(NC(=O)c2cc3cc(NC(=O)c4cc(NC(=O)OC(C)(C)C)cs4)ccc3[nH]2)cn1C,8b(BOC) + 13b + 1a,
COC(=O)c1ccc(NC(=O)c2cc3cc(NC(=O)c4cc(NC(=O)OC(C)(C)C)cs4)ccc3[nH]2)cc1,8b(BOC) + 13b + 5a,
COC(=O)c1cccc(NC(=O)c2cc3cc(NC(=O)c4cc(NC(=O)OC(C)(C)C)cs4)ccc3[nH]2)c1,8b(BOC) + 13b + 6a,
CCOC(=O)c1csc(NC(=O)c2cc3cc(NC(=O)c4cc(NC(=O)OC(C)(C)C)cs4)ccc3[nH]2)n1,8b(BOC) + 13b + 7a,
COC(=O)c1cc(NC(=O)c2cc3cc(NC(=O)c4cc(NC(=O)OC(C)(C)C)cs4)ccc3[nH]2)cs1,8b(BOC) + 13b + 8a,
CCOC(=O)c1nc(NC(=O)c2cc3cc(NC(=O)c4cc(NC(=O)OC(C)(C)C)cs4)ccc3[nH]2)cn1C,8b(BOC) + 13b + 9a,
COC(=O)c1cc2c3c(ccc2[nH]1)N(C(=O)c1cc2cc(NC(=O)c4cc(NC(=O)OC(C)(C)C)cs4)ccc2[nH]1)CC3,8b(BOC) + 13b + 10a,
COC(=O)c1cc2cc(NC(=O)c3cc4cc(NC(=O)c5cc(NC(=O)OC(C)(C)C)cs5)ccc4[nH]3)ccc2s1,8b(BOC) + 13b + 11a,
COC(=O)c1cc2cc(NC(=O)c3cc4cc(NC(=O)c5cc(NC(=O)OC(C)(C)C)cs5)ccc4[nH]3)ccc2o1,8b(BOC) + 13b + 12a,
CCOC(=O)c1cc2cc(NC(=O)c3cc4cc(NC(=O)c5cc(NC(=O)OC(C)(C)C)cs5)ccc4[nH]3)ccc2[nH]1,8b(BOC) + 13b + 13a,
COC(=O)c1nc2ccc(NC(=O)c3cc4cc(NC(=O)c5cc(NC(=O)OC(C)(C)C)cs5)ccc4[nH]3)cc2o1,8b(BOC) + 13b + 14a,
COC(=O)c1nc2cc(NC(=O)c3cc4cc(NC(=O)c5cc(NC(=O)OC(C)(C)C)cs5)ccc4[nH]3)ccc2[nH]1,8b(BOC) + 13b + 15a,
COC(=O)c1cc(NC(=O)c2nc3ccc(NC(=O)c4cc(NC(=O)OC(C)(C)C)cs4)cc3o2)cn1C,8b(BOC) + 14b + 1a,
COC(=O)c1ccc(NC(=O)c2nc3ccc(NC(=O)c4cc(NC(=O)OC(C)(C)C)cs4)cc3o2)cc1,8b(BOC) + 14b + 5a,
COC(=O)c1cccc(NC(=O)c2nc3ccc(NC(=O)c4cc(NC(=O)OC(C)(C)C)cs4)cc3o2)c1,8b(BOC) + 14b + 6a,
CCOC(=O)c1csc(NC(=O)c2nc3ccc(NC(=O)c4cc(NC(=O)OC(C)(C)C)cs4)cc3o2)n1,8b(BOC) + 14b + 7a,
COC(=O)c1cc(NC(=O)c2nc3ccc(NC(=O)c4cc(NC(=O)OC(C)(C)C)cs4)cc3o2)cs1,8b(BOC) + 14b + 8a,
CCOC(=O)c1nc(NC(=O)c2nc3ccc(NC(=O)c4cc(NC(=O)OC(C)(C)C)cs4)cc3o2)cn1C,8b(BOC) + 14b + 9a,
COC(=O)c1cc2c3c(ccc2[nH]1)N(C(=O)c1nc2ccc(NC(=O)c4cc(NC(=O)OC(C)(C)C)cs4)cc2o1)CC3,8b(BOC) + 14b + 10a,
COC(=O)c1cc2cc(NC(=O)c3nc4ccc(NC(=O)c5cc(NC(=O)OC(C)(C)C)cs5)cc4o3)ccc2s1,8b(BOC) + 14b + 11a,
COC(=O)c1cc2cc(NC(=O)c3nc4ccc(NC(=O)c5cc(NC(=O)OC(C)(C)C)cs5)cc4o3)ccc2o1,8b(BOC) + 14b + 12a,
CCOC(=O)c1cc2cc(NC(=O)c3nc4ccc(NC(=O)c5cc(NC(=O)OC(C)(C)C)cs5)cc4o3)ccc2[nH]1,8b(BOC) + 14b + 13a,
COC(=O)c1nc2ccc(NC(=O)c3nc4ccc(NC(=O)c5cc(NC(=O)OC(C)(C)C)cs5)cc4o3)cc2o1,8b(BOC) + 14b + 14a,
COC(=O)c1nc2cc(NC(=O)c3nc4ccc(NC(=O)c5cc(NC(=O)OC(C)(C)C)cs5)cc4o3)ccc2[nH]1,8b(BOC) + 14b + 15a,
COC(=O)c1cc(NC(=O)c2cc(NC(=O)c3cc(NC(=O)CCCN(C)C)cs3)cn2C)cn1C,8b(DMABA) + 1b + 1a,
COC(=O)c1ccc(NC(=O)c2cc(NC(=O)c3cc(NC(=O)CCCN(C)C)cs3)cn2C)cc1,8b(DMABA) + 1b + 5a,
COC(=O)c1cccc(NC(=O)c2cc(NC(=O)c3cc(NC(=O)CCCN(C)C)cs3)cn2C)c1,8b(DMABA) + 1b + 6a,
CCOC(=O)c1csc(NC(=O)c2cc(NC(=O)c3cc(NC(=O)CCCN(C)C)cs3)cn2C)n1,8b(DMABA) + 1b + 7a,
COC(=O)c1cc(NC(=O)c2cc(NC(=O)c3cc(NC(=O)CCCN(C)C)cs3)cn2C)cs1,8b(DMABA) + 1b + 8a,
CCOC(=O)c1nc(NC(=O)c2cc(NC(=O)c3cc(NC(=O)CCCN(C)C)cs3)cn2C)cn1C,8b(DMABA) + 1b + 9a,
COC(=O)c1cc2c3c(ccc2[nH]1)N(C(=O)c1cc(NC(=O)c2cc(NC(=O)CCCN(C)C)cs2)cn1C)CC3,8b(DMABA) + 1b + 10a,
COC(=O)c1cc2cc(NC(=O)c3cc(NC(=O)c4cc(NC(=O)CCCN(C)C)cs4)cn3C)ccc2s1,8b(DMABA) + 1b + 11a,
COC(=O)c1cc2cc(NC(=O)c3cc(NC(=O)c4cc(NC(=O)CCCN(C)C)cs4)cn3C)ccc2o1,8b(DMABA) + 1b + 12a,
CCOC(=O)c1cc2cc(NC(=O)c3cc(NC(=O)c4cc(NC(=O)CCCN(C)C)cs4)cn3C)ccc2[nH]1,8b(DMABA) + 1b + 13a,
COC(=O)c1nc2ccc(NC(=O)c3cc(NC(=O)c4cc(NC(=O)CCCN(C)C)cs4)cn3C)cc2o1,8b(DMABA) + 1b + 14a,
COC(=O)c1nc2cc(NC(=O)c3cc(NC(=O)c4cc(NC(=O)CCCN(C)C)cs4)cn3C)ccc2[nH]1,8b(DMABA) + 1b + 15a,
COC(=O)c1cc(NC(=O)c2ccc(NC(=O)c3cc(NC(=O)CCCN(C)C)cs3)cc2)cn1C,8b(DMABA) + 5b + 1a,
COC(=O)c1ccc(NC(=O)c2ccc(NC(=O)c3cc(NC(=O)CCCN(C)C)cs3)cc2)cc1,8b(DMABA) + 5b + 5a,
COC(=O)c1cccc(NC(=O)c2ccc(NC(=O)c3cc(NC(=O)CCCN(C)C)cs3)cc2)c1,8b(DMABA) + 5b + 6a,
CCOC(=O)c1csc(NC(=O)c2ccc(NC(=O)c3cc(NC(=O)CCCN(C)C)cs3)cc2)n1,8b(DMABA) + 5b + 7a,
COC(=O)c1cc(NC(=O)c2ccc(NC(=O)c3cc(NC(=O)CCCN(C)C)cs3)cc2)cs1,8b(DMABA) + 5b + 8a,
CCOC(=O)c1nc(NC(=O)c2ccc(NC(=O)c3cc(NC(=O)CCCN(C)C)cs3)cc2)cn1C,8b(DMABA) + 5b + 9a,
COC(=O)c1cc2c3c(ccc2[nH]1)N(C(=O)c1ccc(NC(=O)c2cc(NC(=O)CCCN(C)C)cs2)cc1)CC3,8b(DMABA) + 5b + 10a,
COC(=O)c1cc2cc(NC(=O)c3ccc(NC(=O)c4cc(NC(=O)CCCN(C)C)cs4)cc3)ccc2s1,8b(DMABA) + 5b + 11a,
COC(=O)c1cc2cc(NC(=O)c3ccc(NC(=O)c4cc(NC(=O)CCCN(C)C)cs4)cc3)ccc2o1,8b(DMABA) + 5b + 12a,
CCOC(=O)c1cc2cc(NC(=O)c3ccc(NC(=O)c4cc(NC(=O)CCCN(C)C)cs4)cc3)ccc2[nH]1,8b(DMABA) + 5b + 13a,
COC(=O)c1nc2ccc(NC(=O)c3ccc(NC(=O)c4cc(NC(=O)CCCN(C)C)cs4)cc3)cc2o1,8b(DMABA) + 5b + 14a,
COC(=O)c1nc2cc(NC(=O)c3ccc(NC(=O)c4cc(NC(=O)CCCN(C)C)cs4)cc3)ccc2[nH]1,8b(DMABA) + 5b + 15a,
COC(=O)c1cc(NC(=O)c2cccc(NC(=O)c3cc(NC(=O)CCCN(C)C)cs3)c2)cn1C,8b(DMABA) + 6b + 1a,
COC(=O)c1ccc(NC(=O)c2cccc(NC(=O)c3cc(NC(=O)CCCN(C)C)cs3)c2)cc1,8b(DMABA) + 6b + 5a,
COC(=O)c1cccc(NC(=O)c2cccc(NC(=O)c3cc(NC(=O)CCCN(C)C)cs3)c2)c1,8b(DMABA) + 6b + 6a,
CCOC(=O)c1csc(NC(=O)c2cccc(NC(=O)c3cc(NC(=O)CCCN(C)C)cs3)c2)n1,8b(DMABA) + 6b + 7a,
COC(=O)c1cc(NC(=O)c2cccc(NC(=O)c3cc(NC(=O)CCCN(C)C)cs3)c2)cs1,8b(DMABA) + 6b + 8a,
CCOC(=O)c1nc(NC(=O)c2cccc(NC(=O)c3cc(NC(=O)CCCN(C)C)cs3)c2)cn1C,8b(DMABA) + 6b + 9a,
COC(=O)c1cc2c3c(ccc2[nH]1)N(C(=O)c1cccc(NC(=O)c2cc(NC(=O)CCCN(C)C)cs2)c1)CC3,8b(DMABA) + 6b + 10a,
COC(=O)c1cc2cc(NC(=O)c3cccc(NC(=O)c4cc(NC(=O)CCCN(C)C)cs4)c3)ccc2s1,8b(DMABA) + 6b + 11a,
COC(=O)c1cc2cc(NC(=O)c3cccc(NC(=O)c4cc(NC(=O)CCCN(C)C)cs4)c3)ccc2o1,8b(DMABA) + 6b + 12a,
CCOC(=O)c1cc2cc(NC(=O)c3cccc(NC(=O)c4cc(NC(=O)CCCN(C)C)cs4)c3)ccc2[nH]1,8b(DMABA) + 6b + 13a,
COC(=O)c1nc2ccc(NC(=O)c3cccc(NC(=O)c4cc(NC(=O)CCCN(C)C)cs4)c3)cc2o1,8b(DMABA) + 6b + 14a,
COC(=O)c1nc2cc(NC(=O)c3cccc(NC(=O)c4cc(NC(=O)CCCN(C)C)cs4)c3)ccc2[nH]1,8b(DMABA) + 6b + 15a,
COC(=O)c1cc(NC(=O)c2csc(NC(=O)c3cc(NC(=O)CCCN(C)C)cs3)n2)cn1C,8b(DMABA) + 7b + 1a,
COC(=O)c1ccc(NC(=O)c2csc(NC(=O)c3cc(NC(=O)CCCN(C)C)cs3)n2)cc1,8b(DMABA) + 7b + 5a,
COC(=O)c1cccc(NC(=O)c2csc(NC(=O)c3cc(NC(=O)CCCN(C)C)cs3)n2)c1,8b(DMABA) + 7b + 6a,
CCOC(=O)c1csc(NC(=O)c2csc(NC(=O)c3cc(NC(=O)CCCN(C)C)cs3)n2)n1,8b(DMABA) + 7b + 7a,
COC(=O)c1cc(NC(=O)c2csc(NC(=O)c3cc(NC(=O)CCCN(C)C)cs3)n2)cs1,8b(DMABA) + 7b + 8a,
CCOC(=O)c1nc(NC(=O)c2csc(NC(=O)c3cc(NC(=O)CCCN(C)C)cs3)n2)cn1C,8b(DMABA) + 7b + 9a,
COC(=O)c1cc2c3c(ccc2[nH]1)N(C(=O)c1csc(NC(=O)c2cc(NC(=O)CCCN(C)C)cs2)n1)CC3,8b(DMABA) + 7b + 10a,
COC(=O)c1cc2cc(NC(=O)c3csc(NC(=O)c4cc(NC(=O)CCCN(C)C)cs4)n3)ccc2s1,8b(DMABA) + 7b + 11a,
COC(=O)c1cc2cc(NC(=O)c3csc(NC(=O)c4cc(NC(=O)CCCN(C)C)cs4)n3)ccc2o1,8b(DMABA) + 7b + 12a,
CCOC(=O)c1cc2cc(NC(=O)c3csc(NC(=O)c4cc(NC(=O)CCCN(C)C)cs4)n3)ccc2[nH]1,8b(DMABA) + 7b + 13a,
COC(=O)c1nc2ccc(NC(=O)c3csc(NC(=O)c4cc(NC(=O)CCCN(C)C)cs4)n3)cc2o1,8b(DMABA) + 7b + 14a,
COC(=O)c1nc2cc(NC(=O)c3csc(NC(=O)c4cc(NC(=O)CCCN(C)C)cs4)n3)ccc2[nH]1,8b(DMABA) + 7b + 15a,
COC(=O)c1cc(NC(=O)c2cc(NC(=O)c3cc(NC(=O)CCCN(C)C)cs3)cs2)cn1C,8b(DMABA) + 8b + 1a,
COC(=O)c1ccc(NC(=O)c2cc(NC(=O)c3cc(NC(=O)CCCN(C)C)cs3)cs2)cc1,8b(DMABA) + 8b + 5a,
COC(=O)c1cccc(NC(=O)c2cc(NC(=O)c3cc(NC(=O)CCCN(C)C)cs3)cs2)c1,8b(DMABA) + 8b + 6a,
CCOC(=O)c1csc(NC(=O)c2cc(NC(=O)c3cc(NC(=O)CCCN(C)C)cs3)cs2)n1,8b(DMABA) + 8b + 7a,
COC(=O)c1cc(NC(=O)c2cc(NC(=O)c3cc(NC(=O)CCCN(C)C)cs3)cs2)cs1,8b(DMABA) + 8b + 8a,
CCOC(=O)c1nc(NC(=O)c2cc(NC(=O)c3cc(NC(=O)CCCN(C)C)cs3)cs2)cn1C,8b(DMABA) + 8b + 9a,
COC(=O)c1cc2c3c(ccc2[nH]1)N(C(=O)c1cc(NC(=O)c2cc(NC(=O)CCCN(C)C)cs2)cs1)CC3,8b(DMABA) + 8b + 10a,
COC(=O)c1cc2cc(NC(=O)c3cc(NC(=O)c4cc(NC(=O)CCCN(C)C)cs4)cs3)ccc2s1,8b(DMABA) + 8b + 11a,
COC(=O)c1cc2cc(NC(=O)c3cc(NC(=O)c4cc(NC(=O)CCCN(C)C)cs4)cs3)ccc2o1,8b(DMABA) + 8b + 12a,
CCOC(=O)c1cc2cc(NC(=O)c3cc(NC(=O)c4cc(NC(=O)CCCN(C)C)cs4)cs3)ccc2[nH]1,8b(DMABA) + 8b + 13a,
COC(=O)c1nc2ccc(NC(=O)c3cc(NC(=O)c4cc(NC(=O)CCCN(C)C)cs4)cs3)cc2o1,8b(DMABA) + 8b + 14a,
COC(=O)c1nc2cc(NC(=O)c3cc(NC(=O)c4cc(NC(=O)CCCN(C)C)cs4)cs3)ccc2[nH]1,8b(DMABA) + 8b + 15a,
COC(=O)c1cc(NC(=O)c2nc(NC(=O)c3cc(NC(=O)CCCN(C)C)cs3)cn2C)cn1C,8b(DMABA) + 9b + 1a,
COC(=O)c1ccc(NC(=O)c2nc(NC(=O)c3cc(NC(=O)CCCN(C)C)cs3)cn2C)cc1,8b(DMABA) + 9b + 5a,
COC(=O)c1cccc(NC(=O)c2nc(NC(=O)c3cc(NC(=O)CCCN(C)C)cs3)cn2C)c1,8b(DMABA) + 9b + 6a,
CCOC(=O)c1csc(NC(=O)c2nc(NC(=O)c3cc(NC(=O)CCCN(C)C)cs3)cn2C)n1,8b(DMABA) + 9b + 7a,
COC(=O)c1cc(NC(=O)c2nc(NC(=O)c3cc(NC(=O)CCCN(C)C)cs3)cn2C)cs1,8b(DMABA) + 9b + 8a,
CCOC(=O)c1nc(NC(=O)c2nc(NC(=O)c3cc(NC(=O)CCCN(C)C)cs3)cn2C)cn1C,8b(DMABA) + 9b + 9a,
COC(=O)c1cc2c3c(ccc2[nH]1)N(C(=O)c1nc(NC(=O)c2cc(NC(=O)CCCN(C)C)cs2)cn1C)CC3,8b(DMABA) + 9b + 10a,
COC(=O)c1cc2cc(NC(=O)c3nc(NC(=O)c4cc(NC(=O)CCCN(C)C)cs4)cn3C)ccc2s1,8b(DMABA) + 9b + 11a,
COC(=O)c1cc2cc(NC(=O)c3nc(NC(=O)c4cc(NC(=O)CCCN(C)C)cs4)cn3C)ccc2o1,8b(DMABA) + 9b + 12a,
CCOC(=O)c1cc2cc(NC(=O)c3nc(NC(=O)c4cc(NC(=O)CCCN(C)C)cs4)cn3C)ccc2[nH]1,8b(DMABA) + 9b + 13a,
COC(=O)c1nc2ccc(NC(=O)c3nc(NC(=O)c4cc(NC(=O)CCCN(C)C)cs4)cn3C)cc2o1,8b(DMABA) + 9b + 14a,
COC(=O)c1nc2cc(NC(=O)c3nc(NC(=O)c4cc(NC(=O)CCCN(C)C)cs4)cn3C)ccc2[nH]1,8b(DMABA) + 9b + 15a,
COC(=O)c1cc(NC(=O)c2cc3c4c(ccc3[nH]2)N(C(=O)c2cc(NC(=O)CCCN(C)C)cs2)CC4)cn1C,8b(DMABA) + 10b + 1a,
COC(=O)c1ccc(NC(=O)c2cc3c4c(ccc3[nH]2)N(C(=O)c2cc(NC(=O)CCCN(C)C)cs2)CC4)cc1,8b(DMABA) + 10b + 5a,
COC(=O)c1cccc(NC(=O)c2cc3c4c(ccc3[nH]2)N(C(=O)c2cc(NC(=O)CCCN(C)C)cs2)CC4)c1,8b(DMABA) + 10b + 6a,
CCOC(=O)c1csc(NC(=O)c2cc3c4c(ccc3[nH]2)N(C(=O)c2cc(NC(=O)CCCN(C)C)cs2)CC4)n1,8b(DMABA) + 10b + 7a,
COC(=O)c1cc(NC(=O)c2cc3c4c(ccc3[nH]2)N(C(=O)c2cc(NC(=O)CCCN(C)C)cs2)CC4)cs1,8b(DMABA) + 10b + 8a,
CCOC(=O)c1nc(NC(=O)c2cc3c4c(ccc3[nH]2)N(C(=O)c2cc(NC(=O)CCCN(C)C)cs2)CC4)cn1C,8b(DMABA) + 10b + 9a,
COC(=O)c1cc2c3c(ccc2[nH]1)N(C(=O)c1cc2c4c(ccc2[nH]1)N(C(=O)c1cc(NC(=O)CCCN(C)C)cs1)CC4)CC3,8b(DMABA) + 10b + 10a,
COC(=O)c1cc2cc(NC(=O)c3cc4c5c(ccc4[nH]3)N(C(=O)c3cc(NC(=O)CCCN(C)C)cs3)CC5)ccc2s1,8b(DMABA) + 10b + 11a,
COC(=O)c1cc2cc(NC(=O)c3cc4c5c(ccc4[nH]3)N(C(=O)c3cc(NC(=O)CCCN(C)C)cs3)CC5)ccc2o1,8b(DMABA) + 10b + 12a,
CCOC(=O)c1cc2cc(NC(=O)c3cc4c5c(ccc4[nH]3)N(C(=O)c3cc(NC(=O)CCCN(C)C)cs3)CC5)ccc2[nH]1,8b(DMABA) + 10b + 13a,
COC(=O)c1nc2ccc(NC(=O)c3cc4c5c(ccc4[nH]3)N(C(=O)c3cc(NC(=O)CCCN(C)C)cs3)CC5)cc2o1,8b(DMABA) + 10b + 14a,
COC(=O)c1nc2cc(NC(=O)c3cc4c5c(ccc4[nH]3)N(C(=O)c3cc(NC(=O)CCCN(C)C)cs3)CC5)ccc2[nH]1,8b(DMABA) + 10b + 15a,
COC(=O)c1cc(NC(=O)c2cc3cc(NC(=O)c4cc(NC(=O)CCCN(C)C)cs4)ccc3s2)cn1C,8b(DMABA) + 11b + 1a,
COC(=O)c1ccc(NC(=O)c2cc3cc(NC(=O)c4cc(NC(=O)CCCN(C)C)cs4)ccc3s2)cc1,8b(DMABA) + 11b + 5a,
COC(=O)c1cccc(NC(=O)c2cc3cc(NC(=O)c4cc(NC(=O)CCCN(C)C)cs4)ccc3s2)c1,8b(DMABA) + 11b + 6a,
CCOC(=O)c1csc(NC(=O)c2cc3cc(NC(=O)c4cc(NC(=O)CCCN(C)C)cs4)ccc3s2)n1,8b(DMABA) + 11b + 7a,
COC(=O)c1cc(NC(=O)c2cc3cc(NC(=O)c4cc(NC(=O)CCCN(C)C)cs4)ccc3s2)cs1,8b(DMABA) + 11b + 8a,
CCOC(=O)c1nc(NC(=O)c2cc3cc(NC(=O)c4cc(NC(=O)CCCN(C)C)cs4)ccc3s2)cn1C,8b(DMABA) + 11b + 9a,
COC(=O)c1cc2c3c(ccc2[nH]1)N(C(=O)c1cc2cc(NC(=O)c4cc(NC(=O)CCCN(C)C)cs4)ccc2s1)CC3,8b(DMABA) + 11b + 10a,
COC(=O)c1cc2cc(NC(=O)c3cc4cc(NC(=O)c5cc(NC(=O)CCCN(C)C)cs5)ccc4s3)ccc2s1,8b(DMABA) + 11b + 11a,
COC(=O)c1cc2cc(NC(=O)c3cc4cc(NC(=O)c5cc(NC(=O)CCCN(C)C)cs5)ccc4s3)ccc2o1,8b(DMABA) + 11b + 12a,
CCOC(=O)c1cc2cc(NC(=O)c3cc4cc(NC(=O)c5cc(NC(=O)CCCN(C)C)cs5)ccc4s3)ccc2[nH]1,8b(DMABA) + 11b + 13a,
COC(=O)c1nc2ccc(NC(=O)c3cc4cc(NC(=O)c5cc(NC(=O)CCCN(C)C)cs5)ccc4s3)cc2o1,8b(DMABA) + 11b + 14a,
COC(=O)c1nc2cc(NC(=O)c3cc4cc(NC(=O)c5cc(NC(=O)CCCN(C)C)cs5)ccc4s3)ccc2[nH]1,8b(DMABA) + 11b + 15a,
COC(=O)c1cc(NC(=O)c2cc3cc(NC(=O)c4cc(NC(=O)CCCN(C)C)cs4)ccc3o2)cn1C,8b(DMABA) + 12b + 1a,
COC(=O)c1ccc(NC(=O)c2cc3cc(NC(=O)c4cc(NC(=O)CCCN(C)C)cs4)ccc3o2)cc1,8b(DMABA) + 12b + 5a,
COC(=O)c1cccc(NC(=O)c2cc3cc(NC(=O)c4cc(NC(=O)CCCN(C)C)cs4)ccc3o2)c1,8b(DMABA) + 12b + 6a,
CCOC(=O)c1csc(NC(=O)c2cc3cc(NC(=O)c4cc(NC(=O)CCCN(C)C)cs4)ccc3o2)n1,8b(DMABA) + 12b + 7a,
COC(=O)c1cc(NC(=O)c2cc3cc(NC(=O)c4cc(NC(=O)CCCN(C)C)cs4)ccc3o2)cs1,8b(DMABA) + 12b + 8a,
CCOC(=O)c1nc(NC(=O)c2cc3cc(NC(=O)c4cc(NC(=O)CCCN(C)C)cs4)ccc3o2)cn1C,8b(DMABA) + 12b + 9a,
COC(=O)c1cc2c3c(ccc2[nH]1)N(C(=O)c1cc2cc(NC(=O)c4cc(NC(=O)CCCN(C)C)cs4)ccc2o1)CC3,8b(DMABA) + 12b + 10a,
COC(=O)c1cc2cc(NC(=O)c3cc4cc(NC(=O)c5cc(NC(=O)CCCN(C)C)cs5)ccc4o3)ccc2s1,8b(DMABA) + 12b + 11a,
COC(=O)c1cc2cc(NC(=O)c3cc4cc(NC(=O)c5cc(NC(=O)CCCN(C)C)cs5)ccc4o3)ccc2o1,8b(DMABA) + 12b + 12a,
CCOC(=O)c1cc2cc(NC(=O)c3cc4cc(NC(=O)c5cc(NC(=O)CCCN(C)C)cs5)ccc4o3)ccc2[nH]1,8b(DMABA) + 12b + 13a,
COC(=O)c1nc2ccc(NC(=O)c3cc4cc(NC(=O)c5cc(NC(=O)CCCN(C)C)cs5)ccc4o3)cc2o1,8b(DMABA) + 12b + 14a,
COC(=O)c1nc2cc(NC(=O)c3cc4cc(NC(=O)c5cc(NC(=O)CCCN(C)C)cs5)ccc4o3)ccc2[nH]1,8b(DMABA) + 12b + 15a,
COC(=O)c1cc(NC(=O)c2cc3cc(NC(=O)c4cc(NC(=O)CCCN(C)C)cs4)ccc3[nH]2)cn1C,8b(DMABA) + 13b + 1a,
COC(=O)c1ccc(NC(=O)c2cc3cc(NC(=O)c4cc(NC(=O)CCCN(C)C)cs4)ccc3[nH]2)cc1,8b(DMABA) + 13b + 5a,
COC(=O)c1cccc(NC(=O)c2cc3cc(NC(=O)c4cc(NC(=O)CCCN(C)C)cs4)ccc3[nH]2)c1,8b(DMABA) + 13b + 6a,
CCOC(=O)c1csc(NC(=O)c2cc3cc(NC(=O)c4cc(NC(=O)CCCN(C)C)cs4)ccc3[nH]2)n1,8b(DMABA) + 13b + 7a,
COC(=O)c1cc(NC(=O)c2cc3cc(NC(=O)c4cc(NC(=O)CCCN(C)C)cs4)ccc3[nH]2)cs1,8b(DMABA) + 13b + 8a,
CCOC(=O)c1nc(NC(=O)c2cc3cc(NC(=O)c4cc(NC(=O)CCCN(C)C)cs4)ccc3[nH]2)cn1C,8b(DMABA) + 13b + 9a,
COC(=O)c1cc2c3c(ccc2[nH]1)N(C(=O)c1cc2cc(NC(=O)c4cc(NC(=O)CCCN(C)C)cs4)ccc2[nH]1)CC3,8b(DMABA) + 13b + 10a,
COC(=O)c1cc2cc(NC(=O)c3cc4cc(NC(=O)c5cc(NC(=O)CCCN(C)C)cs5)ccc4[nH]3)ccc2s1,8b(DMABA) + 13b + 11a,
COC(=O)c1cc2cc(NC(=O)c3cc4cc(NC(=O)c5cc(NC(=O)CCCN(C)C)cs5)ccc4[nH]3)ccc2o1,8b(DMABA) + 13b + 12a,
CCOC(=O)c1cc2cc(NC(=O)c3cc4cc(NC(=O)c5cc(NC(=O)CCCN(C)C)cs5)ccc4[nH]3)ccc2[nH]1,8b(DMABA) + 13b + 13a,
COC(=O)c1nc2ccc(NC(=O)c3cc4cc(NC(=O)c5cc(NC(=O)CCCN(C)C)cs5)ccc4[nH]3)cc2o1,8b(DMABA) + 13b + 14a,
COC(=O)c1nc2cc(NC(=O)c3cc4cc(NC(=O)c5cc(NC(=O)CCCN(C)C)cs5)ccc4[nH]3)ccc2[nH]1,8b(DMABA) + 13b + 15a,
COC(=O)c1cc(NC(=O)c2nc3ccc(NC(=O)c4cc(NC(=O)CCCN(C)C)cs4)cc3o2)cn1C,8b(DMABA) + 14b + 1a,
COC(=O)c1ccc(NC(=O)c2nc3ccc(NC(=O)c4cc(NC(=O)CCCN(C)C)cs4)cc3o2)cc1,8b(DMABA) + 14b + 5a,
COC(=O)c1cccc(NC(=O)c2nc3ccc(NC(=O)c4cc(NC(=O)CCCN(C)C)cs4)cc3o2)c1,8b(DMABA) + 14b + 6a,
CCOC(=O)c1csc(NC(=O)c2nc3ccc(NC(=O)c4cc(NC(=O)CCCN(C)C)cs4)cc3o2)n1,8b(DMABA) + 14b + 7a,
COC(=O)c1cc(NC(=O)c2nc3ccc(NC(=O)c4cc(NC(=O)CCCN(C)C)cs4)cc3o2)cs1,8b(DMABA) + 14b + 8a,
CCOC(=O)c1nc(NC(=O)c2nc3ccc(NC(=O)c4cc(NC(=O)CCCN(C)C)cs4)cc3o2)cn1C,8b(DMABA) + 14b + 9a,
COC(=O)c1cc2c3c(ccc2[nH]1)N(C(=O)c1nc2ccc(NC(=O)c4cc(NC(=O)CCCN(C)C)cs4)cc2o1)CC3,8b(DMABA) + 14b + 10a,
COC(=O)c1cc2cc(NC(=O)c3nc4ccc(NC(=O)c5cc(NC(=O)CCCN(C)C)cs5)cc4o3)ccc2s1,8b(DMABA) + 14b + 11a,
COC(=O)c1cc2cc(NC(=O)c3nc4ccc(NC(=O)c5cc(NC(=O)CCCN(C)C)cs5)cc4o3)ccc2o1,8b(DMABA) + 14b + 12a,
CCOC(=O)c1cc2cc(NC(=O)c3nc4ccc(NC(=O)c5cc(NC(=O)CCCN(C)C)cs5)cc4o3)ccc2[nH]1,8b(DMABA) + 14b + 13a,
COC(=O)c1nc2ccc(NC(=O)c3nc4ccc(NC(=O)c5cc(NC(=O)CCCN(C)C)cs5)cc4o3)cc2o1,8b(DMABA) + 14b + 14a,
COC(=O)c1nc2cc(NC(=O)c3nc4ccc(NC(=O)c5cc(NC(=O)CCCN(C)C)cs5)cc4o3)ccc2[nH]1,8b(DMABA) + 14b + 15a,
COC(=O)c1cc(NC(=O)c2cc(NC(=O)c3nc(NC(=O)OC(C)(C)C)cn3C)cn2C)cn1C,9b(BOC) + 1b + 1a,
COC(=O)c1ccc(NC(=O)c2cc(NC(=O)c3nc(NC(=O)OC(C)(C)C)cn3C)cn2C)cc1,9b(BOC) + 1b + 5a,
COC(=O)c1cccc(NC(=O)c2cc(NC(=O)c3nc(NC(=O)OC(C)(C)C)cn3C)cn2C)c1,9b(BOC) + 1b + 6a,
CCOC(=O)c1csc(NC(=O)c2cc(NC(=O)c3nc(NC(=O)OC(C)(C)C)cn3C)cn2C)n1,9b(BOC) + 1b + 7a,
COC(=O)c1cc(NC(=O)c2cc(NC(=O)c3nc(NC(=O)OC(C)(C)C)cn3C)cn2C)cs1,9b(BOC) + 1b + 8a,
CCOC(=O)c1nc(NC(=O)c2cc(NC(=O)c3nc(NC(=O)OC(C)(C)C)cn3C)cn2C)cn1C,9b(BOC) + 1b + 9a,
COC(=O)c1cc2c3c(ccc2[nH]1)N(C(=O)c1cc(NC(=O)c2nc(NC(=O)OC(C)(C)C)cn2C)cn1C)CC3,9b(BOC) + 1b + 10a,
COC(=O)c1cc2cc(NC(=O)c3cc(NC(=O)c4nc(NC(=O)OC(C)(C)C)cn4C)cn3C)ccc2s1,9b(BOC) + 1b + 11a,
COC(=O)c1cc2cc(NC(=O)c3cc(NC(=O)c4nc(NC(=O)OC(C)(C)C)cn4C)cn3C)ccc2o1,9b(BOC) + 1b + 12a,
CCOC(=O)c1cc2cc(NC(=O)c3cc(NC(=O)c4nc(NC(=O)OC(C)(C)C)cn4C)cn3C)ccc2[nH]1,9b(BOC) + 1b + 13a,
COC(=O)c1nc2ccc(NC(=O)c3cc(NC(=O)c4nc(NC(=O)OC(C)(C)C)cn4C)cn3C)cc2o1,9b(BOC) + 1b + 14a,
COC(=O)c1nc2cc(NC(=O)c3cc(NC(=O)c4nc(NC(=O)OC(C)(C)C)cn4C)cn3C)ccc2[nH]1,9b(BOC) + 1b + 15a,
COC(=O)c1cc(NC(=O)c2ccc(NC(=O)c3nc(NC(=O)OC(C)(C)C)cn3C)cc2)cn1C,9b(BOC) + 5b + 1a,
COC(=O)c1ccc(NC(=O)c2ccc(NC(=O)c3nc(NC(=O)OC(C)(C)C)cn3C)cc2)cc1,9b(BOC) + 5b + 5a,
COC(=O)c1cccc(NC(=O)c2ccc(NC(=O)c3nc(NC(=O)OC(C)(C)C)cn3C)cc2)c1,9b(BOC) + 5b + 6a,
CCOC(=O)c1csc(NC(=O)c2ccc(NC(=O)c3nc(NC(=O)OC(C)(C)C)cn3C)cc2)n1,9b(BOC) + 5b + 7a,
COC(=O)c1cc(NC(=O)c2ccc(NC(=O)c3nc(NC(=O)OC(C)(C)C)cn3C)cc2)cs1,9b(BOC) + 5b + 8a,
CCOC(=O)c1nc(NC(=O)c2ccc(NC(=O)c3nc(NC(=O)OC(C)(C)C)cn3C)cc2)cn1C,9b(BOC) + 5b + 9a,
COC(=O)c1cc2c3c(ccc2[nH]1)N(C(=O)c1ccc(NC(=O)c2nc(NC(=O)OC(C)(C)C)cn2C)cc1)CC3,9b(BOC) + 5b + 10a,
COC(=O)c1cc2cc(NC(=O)c3ccc(NC(=O)c4nc(NC(=O)OC(C)(C)C)cn4C)cc3)ccc2s1,9b(BOC) + 5b + 11a,
COC(=O)c1cc2cc(NC(=O)c3ccc(NC(=O)c4nc(NC(=O)OC(C)(C)C)cn4C)cc3)ccc2o1,9b(BOC) + 5b + 12a,
CCOC(=O)c1cc2cc(NC(=O)c3ccc(NC(=O)c4nc(NC(=O)OC(C)(C)C)cn4C)cc3)ccc2[nH]1,9b(BOC) + 5b + 13a,
COC(=O)c1nc2ccc(NC(=O)c3ccc(NC(=O)c4nc(NC(=O)OC(C)(C)C)cn4C)cc3)cc2o1,9b(BOC) + 5b + 14a,
COC(=O)c1nc2cc(NC(=O)c3ccc(NC(=O)c4nc(NC(=O)OC(C)(C)C)cn4C)cc3)ccc2[nH]1,9b(BOC) + 5b + 15a,
COC(=O)c1cc(NC(=O)c2cccc(NC(=O)c3nc(NC(=O)OC(C)(C)C)cn3C)c2)cn1C,9b(BOC) + 6b + 1a,
COC(=O)c1ccc(NC(=O)c2cccc(NC(=O)c3nc(NC(=O)OC(C)(C)C)cn3C)c2)cc1,9b(BOC) + 6b + 5a,
COC(=O)c1cccc(NC(=O)c2cccc(NC(=O)c3nc(NC(=O)OC(C)(C)C)cn3C)c2)c1,9b(BOC) + 6b + 6a,
CCOC(=O)c1csc(NC(=O)c2cccc(NC(=O)c3nc(NC(=O)OC(C)(C)C)cn3C)c2)n1,9b(BOC) + 6b + 7a,
COC(=O)c1cc(NC(=O)c2cccc(NC(=O)c3nc(NC(=O)OC(C)(C)C)cn3C)c2)cs1,9b(BOC) + 6b + 8a,
CCOC(=O)c1nc(NC(=O)c2cccc(NC(=O)c3nc(NC(=O)OC(C)(C)C)cn3C)c2)cn1C,9b(BOC) + 6b + 9a,
COC(=O)c1cc2c3c(ccc2[nH]1)N(C(=O)c1cccc(NC(=O)c2nc(NC(=O)OC(C)(C)C)cn2C)c1)CC3,9b(BOC) + 6b + 10a,
COC(=O)c1cc2cc(NC(=O)c3cccc(NC(=O)c4nc(NC(=O)OC(C)(C)C)cn4C)c3)ccc2s1,9b(BOC) + 6b + 11a,
COC(=O)c1cc2cc(NC(=O)c3cccc(NC(=O)c4nc(NC(=O)OC(C)(C)C)cn4C)c3)ccc2o1,9b(BOC) + 6b + 12a,
CCOC(=O)c1cc2cc(NC(=O)c3cccc(NC(=O)c4nc(NC(=O)OC(C)(C)C)cn4C)c3)ccc2[nH]1,9b(BOC) + 6b + 13a,
COC(=O)c1nc2ccc(NC(=O)c3cccc(NC(=O)c4nc(NC(=O)OC(C)(C)C)cn4C)c3)cc2o1,9b(BOC) + 6b + 14a,
COC(=O)c1nc2cc(NC(=O)c3cccc(NC(=O)c4nc(NC(=O)OC(C)(C)C)cn4C)c3)ccc2[nH]1,9b(BOC) + 6b + 15a,
COC(=O)c1cc(NC(=O)c2csc(NC(=O)c3nc(NC(=O)OC(C)(C)C)cn3C)n2)cn1C,9b(BOC) + 7b + 1a,
COC(=O)c1ccc(NC(=O)c2csc(NC(=O)c3nc(NC(=O)OC(C)(C)C)cn3C)n2)cc1,9b(BOC) + 7b + 5a,
COC(=O)c1cccc(NC(=O)c2csc(NC(=O)c3nc(NC(=O)OC(C)(C)C)cn3C)n2)c1,9b(BOC) + 7b + 6a,
CCOC(=O)c1csc(NC(=O)c2csc(NC(=O)c3nc(NC(=O)OC(C)(C)C)cn3C)n2)n1,9b(BOC) + 7b + 7a,
COC(=O)c1cc(NC(=O)c2csc(NC(=O)c3nc(NC(=O)OC(C)(C)C)cn3C)n2)cs1,9b(BOC) + 7b + 8a,
CCOC(=O)c1nc(NC(=O)c2csc(NC(=O)c3nc(NC(=O)OC(C)(C)C)cn3C)n2)cn1C,9b(BOC) + 7b + 9a,
COC(=O)c1cc2c3c(ccc2[nH]1)N(C(=O)c1csc(NC(=O)c2nc(NC(=O)OC(C)(C)C)cn2C)n1)CC3,9b(BOC) + 7b + 10a,
COC(=O)c1cc2cc(NC(=O)c3csc(NC(=O)c4nc(NC(=O)OC(C)(C)C)cn4C)n3)ccc2s1,9b(BOC) + 7b + 11a,
COC(=O)c1cc2cc(NC(=O)c3csc(NC(=O)c4nc(NC(=O)OC(C)(C)C)cn4C)n3)ccc2o1,9b(BOC) + 7b + 12a,
CCOC(=O)c1cc2cc(NC(=O)c3csc(NC(=O)c4nc(NC(=O)OC(C)(C)C)cn4C)n3)ccc2[nH]1,9b(BOC) + 7b + 13a,
COC(=O)c1nc2ccc(NC(=O)c3csc(NC(=O)c4nc(NC(=O)OC(C)(C)C)cn4C)n3)cc2o1,9b(BOC) + 7b + 14a,
COC(=O)c1nc2cc(NC(=O)c3csc(NC(=O)c4nc(NC(=O)OC(C)(C)C)cn4C)n3)ccc2[nH]1,9b(BOC) + 7b + 15a,
COC(=O)c1cc(NC(=O)c2cc(NC(=O)c3nc(NC(=O)OC(C)(C)C)cn3C)cs2)cn1C,9b(BOC) + 8b + 1a,
COC(=O)c1ccc(NC(=O)c2cc(NC(=O)c3nc(NC(=O)OC(C)(C)C)cn3C)cs2)cc1,9b(BOC) + 8b + 5a,
COC(=O)c1cccc(NC(=O)c2cc(NC(=O)c3nc(NC(=O)OC(C)(C)C)cn3C)cs2)c1,9b(BOC) + 8b + 6a,
CCOC(=O)c1csc(NC(=O)c2cc(NC(=O)c3nc(NC(=O)OC(C)(C)C)cn3C)cs2)n1,9b(BOC) + 8b + 7a,
COC(=O)c1cc(NC(=O)c2cc(NC(=O)c3nc(NC(=O)OC(C)(C)C)cn3C)cs2)cs1,9b(BOC) + 8b + 8a,
CCOC(=O)c1nc(NC(=O)c2cc(NC(=O)c3nc(NC(=O)OC(C)(C)C)cn3C)cs2)cn1C,9b(BOC) + 8b + 9a,
COC(=O)c1cc2c3c(ccc2[nH]1)N(C(=O)c1cc(NC(=O)c2nc(NC(=O)OC(C)(C)C)cn2C)cs1)CC3,9b(BOC) + 8b + 10a,
COC(=O)c1cc2cc(NC(=O)c3cc(NC(=O)c4nc(NC(=O)OC(C)(C)C)cn4C)cs3)ccc2s1,9b(BOC) + 8b + 11a,
COC(=O)c1cc2cc(NC(=O)c3cc(NC(=O)c4nc(NC(=O)OC(C)(C)C)cn4C)cs3)ccc2o1,9b(BOC) + 8b + 12a,
CCOC(=O)c1cc2cc(NC(=O)c3cc(NC(=O)c4nc(NC(=O)OC(C)(C)C)cn4C)cs3)ccc2[nH]1,9b(BOC) + 8b + 13a,
COC(=O)c1nc2ccc(NC(=O)c3cc(NC(=O)c4nc(NC(=O)OC(C)(C)C)cn4C)cs3)cc2o1,9b(BOC) + 8b + 14a,
COC(=O)c1nc2cc(NC(=O)c3cc(NC(=O)c4nc(NC(=O)OC(C)(C)C)cn4C)cs3)ccc2[nH]1,9b(BOC) + 8b + 15a,
COC(=O)c1cc(NC(=O)c2nc(NC(=O)c3nc(NC(=O)OC(C)(C)C)cn3C)cn2C)cn1C,9b(BOC) + 9b + 1a,
COC(=O)c1ccc(NC(=O)c2nc(NC(=O)c3nc(NC(=O)OC(C)(C)C)cn3C)cn2C)cc1,9b(BOC) + 9b + 5a,
COC(=O)c1cccc(NC(=O)c2nc(NC(=O)c3nc(NC(=O)OC(C)(C)C)cn3C)cn2C)c1,9b(BOC) + 9b + 6a,
CCOC(=O)c1csc(NC(=O)c2nc(NC(=O)c3nc(NC(=O)OC(C)(C)C)cn3C)cn2C)n1,9b(BOC) + 9b + 7a,
COC(=O)c1cc(NC(=O)c2nc(NC(=O)c3nc(NC(=O)OC(C)(C)C)cn3C)cn2C)cs1,9b(BOC) + 9b + 8a,
CCOC(=O)c1nc(NC(=O)c2nc(NC(=O)c3nc(NC(=O)OC(C)(C)C)cn3C)cn2C)cn1C,9b(BOC) + 9b + 9a,
COC(=O)c1cc2c3c(ccc2[nH]1)N(C(=O)c1nc(NC(=O)c2nc(NC(=O)OC(C)(C)C)cn2C)cn1C)CC3,9b(BOC) + 9b + 10a,
COC(=O)c1cc2cc(NC(=O)c3nc(NC(=O)c4nc(NC(=O)OC(C)(C)C)cn4C)cn3C)ccc2s1,9b(BOC) + 9b + 11a,
COC(=O)c1cc2cc(NC(=O)c3nc(NC(=O)c4nc(NC(=O)OC(C)(C)C)cn4C)cn3C)ccc2o1,9b(BOC) + 9b + 12a,
CCOC(=O)c1cc2cc(NC(=O)c3nc(NC(=O)c4nc(NC(=O)OC(C)(C)C)cn4C)cn3C)ccc2[nH]1,9b(BOC) + 9b + 13a,
COC(=O)c1nc2ccc(NC(=O)c3nc(NC(=O)c4nc(NC(=O)OC(C)(C)C)cn4C)cn3C)cc2o1,9b(BOC) + 9b + 14a,
COC(=O)c1nc2cc(NC(=O)c3nc(NC(=O)c4nc(NC(=O)OC(C)(C)C)cn4C)cn3C)ccc2[nH]1,9b(BOC) + 9b + 15a,
COC(=O)c1cc(NC(=O)c2cc3c4c(ccc3[nH]2)N(C(=O)c2nc(NC(=O)OC(C)(C)C)cn2C)CC4)cn1C,9b(BOC) + 10b + 1a,
COC(=O)c1ccc(NC(=O)c2cc3c4c(ccc3[nH]2)N(C(=O)c2nc(NC(=O)OC(C)(C)C)cn2C)CC4)cc1,9b(BOC) + 10b + 5a,
COC(=O)c1cccc(NC(=O)c2cc3c4c(ccc3[nH]2)N(C(=O)c2nc(NC(=O)OC(C)(C)C)cn2C)CC4)c1,9b(BOC) + 10b + 6a,
CCOC(=O)c1csc(NC(=O)c2cc3c4c(ccc3[nH]2)N(C(=O)c2nc(NC(=O)OC(C)(C)C)cn2C)CC4)n1,9b(BOC) + 10b + 7a,
COC(=O)c1cc(NC(=O)c2cc3c4c(ccc3[nH]2)N(C(=O)c2nc(NC(=O)OC(C)(C)C)cn2C)CC4)cs1,9b(BOC) + 10b + 8a,
CCOC(=O)c1nc(NC(=O)c2cc3c4c(ccc3[nH]2)N(C(=O)c2nc(NC(=O)OC(C)(C)C)cn2C)CC4)cn1C,9b(BOC) + 10b + 9a,
COC(=O)c1cc2c3c(ccc2[nH]1)N(C(=O)c1cc2c4c(ccc2[nH]1)N(C(=O)c1nc(NC(=O)OC(C)(C)C)cn1C)CC4)CC3,9b(BOC) + 10b + 10a,
COC(=O)c1cc2cc(NC(=O)c3cc4c5c(ccc4[nH]3)N(C(=O)c3nc(NC(=O)OC(C)(C)C)cn3C)CC5)ccc2s1,9b(BOC) + 10b + 11a,
COC(=O)c1cc2cc(NC(=O)c3cc4c5c(ccc4[nH]3)N(C(=O)c3nc(NC(=O)OC(C)(C)C)cn3C)CC5)ccc2o1,9b(BOC) + 10b + 12a,
CCOC(=O)c1cc2cc(NC(=O)c3cc4c5c(ccc4[nH]3)N(C(=O)c3nc(NC(=O)OC(C)(C)C)cn3C)CC5)ccc2[nH]1,9b(BOC) + 10b + 13a,
COC(=O)c1nc2ccc(NC(=O)c3cc4c5c(ccc4[nH]3)N(C(=O)c3nc(NC(=O)OC(C)(C)C)cn3C)CC5)cc2o1,9b(BOC) + 10b + 14a,
COC(=O)c1nc2cc(NC(=O)c3cc4c5c(ccc4[nH]3)N(C(=O)c3nc(NC(=O)OC(C)(C)C)cn3C)CC5)ccc2[nH]1,9b(BOC) + 10b + 15a,
COC(=O)c1cc(NC(=O)c2cc3cc(NC(=O)c4nc(NC(=O)OC(C)(C)C)cn4C)ccc3s2)cn1C,9b(BOC) + 11b + 1a,
COC(=O)c1ccc(NC(=O)c2cc3cc(NC(=O)c4nc(NC(=O)OC(C)(C)C)cn4C)ccc3s2)cc1,9b(BOC) + 11b + 5a,
COC(=O)c1cccc(NC(=O)c2cc3cc(NC(=O)c4nc(NC(=O)OC(C)(C)C)cn4C)ccc3s2)c1,9b(BOC) + 11b + 6a,
CCOC(=O)c1csc(NC(=O)c2cc3cc(NC(=O)c4nc(NC(=O)OC(C)(C)C)cn4C)ccc3s2)n1,9b(BOC) + 11b + 7a,
COC(=O)c1cc(NC(=O)c2cc3cc(NC(=O)c4nc(NC(=O)OC(C)(C)C)cn4C)ccc3s2)cs1,9b(BOC) + 11b + 8a,
CCOC(=O)c1nc(NC(=O)c2cc3cc(NC(=O)c4nc(NC(=O)OC(C)(C)C)cn4C)ccc3s2)cn1C,9b(BOC) + 11b + 9a,
COC(=O)c1cc2c3c(ccc2[nH]1)N(C(=O)c1cc2cc(NC(=O)c4nc(NC(=O)OC(C)(C)C)cn4C)ccc2s1)CC3,9b(BOC) + 11b + 10a,
COC(=O)c1cc2cc(NC(=O)c3cc4cc(NC(=O)c5nc(NC(=O)OC(C)(C)C)cn5C)ccc4s3)ccc2s1,9b(BOC) + 11b + 11a,
COC(=O)c1cc2cc(NC(=O)c3cc4cc(NC(=O)c5nc(NC(=O)OC(C)(C)C)cn5C)ccc4s3)ccc2o1,9b(BOC) + 11b + 12a,
CCOC(=O)c1cc2cc(NC(=O)c3cc4cc(NC(=O)c5nc(NC(=O)OC(C)(C)C)cn5C)ccc4s3)ccc2[nH]1,9b(BOC) + 11b + 13a,
COC(=O)c1nc2ccc(NC(=O)c3cc4cc(NC(=O)c5nc(NC(=O)OC(C)(C)C)cn5C)ccc4s3)cc2o1,9b(BOC) + 11b + 14a,
COC(=O)c1nc2cc(NC(=O)c3cc4cc(NC(=O)c5nc(NC(=O)OC(C)(C)C)cn5C)ccc4s3)ccc2[nH]1,9b(BOC) + 11b + 15a,
COC(=O)c1cc(NC(=O)c2cc3cc(NC(=O)c4nc(NC(=O)OC(C)(C)C)cn4C)ccc3o2)cn1C,9b(BOC) + 12b + 1a,
COC(=O)c1ccc(NC(=O)c2cc3cc(NC(=O)c4nc(NC(=O)OC(C)(C)C)cn4C)ccc3o2)cc1,9b(BOC) + 12b + 5a,
COC(=O)c1cccc(NC(=O)c2cc3cc(NC(=O)c4nc(NC(=O)OC(C)(C)C)cn4C)ccc3o2)c1,9b(BOC) + 12b + 6a,
CCOC(=O)c1csc(NC(=O)c2cc3cc(NC(=O)c4nc(NC(=O)OC(C)(C)C)cn4C)ccc3o2)n1,9b(BOC) + 12b + 7a,
COC(=O)c1cc(NC(=O)c2cc3cc(NC(=O)c4nc(NC(=O)OC(C)(C)C)cn4C)ccc3o2)cs1,9b(BOC) + 12b + 8a,
CCOC(=O)c1nc(NC(=O)c2cc3cc(NC(=O)c4nc(NC(=O)OC(C)(C)C)cn4C)ccc3o2)cn1C,9b(BOC) + 12b + 9a,
COC(=O)c1cc2c3c(ccc2[nH]1)N(C(=O)c1cc2cc(NC(=O)c4nc(NC(=O)OC(C)(C)C)cn4C)ccc2o1)CC3,9b(BOC) + 12b + 10a,
COC(=O)c1cc2cc(NC(=O)c3cc4cc(NC(=O)c5nc(NC(=O)OC(C)(C)C)cn5C)ccc4o3)ccc2s1,9b(BOC) + 12b + 11a,
COC(=O)c1cc2cc(NC(=O)c3cc4cc(NC(=O)c5nc(NC(=O)OC(C)(C)C)cn5C)ccc4o3)ccc2o1,9b(BOC) + 12b + 12a,
CCOC(=O)c1cc2cc(NC(=O)c3cc4cc(NC(=O)c5nc(NC(=O)OC(C)(C)C)cn5C)ccc4o3)ccc2[nH]1,9b(BOC) + 12b + 13a,
COC(=O)c1nc2ccc(NC(=O)c3cc4cc(NC(=O)c5nc(NC(=O)OC(C)(C)C)cn5C)ccc4o3)cc2o1,9b(BOC) + 12b + 14a,
COC(=O)c1nc2cc(NC(=O)c3cc4cc(NC(=O)c5nc(NC(=O)OC(C)(C)C)cn5C)ccc4o3)ccc2[nH]1,9b(BOC) + 12b + 15a,
COC(=O)c1cc(NC(=O)c2cc3cc(NC(=O)c4nc(NC(=O)OC(C)(C)C)cn4C)ccc3[nH]2)cn1C,9b(BOC) + 13b + 1a,
COC(=O)c1ccc(NC(=O)c2cc3cc(NC(=O)c4nc(NC(=O)OC(C)(C)C)cn4C)ccc3[nH]2)cc1,9b(BOC) + 13b + 5a,
COC(=O)c1cccc(NC(=O)c2cc3cc(NC(=O)c4nc(NC(=O)OC(C)(C)C)cn4C)ccc3[nH]2)c1,9b(BOC) + 13b + 6a,
CCOC(=O)c1csc(NC(=O)c2cc3cc(NC(=O)c4nc(NC(=O)OC(C)(C)C)cn4C)ccc3[nH]2)n1,9b(BOC) + 13b + 7a,
COC(=O)c1cc(NC(=O)c2cc3cc(NC(=O)c4nc(NC(=O)OC(C)(C)C)cn4C)ccc3[nH]2)cs1,9b(BOC) + 13b + 8a,
CCOC(=O)c1nc(NC(=O)c2cc3cc(NC(=O)c4nc(NC(=O)OC(C)(C)C)cn4C)ccc3[nH]2)cn1C,9b(BOC) + 13b + 9a,
COC(=O)c1cc2c3c(ccc2[nH]1)N(C(=O)c1cc2cc(NC(=O)c4nc(NC(=O)OC(C)(C)C)cn4C)ccc2[nH]1)CC3,9b(BOC) + 13b + 10a,
COC(=O)c1cc2cc(NC(=O)c3cc4cc(NC(=O)c5nc(NC(=O)OC(C)(C)C)cn5C)ccc4[nH]3)ccc2s1,9b(BOC) + 13b + 11a,
COC(=O)c1cc2cc(NC(=O)c3cc4cc(NC(=O)c5nc(NC(=O)OC(C)(C)C)cn5C)ccc4[nH]3)ccc2o1,9b(BOC) + 13b + 12a,
CCOC(=O)c1cc2cc(NC(=O)c3cc4cc(NC(=O)c5nc(NC(=O)OC(C)(C)C)cn5C)ccc4[nH]3)ccc2[nH]1,9b(BOC) + 13b + 13a,
COC(=O)c1nc2ccc(NC(=O)c3cc4cc(NC(=O)c5nc(NC(=O)OC(C)(C)C)cn5C)ccc4[nH]3)cc2o1,9b(BOC) + 13b + 14a,
COC(=O)c1nc2cc(NC(=O)c3cc4cc(NC(=O)c5nc(NC(=O)OC(C)(C)C)cn5C)ccc4[nH]3)ccc2[nH]1,9b(BOC) + 13b + 15a,
COC(=O)c1cc(NC(=O)c2nc3ccc(NC(=O)c4nc(NC(=O)OC(C)(C)C)cn4C)cc3o2)cn1C,9b(BOC) + 14b + 1a,
COC(=O)c1ccc(NC(=O)c2nc3ccc(NC(=O)c4nc(NC(=O)OC(C)(C)C)cn4C)cc3o2)cc1,9b(BOC) + 14b + 5a,
COC(=O)c1cccc(NC(=O)c2nc3ccc(NC(=O)c4nc(NC(=O)OC(C)(C)C)cn4C)cc3o2)c1,9b(BOC) + 14b + 6a,
CCOC(=O)c1csc(NC(=O)c2nc3ccc(NC(=O)c4nc(NC(=O)OC(C)(C)C)cn4C)cc3o2)n1,9b(BOC) + 14b + 7a,
COC(=O)c1cc(NC(=O)c2nc3ccc(NC(=O)c4nc(NC(=O)OC(C)(C)C)cn4C)cc3o2)cs1,9b(BOC) + 14b + 8a,
CCOC(=O)c1nc(NC(=O)c2nc3ccc(NC(=O)c4nc(NC(=O)OC(C)(C)C)cn4C)cc3o2)cn1C,9b(BOC) + 14b + 9a,
COC(=O)c1cc2c3c(ccc2[nH]1)N(C(=O)c1nc2ccc(NC(=O)c4nc(NC(=O)OC(C)(C)C)cn4C)cc2o1)CC3,9b(BOC) + 14b + 10a,
COC(=O)c1cc2cc(NC(=O)c3nc4ccc(NC(=O)c5nc(NC(=O)OC(C)(C)C)cn5C)cc4o3)ccc2s1,9b(BOC) + 14b + 11a,
COC(=O)c1cc2cc(NC(=O)c3nc4ccc(NC(=O)c5nc(NC(=O)OC(C)(C)C)cn5C)cc4o3)ccc2o1,9b(BOC) + 14b + 12a,
CCOC(=O)c1cc2cc(NC(=O)c3nc4ccc(NC(=O)c5nc(NC(=O)OC(C)(C)C)cn5C)cc4o3)ccc2[nH]1,9b(BOC) + 14b + 13a,
COC(=O)c1nc2ccc(NC(=O)c3nc4ccc(NC(=O)c5nc(NC(=O)OC(C)(C)C)cn5C)cc4o3)cc2o1,9b(BOC) + 14b + 14a,
COC(=O)c1nc2cc(NC(=O)c3nc4ccc(NC(=O)c5nc(NC(=O)OC(C)(C)C)cn5C)cc4o3)ccc2[nH]1,9b(BOC) + 14b + 15a,
COC(=O)c1cc(NC(=O)c2cc(NC(=O)c3nc(NC(=O)CCCN(C)C)cn3C)cn2C)cn1C,9b(DMABA) + 1b + 1a,
COC(=O)c1ccc(NC(=O)c2cc(NC(=O)c3nc(NC(=O)CCCN(C)C)cn3C)cn2C)cc1,9b(DMABA) + 1b + 5a,
COC(=O)c1cccc(NC(=O)c2cc(NC(=O)c3nc(NC(=O)CCCN(C)C)cn3C)cn2C)c1,9b(DMABA) + 1b + 6a,
CCOC(=O)c1csc(NC(=O)c2cc(NC(=O)c3nc(NC(=O)CCCN(C)C)cn3C)cn2C)n1,9b(DMABA) + 1b + 7a,
COC(=O)c1cc(NC(=O)c2cc(NC(=O)c3nc(NC(=O)CCCN(C)C)cn3C)cn2C)cs1,9b(DMABA) + 1b + 8a,
CCOC(=O)c1nc(NC(=O)c2cc(NC(=O)c3nc(NC(=O)CCCN(C)C)cn3C)cn2C)cn1C,9b(DMABA) + 1b + 9a,
COC(=O)c1cc2c3c(ccc2[nH]1)N(C(=O)c1cc(NC(=O)c2nc(NC(=O)CCCN(C)C)cn2C)cn1C)CC3,9b(DMABA) + 1b + 10a,
COC(=O)c1cc2cc(NC(=O)c3cc(NC(=O)c4nc(NC(=O)CCCN(C)C)cn4C)cn3C)ccc2s1,9b(DMABA) + 1b + 11a,
COC(=O)c1cc2cc(NC(=O)c3cc(NC(=O)c4nc(NC(=O)CCCN(C)C)cn4C)cn3C)ccc2o1,9b(DMABA) + 1b + 12a,
CCOC(=O)c1cc2cc(NC(=O)c3cc(NC(=O)c4nc(NC(=O)CCCN(C)C)cn4C)cn3C)ccc2[nH]1,9b(DMABA) + 1b + 13a,
COC(=O)c1nc2ccc(NC(=O)c3cc(NC(=O)c4nc(NC(=O)CCCN(C)C)cn4C)cn3C)cc2o1,9b(DMABA) + 1b + 14a,
COC(=O)c1nc2cc(NC(=O)c3cc(NC(=O)c4nc(NC(=O)CCCN(C)C)cn4C)cn3C)ccc2[nH]1,9b(DMABA) + 1b + 15a,
COC(=O)c1cc(NC(=O)c2ccc(NC(=O)c3nc(NC(=O)CCCN(C)C)cn3C)cc2)cn1C,9b(DMABA) + 5b + 1a,
COC(=O)c1ccc(NC(=O)c2ccc(NC(=O)c3nc(NC(=O)CCCN(C)C)cn3C)cc2)cc1,9b(DMABA) + 5b + 5a,
COC(=O)c1cccc(NC(=O)c2ccc(NC(=O)c3nc(NC(=O)CCCN(C)C)cn3C)cc2)c1,9b(DMABA) + 5b + 6a,
CCOC(=O)c1csc(NC(=O)c2ccc(NC(=O)c3nc(NC(=O)CCCN(C)C)cn3C)cc2)n1,9b(DMABA) + 5b + 7a,
COC(=O)c1cc(NC(=O)c2ccc(NC(=O)c3nc(NC(=O)CCCN(C)C)cn3C)cc2)cs1,9b(DMABA) + 5b + 8a,
CCOC(=O)c1nc(NC(=O)c2ccc(NC(=O)c3nc(NC(=O)CCCN(C)C)cn3C)cc2)cn1C,9b(DMABA) + 5b + 9a,
COC(=O)c1cc2c3c(ccc2[nH]1)N(C(=O)c1ccc(NC(=O)c2nc(NC(=O)CCCN(C)C)cn2C)cc1)CC3,9b(DMABA) + 5b + 10a,
COC(=O)c1cc2cc(NC(=O)c3ccc(NC(=O)c4nc(NC(=O)CCCN(C)C)cn4C)cc3)ccc2s1,9b(DMABA) + 5b + 11a,
COC(=O)c1cc2cc(NC(=O)c3ccc(NC(=O)c4nc(NC(=O)CCCN(C)C)cn4C)cc3)ccc2o1,9b(DMABA) + 5b + 12a,
CCOC(=O)c1cc2cc(NC(=O)c3ccc(NC(=O)c4nc(NC(=O)CCCN(C)C)cn4C)cc3)ccc2[nH]1,9b(DMABA) + 5b + 13a,
COC(=O)c1nc2ccc(NC(=O)c3ccc(NC(=O)c4nc(NC(=O)CCCN(C)C)cn4C)cc3)cc2o1,9b(DMABA) + 5b + 14a,
COC(=O)c1nc2cc(NC(=O)c3ccc(NC(=O)c4nc(NC(=O)CCCN(C)C)cn4C)cc3)ccc2[nH]1,9b(DMABA) + 5b + 15a,
COC(=O)c1cc(NC(=O)c2cccc(NC(=O)c3nc(NC(=O)CCCN(C)C)cn3C)c2)cn1C,9b(DMABA) + 6b + 1a,
COC(=O)c1ccc(NC(=O)c2cccc(NC(=O)c3nc(NC(=O)CCCN(C)C)cn3C)c2)cc1,9b(DMABA) + 6b + 5a,
COC(=O)c1cccc(NC(=O)c2cccc(NC(=O)c3nc(NC(=O)CCCN(C)C)cn3C)c2)c1,9b(DMABA) + 6b + 6a,
CCOC(=O)c1csc(NC(=O)c2cccc(NC(=O)c3nc(NC(=O)CCCN(C)C)cn3C)c2)n1,9b(DMABA) + 6b + 7a,
COC(=O)c1cc(NC(=O)c2cccc(NC(=O)c3nc(NC(=O)CCCN(C)C)cn3C)c2)cs1,9b(DMABA) + 6b + 8a,
CCOC(=O)c1nc(NC(=O)c2cccc(NC(=O)c3nc(NC(=O)CCCN(C)C)cn3C)c2)cn1C,9b(DMABA) + 6b + 9a,
COC(=O)c1cc2c3c(ccc2[nH]1)N(C(=O)c1cccc(NC(=O)c2nc(NC(=O)CCCN(C)C)cn2C)c1)CC3,9b(DMABA) + 6b + 10a,
COC(=O)c1cc2cc(NC(=O)c3cccc(NC(=O)c4nc(NC(=O)CCCN(C)C)cn4C)c3)ccc2s1,9b(DMABA) + 6b + 11a,
COC(=O)c1cc2cc(NC(=O)c3cccc(NC(=O)c4nc(NC(=O)CCCN(C)C)cn4C)c3)ccc2o1,9b(DMABA) + 6b + 12a,
CCOC(=O)c1cc2cc(NC(=O)c3cccc(NC(=O)c4nc(NC(=O)CCCN(C)C)cn4C)c3)ccc2[nH]1,9b(DMABA) + 6b + 13a,
COC(=O)c1nc2ccc(NC(=O)c3cccc(NC(=O)c4nc(NC(=O)CCCN(C)C)cn4C)c3)cc2o1,9b(DMABA) + 6b + 14a,
COC(=O)c1nc2cc(NC(=O)c3cccc(NC(=O)c4nc(NC(=O)CCCN(C)C)cn4C)c3)ccc2[nH]1,9b(DMABA) + 6b + 15a,
COC(=O)c1cc(NC(=O)c2csc(NC(=O)c3nc(NC(=O)CCCN(C)C)cn3C)n2)cn1C,9b(DMABA) + 7b + 1a,
COC(=O)c1ccc(NC(=O)c2csc(NC(=O)c3nc(NC(=O)CCCN(C)C)cn3C)n2)cc1,9b(DMABA) + 7b + 5a,
COC(=O)c1cccc(NC(=O)c2csc(NC(=O)c3nc(NC(=O)CCCN(C)C)cn3C)n2)c1,9b(DMABA) + 7b + 6a,
CCOC(=O)c1csc(NC(=O)c2csc(NC(=O)c3nc(NC(=O)CCCN(C)C)cn3C)n2)n1,9b(DMABA) + 7b + 7a,
COC(=O)c1cc(NC(=O)c2csc(NC(=O)c3nc(NC(=O)CCCN(C)C)cn3C)n2)cs1,9b(DMABA) + 7b + 8a,
CCOC(=O)c1nc(NC(=O)c2csc(NC(=O)c3nc(NC(=O)CCCN(C)C)cn3C)n2)cn1C,9b(DMABA) + 7b + 9a,
COC(=O)c1cc2c3c(ccc2[nH]1)N(C(=O)c1csc(NC(=O)c2nc(NC(=O)CCCN(C)C)cn2C)n1)CC3,9b(DMABA) + 7b + 10a,
COC(=O)c1cc2cc(NC(=O)c3csc(NC(=O)c4nc(NC(=O)CCCN(C)C)cn4C)n3)ccc2s1,9b(DMABA) + 7b + 11a,
COC(=O)c1cc2cc(NC(=O)c3csc(NC(=O)c4nc(NC(=O)CCCN(C)C)cn4C)n3)ccc2o1,9b(DMABA) + 7b + 12a,
CCOC(=O)c1cc2cc(NC(=O)c3csc(NC(=O)c4nc(NC(=O)CCCN(C)C)cn4C)n3)ccc2[nH]1,9b(DMABA) + 7b + 13a,
COC(=O)c1nc2ccc(NC(=O)c3csc(NC(=O)c4nc(NC(=O)CCCN(C)C)cn4C)n3)cc2o1,9b(DMABA) + 7b + 14a,
COC(=O)c1nc2cc(NC(=O)c3csc(NC(=O)c4nc(NC(=O)CCCN(C)C)cn4C)n3)ccc2[nH]1,9b(DMABA) + 7b + 15a,
COC(=O)c1cc(NC(=O)c2cc(NC(=O)c3nc(NC(=O)CCCN(C)C)cn3C)cs2)cn1C,9b(DMABA) + 8b + 1a,
COC(=O)c1ccc(NC(=O)c2cc(NC(=O)c3nc(NC(=O)CCCN(C)C)cn3C)cs2)cc1,9b(DMABA) + 8b + 5a,
COC(=O)c1cccc(NC(=O)c2cc(NC(=O)c3nc(NC(=O)CCCN(C)C)cn3C)cs2)c1,9b(DMABA) + 8b + 6a,
CCOC(=O)c1csc(NC(=O)c2cc(NC(=O)c3nc(NC(=O)CCCN(C)C)cn3C)cs2)n1,9b(DMABA) + 8b + 7a,
COC(=O)c1cc(NC(=O)c2cc(NC(=O)c3nc(NC(=O)CCCN(C)C)cn3C)cs2)cs1,9b(DMABA) + 8b + 8a,
CCOC(=O)c1nc(NC(=O)c2cc(NC(=O)c3nc(NC(=O)CCCN(C)C)cn3C)cs2)cn1C,9b(DMABA) + 8b + 9a,
COC(=O)c1cc2c3c(ccc2[nH]1)N(C(=O)c1cc(NC(=O)c2nc(NC(=O)CCCN(C)C)cn2C)cs1)CC3,9b(DMABA) + 8b + 10a,
COC(=O)c1cc2cc(NC(=O)c3cc(NC(=O)c4nc(NC(=O)CCCN(C)C)cn4C)cs3)ccc2s1,9b(DMABA) + 8b + 11a,
COC(=O)c1cc2cc(NC(=O)c3cc(NC(=O)c4nc(NC(=O)CCCN(C)C)cn4C)cs3)ccc2o1,9b(DMABA) + 8b + 12a,
CCOC(=O)c1cc2cc(NC(=O)c3cc(NC(=O)c4nc(NC(=O)CCCN(C)C)cn4C)cs3)ccc2[nH]1,9b(DMABA) + 8b + 13a,
COC(=O)c1nc2ccc(NC(=O)c3cc(NC(=O)c4nc(NC(=O)CCCN(C)C)cn4C)cs3)cc2o1,9b(DMABA) + 8b + 14a,
COC(=O)c1nc2cc(NC(=O)c3cc(NC(=O)c4nc(NC(=O)CCCN(C)C)cn4C)cs3)ccc2[nH]1,9b(DMABA) + 8b + 15a,
COC(=O)c1cc(NC(=O)c2nc(NC(=O)c3nc(NC(=O)CCCN(C)C)cn3C)cn2C)cn1C,9b(DMABA) + 9b + 1a,
COC(=O)c1ccc(NC(=O)c2nc(NC(=O)c3nc(NC(=O)CCCN(C)C)cn3C)cn2C)cc1,9b(DMABA) + 9b + 5a,
COC(=O)c1cccc(NC(=O)c2nc(NC(=O)c3nc(NC(=O)CCCN(C)C)cn3C)cn2C)c1,9b(DMABA) + 9b + 6a,
CCOC(=O)c1csc(NC(=O)c2nc(NC(=O)c3nc(NC(=O)CCCN(C)C)cn3C)cn2C)n1,9b(DMABA) + 9b + 7a,
COC(=O)c1cc(NC(=O)c2nc(NC(=O)c3nc(NC(=O)CCCN(C)C)cn3C)cn2C)cs1,9b(DMABA) + 9b + 8a,
CCOC(=O)c1nc(NC(=O)c2nc(NC(=O)c3nc(NC(=O)CCCN(C)C)cn3C)cn2C)cn1C,9b(DMABA) + 9b + 9a,
COC(=O)c1cc2c3c(ccc2[nH]1)N(C(=O)c1nc(NC(=O)c2nc(NC(=O)CCCN(C)C)cn2C)cn1C)CC3,9b(DMABA) + 9b + 10a,
COC(=O)c1cc2cc(NC(=O)c3nc(NC(=O)c4nc(NC(=O)CCCN(C)C)cn4C)cn3C)ccc2s1,9b(DMABA) + 9b + 11a,
COC(=O)c1cc2cc(NC(=O)c3nc(NC(=O)c4nc(NC(=O)CCCN(C)C)cn4C)cn3C)ccc2o1,9b(DMABA) + 9b + 12a,
CCOC(=O)c1cc2cc(NC(=O)c3nc(NC(=O)c4nc(NC(=O)CCCN(C)C)cn4C)cn3C)ccc2[nH]1,9b(DMABA) + 9b + 13a,
COC(=O)c1nc2ccc(NC(=O)c3nc(NC(=O)c4nc(NC(=O)CCCN(C)C)cn4C)cn3C)cc2o1,9b(DMABA) + 9b + 14a,
COC(=O)c1nc2cc(NC(=O)c3nc(NC(=O)c4nc(NC(=O)CCCN(C)C)cn4C)cn3C)ccc2[nH]1,9b(DMABA) + 9b + 15a,
COC(=O)c1cc(NC(=O)c2cc3c4c(ccc3[nH]2)N(C(=O)c2nc(NC(=O)CCCN(C)C)cn2C)CC4)cn1C,9b(DMABA) + 10b + 1a,
COC(=O)c1ccc(NC(=O)c2cc3c4c(ccc3[nH]2)N(C(=O)c2nc(NC(=O)CCCN(C)C)cn2C)CC4)cc1,9b(DMABA) + 10b + 5a,
COC(=O)c1cccc(NC(=O)c2cc3c4c(ccc3[nH]2)N(C(=O)c2nc(NC(=O)CCCN(C)C)cn2C)CC4)c1,9b(DMABA) + 10b + 6a,
CCOC(=O)c1csc(NC(=O)c2cc3c4c(ccc3[nH]2)N(C(=O)c2nc(NC(=O)CCCN(C)C)cn2C)CC4)n1,9b(DMABA) + 10b + 7a,
COC(=O)c1cc(NC(=O)c2cc3c4c(ccc3[nH]2)N(C(=O)c2nc(NC(=O)CCCN(C)C)cn2C)CC4)cs1,9b(DMABA) + 10b + 8a,
CCOC(=O)c1nc(NC(=O)c2cc3c4c(ccc3[nH]2)N(C(=O)c2nc(NC(=O)CCCN(C)C)cn2C)CC4)cn1C,9b(DMABA) + 10b + 9a,
COC(=O)c1cc2c3c(ccc2[nH]1)N(C(=O)c1cc2c4c(ccc2[nH]1)N(C(=O)c1nc(NC(=O)CCCN(C)C)cn1C)CC4)CC3,9b(DMABA) + 10b + 10a,
COC(=O)c1cc2cc(NC(=O)c3cc4c5c(ccc4[nH]3)N(C(=O)c3nc(NC(=O)CCCN(C)C)cn3C)CC5)ccc2s1,9b(DMABA) + 10b + 11a,
COC(=O)c1cc2cc(NC(=O)c3cc4c5c(ccc4[nH]3)N(C(=O)c3nc(NC(=O)CCCN(C)C)cn3C)CC5)ccc2o1,9b(DMABA) + 10b + 12a,
CCOC(=O)c1cc2cc(NC(=O)c3cc4c5c(ccc4[nH]3)N(C(=O)c3nc(NC(=O)CCCN(C)C)cn3C)CC5)ccc2[nH]1,9b(DMABA) + 10b + 13a,
COC(=O)c1nc2ccc(NC(=O)c3cc4c5c(ccc4[nH]3)N(C(=O)c3nc(NC(=O)CCCN(C)C)cn3C)CC5)cc2o1,9b(DMABA) + 10b + 14a,
COC(=O)c1nc2cc(NC(=O)c3cc4c5c(ccc4[nH]3)N(C(=O)c3nc(NC(=O)CCCN(C)C)cn3C)CC5)ccc2[nH]1,9b(DMABA) + 10b + 15a,
COC(=O)c1cc(NC(=O)c2cc3cc(NC(=O)c4nc(NC(=O)CCCN(C)C)cn4C)ccc3s2)cn1C,9b(DMABA) + 11b + 1a,
COC(=O)c1ccc(NC(=O)c2cc3cc(NC(=O)c4nc(NC(=O)CCCN(C)C)cn4C)ccc3s2)cc1,9b(DMABA) + 11b + 5a,
COC(=O)c1cccc(NC(=O)c2cc3cc(NC(=O)c4nc(NC(=O)CCCN(C)C)cn4C)ccc3s2)c1,9b(DMABA) + 11b + 6a,
CCOC(=O)c1csc(NC(=O)c2cc3cc(NC(=O)c4nc(NC(=O)CCCN(C)C)cn4C)ccc3s2)n1,9b(DMABA) + 11b + 7a,
COC(=O)c1cc(NC(=O)c2cc3cc(NC(=O)c4nc(NC(=O)CCCN(C)C)cn4C)ccc3s2)cs1,9b(DMABA) + 11b + 8a,
CCOC(=O)c1nc(NC(=O)c2cc3cc(NC(=O)c4nc(NC(=O)CCCN(C)C)cn4C)ccc3s2)cn1C,9b(DMABA) + 11b + 9a,
COC(=O)c1cc2c3c(ccc2[nH]1)N(C(=O)c1cc2cc(NC(=O)c4nc(NC(=O)CCCN(C)C)cn4C)ccc2s1)CC3,9b(DMABA) + 11b + 10a,
COC(=O)c1cc2cc(NC(=O)c3cc4cc(NC(=O)c5nc(NC(=O)CCCN(C)C)cn5C)ccc4s3)ccc2s1,9b(DMABA) + 11b + 11a,
COC(=O)c1cc2cc(NC(=O)c3cc4cc(NC(=O)c5nc(NC(=O)CCCN(C)C)cn5C)ccc4s3)ccc2o1,9b(DMABA) + 11b + 12a,
CCOC(=O)c1cc2cc(NC(=O)c3cc4cc(NC(=O)c5nc(NC(=O)CCCN(C)C)cn5C)ccc4s3)ccc2[nH]1,9b(DMABA) + 11b + 13a,
COC(=O)c1nc2ccc(NC(=O)c3cc4cc(NC(=O)c5nc(NC(=O)CCCN(C)C)cn5C)ccc4s3)cc2o1,9b(DMABA) + 11b + 14a,
COC(=O)c1nc2cc(NC(=O)c3cc4cc(NC(=O)c5nc(NC(=O)CCCN(C)C)cn5C)ccc4s3)ccc2[nH]1,9b(DMABA) + 11b + 15a,
COC(=O)c1cc(NC(=O)c2cc3cc(NC(=O)c4nc(NC(=O)CCCN(C)C)cn4C)ccc3o2)cn1C,9b(DMABA) + 12b + 1a,
COC(=O)c1ccc(NC(=O)c2cc3cc(NC(=O)c4nc(NC(=O)CCCN(C)C)cn4C)ccc3o2)cc1,9b(DMABA) + 12b + 5a,
COC(=O)c1cccc(NC(=O)c2cc3cc(NC(=O)c4nc(NC(=O)CCCN(C)C)cn4C)ccc3o2)c1,9b(DMABA) + 12b + 6a,
CCOC(=O)c1csc(NC(=O)c2cc3cc(NC(=O)c4nc(NC(=O)CCCN(C)C)cn4C)ccc3o2)n1,9b(DMABA) + 12b + 7a,
COC(=O)c1cc(NC(=O)c2cc3cc(NC(=O)c4nc(NC(=O)CCCN(C)C)cn4C)ccc3o2)cs1,9b(DMABA) + 12b + 8a,
CCOC(=O)c1nc(NC(=O)c2cc3cc(NC(=O)c4nc(NC(=O)CCCN(C)C)cn4C)ccc3o2)cn1C,9b(DMABA) + 12b + 9a,
COC(=O)c1cc2c3c(ccc2[nH]1)N(C(=O)c1cc2cc(NC(=O)c4nc(NC(=O)CCCN(C)C)cn4C)ccc2o1)CC3,9b(DMABA) + 12b + 10a,
COC(=O)c1cc2cc(NC(=O)c3cc4cc(NC(=O)c5nc(NC(=O)CCCN(C)C)cn5C)ccc4o3)ccc2s1,9b(DMABA) + 12b + 11a,
COC(=O)c1cc2cc(NC(=O)c3cc4cc(NC(=O)c5nc(NC(=O)CCCN(C)C)cn5C)ccc4o3)ccc2o1,9b(DMABA) + 12b + 12a,
CCOC(=O)c1cc2cc(NC(=O)c3cc4cc(NC(=O)c5nc(NC(=O)CCCN(C)C)cn5C)ccc4o3)ccc2[nH]1,9b(DMABA) + 12b + 13a,
COC(=O)c1nc2ccc(NC(=O)c3cc4cc(NC(=O)c5nc(NC(=O)CCCN(C)C)cn5C)ccc4o3)cc2o1,9b(DMABA) + 12b + 14a,
COC(=O)c1nc2cc(NC(=O)c3cc4cc(NC(=O)c5nc(NC(=O)CCCN(C)C)cn5C)ccc4o3)ccc2[nH]1,9b(DMABA) + 12b + 15a,
COC(=O)c1cc(NC(=O)c2cc3cc(NC(=O)c4nc(NC(=O)CCCN(C)C)cn4C)ccc3[nH]2)cn1C,9b(DMABA) + 13b + 1a,
COC(=O)c1ccc(NC(=O)c2cc3cc(NC(=O)c4nc(NC(=O)CCCN(C)C)cn4C)ccc3[nH]2)cc1,9b(DMABA) + 13b + 5a,
COC(=O)c1cccc(NC(=O)c2cc3cc(NC(=O)c4nc(NC(=O)CCCN(C)C)cn4C)ccc3[nH]2)c1,9b(DMABA) + 13b + 6a,
CCOC(=O)c1csc(NC(=O)c2cc3cc(NC(=O)c4nc(NC(=O)CCCN(C)C)cn4C)ccc3[nH]2)n1,9b(DMABA) + 13b + 7a,
COC(=O)c1cc(NC(=O)c2cc3cc(NC(=O)c4nc(NC(=O)CCCN(C)C)cn4C)ccc3[nH]2)cs1,9b(DMABA) + 13b + 8a,
CCOC(=O)c1nc(NC(=O)c2cc3cc(NC(=O)c4nc(NC(=O)CCCN(C)C)cn4C)ccc3[nH]2)cn1C,9b(DMABA) + 13b + 9a,
COC(=O)c1cc2c3c(ccc2[nH]1)N(C(=O)c1cc2cc(NC(=O)c4nc(NC(=O)CCCN(C)C)cn4C)ccc2[nH]1)CC3,9b(DMABA) + 13b + 10a,
COC(=O)c1cc2cc(NC(=O)c3cc4cc(NC(=O)c5nc(NC(=O)CCCN(C)C)cn5C)ccc4[nH]3)ccc2s1,9b(DMABA) + 13b + 11a,
COC(=O)c1cc2cc(NC(=O)c3cc4cc(NC(=O)c5nc(NC(=O)CCCN(C)C)cn5C)ccc4[nH]3)ccc2o1,9b(DMABA) + 13b + 12a,
CCOC(=O)c1cc2cc(NC(=O)c3cc4cc(NC(=O)c5nc(NC(=O)CCCN(C)C)cn5C)ccc4[nH]3)ccc2[nH]1,9b(DMABA) + 13b + 13a,
COC(=O)c1nc2ccc(NC(=O)c3cc4cc(NC(=O)c5nc(NC(=O)CCCN(C)C)cn5C)ccc4[nH]3)cc2o1,9b(DMABA) + 13b + 14a,
COC(=O)c1nc2cc(NC(=O)c3cc4cc(NC(=O)c5nc(NC(=O)CCCN(C)C)cn5C)ccc4[nH]3)ccc2[nH]1,9b(DMABA) + 13b + 15a,
COC(=O)c1cc(NC(=O)c2nc3ccc(NC(=O)c4nc(NC(=O)CCCN(C)C)cn4C)cc3o2)cn1C,9b(DMABA) + 14b + 1a,
COC(=O)c1ccc(NC(=O)c2nc3ccc(NC(=O)c4nc(NC(=O)CCCN(C)C)cn4C)cc3o2)cc1,9b(DMABA) + 14b + 5a,
COC(=O)c1cccc(NC(=O)c2nc3ccc(NC(=O)c4nc(NC(=O)CCCN(C)C)cn4C)cc3o2)c1,9b(DMABA) + 14b + 6a,
CCOC(=O)c1csc(NC(=O)c2nc3ccc(NC(=O)c4nc(NC(=O)CCCN(C)C)cn4C)cc3o2)n1,9b(DMABA) + 14b + 7a,
COC(=O)c1cc(NC(=O)c2nc3ccc(NC(=O)c4nc(NC(=O)CCCN(C)C)cn4C)cc3o2)cs1,9b(DMABA) + 14b + 8a,
CCOC(=O)c1nc(NC(=O)c2nc3ccc(NC(=O)c4nc(NC(=O)CCCN(C)C)cn4C)cc3o2)cn1C,9b(DMABA) + 14b + 9a,
COC(=O)c1cc2c3c(ccc2[nH]1)N(C(=O)c1nc2ccc(NC(=O)c4nc(NC(=O)CCCN(C)C)cn4C)cc2o1)CC3,9b(DMABA) + 14b + 10a,
COC(=O)c1cc2cc(NC(=O)c3nc4ccc(NC(=O)c5nc(NC(=O)CCCN(C)C)cn5C)cc4o3)ccc2s1,9b(DMABA) + 14b + 11a,
COC(=O)c1cc2cc(NC(=O)c3nc4ccc(NC(=O)c5nc(NC(=O)CCCN(C)C)cn5C)cc4o3)ccc2o1,9b(DMABA) + 14b + 12a,
CCOC(=O)c1cc2cc(NC(=O)c3nc4ccc(NC(=O)c5nc(NC(=O)CCCN(C)C)cn5C)cc4o3)ccc2[nH]1,9b(DMABA) + 14b + 13a,
COC(=O)c1nc2ccc(NC(=O)c3nc4ccc(NC(=O)c5nc(NC(=O)CCCN(C)C)cn5C)cc4o3)cc2o1,9b(DMABA) + 14b + 14a,
COC(=O)c1nc2cc(NC(=O)c3nc4ccc(NC(=O)c5nc(NC(=O)CCCN(C)C)cn5C)cc4o3)ccc2[nH]1,9b(DMABA) + 14b + 15a,
COC(=O)c1cc(NC(=O)c2cc(NC(=O)c3cc4c5c(ccc4[nH]3)N(C(=O)OC(C)(C)C)CC5)cn2C)cn1C,10b(BOC) + 1b + 1a,
COC(=O)c1ccc(NC(=O)c2cc(NC(=O)c3cc4c5c(ccc4[nH]3)N(C(=O)OC(C)(C)C)CC5)cn2C)cc1,10b(BOC) + 1b + 5a,
COC(=O)c1cccc(NC(=O)c2cc(NC(=O)c3cc4c5c(ccc4[nH]3)N(C(=O)OC(C)(C)C)CC5)cn2C)c1,10b(BOC) + 1b + 6a,
CCOC(=O)c1csc(NC(=O)c2cc(NC(=O)c3cc4c5c(ccc4[nH]3)N(C(=O)OC(C)(C)C)CC5)cn2C)n1,10b(BOC) + 1b + 7a,
COC(=O)c1cc(NC(=O)c2cc(NC(=O)c3cc4c5c(ccc4[nH]3)N(C(=O)OC(C)(C)C)CC5)cn2C)cs1,10b(BOC) + 1b + 8a,
CCOC(=O)c1nc(NC(=O)c2cc(NC(=O)c3cc4c5c(ccc4[nH]3)N(C(=O)OC(C)(C)C)CC5)cn2C)cn1C,10b(BOC) + 1b + 9a,
COC(=O)c1cc2c3c(ccc2[nH]1)N(C(=O)c1cc(NC(=O)c2cc4c5c(ccc4[nH]2)N(C(=O)OC(C)(C)C)CC5)cn1C)CC3,10b(BOC) + 1b + 10a,
COC(=O)c1cc2cc(NC(=O)c3cc(NC(=O)c4cc5c6c(ccc5[nH]4)N(C(=O)OC(C)(C)C)CC6)cn3C)ccc2s1,10b(BOC) + 1b + 11a,
COC(=O)c1cc2cc(NC(=O)c3cc(NC(=O)c4cc5c6c(ccc5[nH]4)N(C(=O)OC(C)(C)C)CC6)cn3C)ccc2o1,10b(BOC) + 1b + 12a,
CCOC(=O)c1cc2cc(NC(=O)c3cc(NC(=O)c4cc5c6c(ccc5[nH]4)N(C(=O)OC(C)(C)C)CC6)cn3C)ccc2[nH]1,10b(BOC) + 1b + 13a,
COC(=O)c1nc2ccc(NC(=O)c3cc(NC(=O)c4cc5c6c(ccc5[nH]4)N(C(=O)OC(C)(C)C)CC6)cn3C)cc2o1,10b(BOC) + 1b + 14a,
COC(=O)c1nc2cc(NC(=O)c3cc(NC(=O)c4cc5c6c(ccc5[nH]4)N(C(=O)OC(C)(C)C)CC6)cn3C)ccc2[nH]1,10b(BOC) + 1b + 15a,
COC(=O)c1cc(NC(=O)c2ccc(NC(=O)c3cc4c5c(ccc4[nH]3)N(C(=O)OC(C)(C)C)CC5)cc2)cn1C,10b(BOC) + 5b + 1a,
COC(=O)c1ccc(NC(=O)c2ccc(NC(=O)c3cc4c5c(ccc4[nH]3)N(C(=O)OC(C)(C)C)CC5)cc2)cc1,10b(BOC) + 5b + 5a,
COC(=O)c1cccc(NC(=O)c2ccc(NC(=O)c3cc4c5c(ccc4[nH]3)N(C(=O)OC(C)(C)C)CC5)cc2)c1,10b(BOC) + 5b + 6a,
CCOC(=O)c1csc(NC(=O)c2ccc(NC(=O)c3cc4c5c(ccc4[nH]3)N(C(=O)OC(C)(C)C)CC5)cc2)n1,10b(BOC) + 5b + 7a,
COC(=O)c1cc(NC(=O)c2ccc(NC(=O)c3cc4c5c(ccc4[nH]3)N(C(=O)OC(C)(C)C)CC5)cc2)cs1,10b(BOC) + 5b + 8a,
CCOC(=O)c1nc(NC(=O)c2ccc(NC(=O)c3cc4c5c(ccc4[nH]3)N(C(=O)OC(C)(C)C)CC5)cc2)cn1C,10b(BOC) + 5b + 9a,
COC(=O)c1cc2c3c(ccc2[nH]1)N(C(=O)c1ccc(NC(=O)c2cc4c5c(ccc4[nH]2)N(C(=O)OC(C)(C)C)CC5)cc1)CC3,10b(BOC) + 5b + 10a,
COC(=O)c1cc2cc(NC(=O)c3ccc(NC(=O)c4cc5c6c(ccc5[nH]4)N(C(=O)OC(C)(C)C)CC6)cc3)ccc2s1,10b(BOC) + 5b + 11a,
COC(=O)c1cc2cc(NC(=O)c3ccc(NC(=O)c4cc5c6c(ccc5[nH]4)N(C(=O)OC(C)(C)C)CC6)cc3)ccc2o1,10b(BOC) + 5b + 12a,
CCOC(=O)c1cc2cc(NC(=O)c3ccc(NC(=O)c4cc5c6c(ccc5[nH]4)N(C(=O)OC(C)(C)C)CC6)cc3)ccc2[nH]1,10b(BOC) + 5b + 13a,
COC(=O)c1nc2ccc(NC(=O)c3ccc(NC(=O)c4cc5c6c(ccc5[nH]4)N(C(=O)OC(C)(C)C)CC6)cc3)cc2o1,10b(BOC) + 5b + 14a,
COC(=O)c1nc2cc(NC(=O)c3ccc(NC(=O)c4cc5c6c(ccc5[nH]4)N(C(=O)OC(C)(C)C)CC6)cc3)ccc2[nH]1,10b(BOC) + 5b + 15a,
COC(=O)c1cc(NC(=O)c2cccc(NC(=O)c3cc4c5c(ccc4[nH]3)N(C(=O)OC(C)(C)C)CC5)c2)cn1C,10b(BOC) + 6b + 1a,
COC(=O)c1ccc(NC(=O)c2cccc(NC(=O)c3cc4c5c(ccc4[nH]3)N(C(=O)OC(C)(C)C)CC5)c2)cc1,10b(BOC) + 6b + 5a,
COC(=O)c1cccc(NC(=O)c2cccc(NC(=O)c3cc4c5c(ccc4[nH]3)N(C(=O)OC(C)(C)C)CC5)c2)c1,10b(BOC) + 6b + 6a,
CCOC(=O)c1csc(NC(=O)c2cccc(NC(=O)c3cc4c5c(ccc4[nH]3)N(C(=O)OC(C)(C)C)CC5)c2)n1,10b(BOC) + 6b + 7a,
COC(=O)c1cc(NC(=O)c2cccc(NC(=O)c3cc4c5c(ccc4[nH]3)N(C(=O)OC(C)(C)C)CC5)c2)cs1,10b(BOC) + 6b + 8a,
CCOC(=O)c1nc(NC(=O)c2cccc(NC(=O)c3cc4c5c(ccc4[nH]3)N(C(=O)OC(C)(C)C)CC5)c2)cn1C,10b(BOC) + 6b + 9a,
COC(=O)c1cc2c3c(ccc2[nH]1)N(C(=O)c1cccc(NC(=O)c2cc4c5c(ccc4[nH]2)N(C(=O)OC(C)(C)C)CC5)c1)CC3,10b(BOC) + 6b + 10a,
COC(=O)c1cc2cc(NC(=O)c3cccc(NC(=O)c4cc5c6c(ccc5[nH]4)N(C(=O)OC(C)(C)C)CC6)c3)ccc2s1,10b(BOC) + 6b + 11a,
COC(=O)c1cc2cc(NC(=O)c3cccc(NC(=O)c4cc5c6c(ccc5[nH]4)N(C(=O)OC(C)(C)C)CC6)c3)ccc2o1,10b(BOC) + 6b + 12a,
CCOC(=O)c1cc2cc(NC(=O)c3cccc(NC(=O)c4cc5c6c(ccc5[nH]4)N(C(=O)OC(C)(C)C)CC6)c3)ccc2[nH]1,10b(BOC) + 6b + 13a,
COC(=O)c1nc2ccc(NC(=O)c3cccc(NC(=O)c4cc5c6c(ccc5[nH]4)N(C(=O)OC(C)(C)C)CC6)c3)cc2o1,10b(BOC) + 6b + 14a,
COC(=O)c1nc2cc(NC(=O)c3cccc(NC(=O)c4cc5c6c(ccc5[nH]4)N(C(=O)OC(C)(C)C)CC6)c3)ccc2[nH]1,10b(BOC) + 6b + 15a,
COC(=O)c1cc(NC(=O)c2csc(NC(=O)c3cc4c5c(ccc4[nH]3)N(C(=O)OC(C)(C)C)CC5)n2)cn1C,10b(BOC) + 7b + 1a,
COC(=O)c1ccc(NC(=O)c2csc(NC(=O)c3cc4c5c(ccc4[nH]3)N(C(=O)OC(C)(C)C)CC5)n2)cc1,10b(BOC) + 7b + 5a,
COC(=O)c1cccc(NC(=O)c2csc(NC(=O)c3cc4c5c(ccc4[nH]3)N(C(=O)OC(C)(C)C)CC5)n2)c1,10b(BOC) + 7b + 6a,
CCOC(=O)c1csc(NC(=O)c2csc(NC(=O)c3cc4c5c(ccc4[nH]3)N(C(=O)OC(C)(C)C)CC5)n2)n1,10b(BOC) + 7b + 7a,
COC(=O)c1cc(NC(=O)c2csc(NC(=O)c3cc4c5c(ccc4[nH]3)N(C(=O)OC(C)(C)C)CC5)n2)cs1,10b(BOC) + 7b + 8a,
CCOC(=O)c1nc(NC(=O)c2csc(NC(=O)c3cc4c5c(ccc4[nH]3)N(C(=O)OC(C)(C)C)CC5)n2)cn1C,10b(BOC) + 7b + 9a,
COC(=O)c1cc2c3c(ccc2[nH]1)N(C(=O)c1csc(NC(=O)c2cc4c5c(ccc4[nH]2)N(C(=O)OC(C)(C)C)CC5)n1)CC3,10b(BOC) + 7b + 10a,
COC(=O)c1cc2cc(NC(=O)c3csc(NC(=O)c4cc5c6c(ccc5[nH]4)N(C(=O)OC(C)(C)C)CC6)n3)ccc2s1,10b(BOC) + 7b + 11a,
COC(=O)c1cc2cc(NC(=O)c3csc(NC(=O)c4cc5c6c(ccc5[nH]4)N(C(=O)OC(C)(C)C)CC6)n3)ccc2o1,10b(BOC) + 7b + 12a,
CCOC(=O)c1cc2cc(NC(=O)c3csc(NC(=O)c4cc5c6c(ccc5[nH]4)N(C(=O)OC(C)(C)C)CC6)n3)ccc2[nH]1,10b(BOC) + 7b + 13a,
COC(=O)c1nc2ccc(NC(=O)c3csc(NC(=O)c4cc5c6c(ccc5[nH]4)N(C(=O)OC(C)(C)C)CC6)n3)cc2o1,10b(BOC) + 7b + 14a,
COC(=O)c1nc2cc(NC(=O)c3csc(NC(=O)c4cc5c6c(ccc5[nH]4)N(C(=O)OC(C)(C)C)CC6)n3)ccc2[nH]1,10b(BOC) + 7b + 15a,
COC(=O)c1cc(NC(=O)c2cc(NC(=O)c3cc4c5c(ccc4[nH]3)N(C(=O)OC(C)(C)C)CC5)cs2)cn1C,10b(BOC) + 8b + 1a,
COC(=O)c1ccc(NC(=O)c2cc(NC(=O)c3cc4c5c(ccc4[nH]3)N(C(=O)OC(C)(C)C)CC5)cs2)cc1,10b(BOC) + 8b + 5a,
COC(=O)c1cccc(NC(=O)c2cc(NC(=O)c3cc4c5c(ccc4[nH]3)N(C(=O)OC(C)(C)C)CC5)cs2)c1,10b(BOC) + 8b + 6a,
CCOC(=O)c1csc(NC(=O)c2cc(NC(=O)c3cc4c5c(ccc4[nH]3)N(C(=O)OC(C)(C)C)CC5)cs2)n1,10b(BOC) + 8b + 7a,
COC(=O)c1cc(NC(=O)c2cc(NC(=O)c3cc4c5c(ccc4[nH]3)N(C(=O)OC(C)(C)C)CC5)cs2)cs1,10b(BOC) + 8b + 8a,
CCOC(=O)c1nc(NC(=O)c2cc(NC(=O)c3cc4c5c(ccc4[nH]3)N(C(=O)OC(C)(C)C)CC5)cs2)cn1C,10b(BOC) + 8b + 9a,
COC(=O)c1cc2c3c(ccc2[nH]1)N(C(=O)c1cc(NC(=O)c2cc4c5c(ccc4[nH]2)N(C(=O)OC(C)(C)C)CC5)cs1)CC3,10b(BOC) + 8b + 10a,
COC(=O)c1cc2cc(NC(=O)c3cc(NC(=O)c4cc5c6c(ccc5[nH]4)N(C(=O)OC(C)(C)C)CC6)cs3)ccc2s1,10b(BOC) + 8b + 11a,
COC(=O)c1cc2cc(NC(=O)c3cc(NC(=O)c4cc5c6c(ccc5[nH]4)N(C(=O)OC(C)(C)C)CC6)cs3)ccc2o1,10b(BOC) + 8b + 12a,
CCOC(=O)c1cc2cc(NC(=O)c3cc(NC(=O)c4cc5c6c(ccc5[nH]4)N(C(=O)OC(C)(C)C)CC6)cs3)ccc2[nH]1,10b(BOC) + 8b + 13a,
COC(=O)c1nc2ccc(NC(=O)c3cc(NC(=O)c4cc5c6c(ccc5[nH]4)N(C(=O)OC(C)(C)C)CC6)cs3)cc2o1,10b(BOC) + 8b + 14a,
COC(=O)c1nc2cc(NC(=O)c3cc(NC(=O)c4cc5c6c(ccc5[nH]4)N(C(=O)OC(C)(C)C)CC6)cs3)ccc2[nH]1,10b(BOC) + 8b + 15a,
COC(=O)c1cc(NC(=O)c2nc(NC(=O)c3cc4c5c(ccc4[nH]3)N(C(=O)OC(C)(C)C)CC5)cn2C)cn1C,10b(BOC) + 9b + 1a,
COC(=O)c1ccc(NC(=O)c2nc(NC(=O)c3cc4c5c(ccc4[nH]3)N(C(=O)OC(C)(C)C)CC5)cn2C)cc1,10b(BOC) + 9b + 5a,
COC(=O)c1cccc(NC(=O)c2nc(NC(=O)c3cc4c5c(ccc4[nH]3)N(C(=O)OC(C)(C)C)CC5)cn2C)c1,10b(BOC) + 9b + 6a,
CCOC(=O)c1csc(NC(=O)c2nc(NC(=O)c3cc4c5c(ccc4[nH]3)N(C(=O)OC(C)(C)C)CC5)cn2C)n1,10b(BOC) + 9b + 7a,
COC(=O)c1cc(NC(=O)c2nc(NC(=O)c3cc4c5c(ccc4[nH]3)N(C(=O)OC(C)(C)C)CC5)cn2C)cs1,10b(BOC) + 9b + 8a,
CCOC(=O)c1nc(NC(=O)c2nc(NC(=O)c3cc4c5c(ccc4[nH]3)N(C(=O)OC(C)(C)C)CC5)cn2C)cn1C,10b(BOC) + 9b + 9a,
COC(=O)c1cc2c3c(ccc2[nH]1)N(C(=O)c1nc(NC(=O)c2cc4c5c(ccc4[nH]2)N(C(=O)OC(C)(C)C)CC5)cn1C)CC3,10b(BOC) + 9b + 10a,
COC(=O)c1cc2cc(NC(=O)c3nc(NC(=O)c4cc5c6c(ccc5[nH]4)N(C(=O)OC(C)(C)C)CC6)cn3C)ccc2s1,10b(BOC) + 9b + 11a,
COC(=O)c1cc2cc(NC(=O)c3nc(NC(=O)c4cc5c6c(ccc5[nH]4)N(C(=O)OC(C)(C)C)CC6)cn3C)ccc2o1,10b(BOC) + 9b + 12a,
CCOC(=O)c1cc2cc(NC(=O)c3nc(NC(=O)c4cc5c6c(ccc5[nH]4)N(C(=O)OC(C)(C)C)CC6)cn3C)ccc2[nH]1,10b(BOC) + 9b + 13a,
COC(=O)c1nc2ccc(NC(=O)c3nc(NC(=O)c4cc5c6c(ccc5[nH]4)N(C(=O)OC(C)(C)C)CC6)cn3C)cc2o1,10b(BOC) + 9b + 14a,
COC(=O)c1nc2cc(NC(=O)c3nc(NC(=O)c4cc5c6c(ccc5[nH]4)N(C(=O)OC(C)(C)C)CC6)cn3C)ccc2[nH]1,10b(BOC) + 9b + 15a,
COC(=O)c1cc(NC(=O)c2cc3c4c(ccc3[nH]2)N(C(=O)c2cc3c5c(ccc3[nH]2)N(C(=O)OC(C)(C)C)CC5)CC4)cn1C,10b(BOC) + 10b + 1a,
COC(=O)c1ccc(NC(=O)c2cc3c4c(ccc3[nH]2)N(C(=O)c2cc3c5c(ccc3[nH]2)N(C(=O)OC(C)(C)C)CC5)CC4)cc1,10b(BOC) + 10b + 5a,
COC(=O)c1cccc(NC(=O)c2cc3c4c(ccc3[nH]2)N(C(=O)c2cc3c5c(ccc3[nH]2)N(C(=O)OC(C)(C)C)CC5)CC4)c1,10b(BOC) + 10b + 6a,
CCOC(=O)c1csc(NC(=O)c2cc3c4c(ccc3[nH]2)N(C(=O)c2cc3c5c(ccc3[nH]2)N(C(=O)OC(C)(C)C)CC5)CC4)n1,10b(BOC) + 10b + 7a,
COC(=O)c1cc(NC(=O)c2cc3c4c(ccc3[nH]2)N(C(=O)c2cc3c5c(ccc3[nH]2)N(C(=O)OC(C)(C)C)CC5)CC4)cs1,10b(BOC) + 10b + 8a,
CCOC(=O)c1nc(NC(=O)c2cc3c4c(ccc3[nH]2)N(C(=O)c2cc3c5c(ccc3[nH]2)N(C(=O)OC(C)(C)C)CC5)CC4)cn1C,10b(BOC) + 10b + 9a,
COC(=O)c1cc2c3c(ccc2[nH]1)N(C(=O)c1cc2c4c(ccc2[nH]1)N(C(=O)c1cc2c5c(ccc2[nH]1)N(C(=O)OC(C)(C)C)CC5)CC4)CC3,10b(BOC) + 10b + 10a,
COC(=O)c1cc2cc(NC(=O)c3cc4c5c(ccc4[nH]3)N(C(=O)c3cc4c6c(ccc4[nH]3)N(C(=O)OC(C)(C)C)CC6)CC5)ccc2s1,10b(BOC) + 10b + 11a,
COC(=O)c1cc2cc(NC(=O)c3cc4c5c(ccc4[nH]3)N(C(=O)c3cc4c6c(ccc4[nH]3)N(C(=O)OC(C)(C)C)CC6)CC5)ccc2o1,10b(BOC) + 10b + 12a,
CCOC(=O)c1cc2cc(NC(=O)c3cc4c5c(ccc4[nH]3)N(C(=O)c3cc4c6c(ccc4[nH]3)N(C(=O)OC(C)(C)C)CC6)CC5)ccc2[nH]1,10b(BOC) + 10b + 13a,
COC(=O)c1nc2ccc(NC(=O)c3cc4c5c(ccc4[nH]3)N(C(=O)c3cc4c6c(ccc4[nH]3)N(C(=O)OC(C)(C)C)CC6)CC5)cc2o1,10b(BOC) + 10b + 14a,
COC(=O)c1nc2cc(NC(=O)c3cc4c5c(ccc4[nH]3)N(C(=O)c3cc4c6c(ccc4[nH]3)N(C(=O)OC(C)(C)C)CC6)CC5)ccc2[nH]1,10b(BOC) + 10b + 15a,
COC(=O)c1cc(NC(=O)c2cc3cc(NC(=O)c4cc5c6c(ccc5[nH]4)N(C(=O)OC(C)(C)C)CC6)ccc3s2)cn1C,10b(BOC) + 11b + 1a,
COC(=O)c1ccc(NC(=O)c2cc3cc(NC(=O)c4cc5c6c(ccc5[nH]4)N(C(=O)OC(C)(C)C)CC6)ccc3s2)cc1,10b(BOC) + 11b + 5a,
COC(=O)c1cccc(NC(=O)c2cc3cc(NC(=O)c4cc5c6c(ccc5[nH]4)N(C(=O)OC(C)(C)C)CC6)ccc3s2)c1,10b(BOC) + 11b + 6a,
CCOC(=O)c1csc(NC(=O)c2cc3cc(NC(=O)c4cc5c6c(ccc5[nH]4)N(C(=O)OC(C)(C)C)CC6)ccc3s2)n1,10b(BOC) + 11b + 7a,
COC(=O)c1cc(NC(=O)c2cc3cc(NC(=O)c4cc5c6c(ccc5[nH]4)N(C(=O)OC(C)(C)C)CC6)ccc3s2)cs1,10b(BOC) + 11b + 8a,
CCOC(=O)c1nc(NC(=O)c2cc3cc(NC(=O)c4cc5c6c(ccc5[nH]4)N(C(=O)OC(C)(C)C)CC6)ccc3s2)cn1C,10b(BOC) + 11b + 9a,
COC(=O)c1cc2c3c(ccc2[nH]1)N(C(=O)c1cc2cc(NC(=O)c4cc5c6c(ccc5[nH]4)N(C(=O)OC(C)(C)C)CC6)ccc2s1)CC3,10b(BOC) + 11b + 10a,
COC(=O)c1cc2cc(NC(=O)c3cc4cc(NC(=O)c5cc6c7c(ccc6[nH]5)N(C(=O)OC(C)(C)C)CC7)ccc4s3)ccc2s1,10b(BOC) + 11b + 11a,
COC(=O)c1cc2cc(NC(=O)c3cc4cc(NC(=O)c5cc6c7c(ccc6[nH]5)N(C(=O)OC(C)(C)C)CC7)ccc4s3)ccc2o1,10b(BOC) + 11b + 12a,
CCOC(=O)c1cc2cc(NC(=O)c3cc4cc(NC(=O)c5cc6c7c(ccc6[nH]5)N(C(=O)OC(C)(C)C)CC7)ccc4s3)ccc2[nH]1,10b(BOC) + 11b + 13a,
COC(=O)c1nc2ccc(NC(=O)c3cc4cc(NC(=O)c5cc6c7c(ccc6[nH]5)N(C(=O)OC(C)(C)C)CC7)ccc4s3)cc2o1,10b(BOC) + 11b + 14a,
COC(=O)c1nc2cc(NC(=O)c3cc4cc(NC(=O)c5cc6c7c(ccc6[nH]5)N(C(=O)OC(C)(C)C)CC7)ccc4s3)ccc2[nH]1,10b(BOC) + 11b + 15a,
COC(=O)c1cc(NC(=O)c2cc3cc(NC(=O)c4cc5c6c(ccc5[nH]4)N(C(=O)OC(C)(C)C)CC6)ccc3o2)cn1C,10b(BOC) + 12b + 1a,
COC(=O)c1ccc(NC(=O)c2cc3cc(NC(=O)c4cc5c6c(ccc5[nH]4)N(C(=O)OC(C)(C)C)CC6)ccc3o2)cc1,10b(BOC) + 12b + 5a,
COC(=O)c1cccc(NC(=O)c2cc3cc(NC(=O)c4cc5c6c(ccc5[nH]4)N(C(=O)OC(C)(C)C)CC6)ccc3o2)c1,10b(BOC) + 12b + 6a,
CCOC(=O)c1csc(NC(=O)c2cc3cc(NC(=O)c4cc5c6c(ccc5[nH]4)N(C(=O)OC(C)(C)C)CC6)ccc3o2)n1,10b(BOC) + 12b + 7a,
COC(=O)c1cc(NC(=O)c2cc3cc(NC(=O)c4cc5c6c(ccc5[nH]4)N(C(=O)OC(C)(C)C)CC6)ccc3o2)cs1,10b(BOC) + 12b + 8a,
CCOC(=O)c1nc(NC(=O)c2cc3cc(NC(=O)c4cc5c6c(ccc5[nH]4)N(C(=O)OC(C)(C)C)CC6)ccc3o2)cn1C,10b(BOC) + 12b + 9a,
COC(=O)c1cc2c3c(ccc2[nH]1)N(C(=O)c1cc2cc(NC(=O)c4cc5c6c(ccc5[nH]4)N(C(=O)OC(C)(C)C)CC6)ccc2o1)CC3,10b(BOC) + 12b + 10a,
COC(=O)c1cc2cc(NC(=O)c3cc4cc(NC(=O)c5cc6c7c(ccc6[nH]5)N(C(=O)OC(C)(C)C)CC7)ccc4o3)ccc2s1,10b(BOC) + 12b + 11a,
COC(=O)c1cc2cc(NC(=O)c3cc4cc(NC(=O)c5cc6c7c(ccc6[nH]5)N(C(=O)OC(C)(C)C)CC7)ccc4o3)ccc2o1,10b(BOC) + 12b + 12a,
CCOC(=O)c1cc2cc(NC(=O)c3cc4cc(NC(=O)c5cc6c7c(ccc6[nH]5)N(C(=O)OC(C)(C)C)CC7)ccc4o3)ccc2[nH]1,10b(BOC) + 12b + 13a,
COC(=O)c1nc2ccc(NC(=O)c3cc4cc(NC(=O)c5cc6c7c(ccc6[nH]5)N(C(=O)OC(C)(C)C)CC7)ccc4o3)cc2o1,10b(BOC) + 12b + 14a,
COC(=O)c1nc2cc(NC(=O)c3cc4cc(NC(=O)c5cc6c7c(ccc6[nH]5)N(C(=O)OC(C)(C)C)CC7)ccc4o3)ccc2[nH]1,10b(BOC) + 12b + 15a,
COC(=O)c1cc(NC(=O)c2cc3cc(NC(=O)c4cc5c6c(ccc5[nH]4)N(C(=O)OC(C)(C)C)CC6)ccc3[nH]2)cn1C,10b(BOC) + 13b + 1a,
COC(=O)c1ccc(NC(=O)c2cc3cc(NC(=O)c4cc5c6c(ccc5[nH]4)N(C(=O)OC(C)(C)C)CC6)ccc3[nH]2)cc1,10b(BOC) + 13b + 5a,
COC(=O)c1cccc(NC(=O)c2cc3cc(NC(=O)c4cc5c6c(ccc5[nH]4)N(C(=O)OC(C)(C)C)CC6)ccc3[nH]2)c1,10b(BOC) + 13b + 6a,
CCOC(=O)c1csc(NC(=O)c2cc3cc(NC(=O)c4cc5c6c(ccc5[nH]4)N(C(=O)OC(C)(C)C)CC6)ccc3[nH]2)n1,10b(BOC) + 13b + 7a,
COC(=O)c1cc(NC(=O)c2cc3cc(NC(=O)c4cc5c6c(ccc5[nH]4)N(C(=O)OC(C)(C)C)CC6)ccc3[nH]2)cs1,10b(BOC) + 13b + 8a,
CCOC(=O)c1nc(NC(=O)c2cc3cc(NC(=O)c4cc5c6c(ccc5[nH]4)N(C(=O)OC(C)(C)C)CC6)ccc3[nH]2)cn1C,10b(BOC) + 13b + 9a,
COC(=O)c1cc2c3c(ccc2[nH]1)N(C(=O)c1cc2cc(NC(=O)c4cc5c6c(ccc5[nH]4)N(C(=O)OC(C)(C)C)CC6)ccc2[nH]1)CC3,10b(BOC) + 13b + 10a,
COC(=O)c1cc2cc(NC(=O)c3cc4cc(NC(=O)c5cc6c7c(ccc6[nH]5)N(C(=O)OC(C)(C)C)CC7)ccc4[nH]3)ccc2s1,10b(BOC) + 13b + 11a,
COC(=O)c1cc2cc(NC(=O)c3cc4cc(NC(=O)c5cc6c7c(ccc6[nH]5)N(C(=O)OC(C)(C)C)CC7)ccc4[nH]3)ccc2o1,10b(BOC) + 13b + 12a,
CCOC(=O)c1cc2cc(NC(=O)c3cc4cc(NC(=O)c5cc6c7c(ccc6[nH]5)N(C(=O)OC(C)(C)C)CC7)ccc4[nH]3)ccc2[nH]1,10b(BOC) + 13b + 13a,
COC(=O)c1nc2ccc(NC(=O)c3cc4cc(NC(=O)c5cc6c7c(ccc6[nH]5)N(C(=O)OC(C)(C)C)CC7)ccc4[nH]3)cc2o1,10b(BOC) + 13b + 14a,
COC(=O)c1nc2cc(NC(=O)c3cc4cc(NC(=O)c5cc6c7c(ccc6[nH]5)N(C(=O)OC(C)(C)C)CC7)ccc4[nH]3)ccc2[nH]1,10b(BOC) + 13b + 15a,
COC(=O)c1cc(NC(=O)c2nc3ccc(NC(=O)c4cc5c6c(ccc5[nH]4)N(C(=O)OC(C)(C)C)CC6)cc3o2)cn1C,10b(BOC) + 14b + 1a,
COC(=O)c1ccc(NC(=O)c2nc3ccc(NC(=O)c4cc5c6c(ccc5[nH]4)N(C(=O)OC(C)(C)C)CC6)cc3o2)cc1,10b(BOC) + 14b + 5a,
COC(=O)c1cccc(NC(=O)c2nc3ccc(NC(=O)c4cc5c6c(ccc5[nH]4)N(C(=O)OC(C)(C)C)CC6)cc3o2)c1,10b(BOC) + 14b + 6a,
CCOC(=O)c1csc(NC(=O)c2nc3ccc(NC(=O)c4cc5c6c(ccc5[nH]4)N(C(=O)OC(C)(C)C)CC6)cc3o2)n1,10b(BOC) + 14b + 7a,
COC(=O)c1cc(NC(=O)c2nc3ccc(NC(=O)c4cc5c6c(ccc5[nH]4)N(C(=O)OC(C)(C)C)CC6)cc3o2)cs1,10b(BOC) + 14b + 8a,
CCOC(=O)c1nc(NC(=O)c2nc3ccc(NC(=O)c4cc5c6c(ccc5[nH]4)N(C(=O)OC(C)(C)C)CC6)cc3o2)cn1C,10b(BOC) + 14b + 9a,
COC(=O)c1cc2c3c(ccc2[nH]1)N(C(=O)c1nc2ccc(NC(=O)c4cc5c6c(ccc5[nH]4)N(C(=O)OC(C)(C)C)CC6)cc2o1)CC3,10b(BOC) + 14b + 10a,
COC(=O)c1cc2cc(NC(=O)c3nc4ccc(NC(=O)c5cc6c7c(ccc6[nH]5)N(C(=O)OC(C)(C)C)CC7)cc4o3)ccc2s1,10b(BOC) + 14b + 11a,
COC(=O)c1cc2cc(NC(=O)c3nc4ccc(NC(=O)c5cc6c7c(ccc6[nH]5)N(C(=O)OC(C)(C)C)CC7)cc4o3)ccc2o1,10b(BOC) + 14b + 12a,
CCOC(=O)c1cc2cc(NC(=O)c3nc4ccc(NC(=O)c5cc6c7c(ccc6[nH]5)N(C(=O)OC(C)(C)C)CC7)cc4o3)ccc2[nH]1,10b(BOC) + 14b + 13a,
COC(=O)c1nc2ccc(NC(=O)c3nc4ccc(NC(=O)c5cc6c7c(ccc6[nH]5)N(C(=O)OC(C)(C)C)CC7)cc4o3)cc2o1,10b(BOC) + 14b + 14a,
COC(=O)c1nc2cc(NC(=O)c3nc4ccc(NC(=O)c5cc6c7c(ccc6[nH]5)N(C(=O)OC(C)(C)C)CC7)cc4o3)ccc2[nH]1,10b(BOC) + 14b + 15a,
COC(=O)c1cc(NC(=O)c2cc(NC(=O)c3cc4c5c(ccc4[nH]3)N(C(=O)CCCN(C)C)CC5)cn2C)cn1C,10b(DMABA) + 1b + 1a,
COC(=O)c1ccc(NC(=O)c2cc(NC(=O)c3cc4c5c(ccc4[nH]3)N(C(=O)CCCN(C)C)CC5)cn2C)cc1,10b(DMABA) + 1b + 5a,
COC(=O)c1cccc(NC(=O)c2cc(NC(=O)c3cc4c5c(ccc4[nH]3)N(C(=O)CCCN(C)C)CC5)cn2C)c1,10b(DMABA) + 1b + 6a,
CCOC(=O)c1csc(NC(=O)c2cc(NC(=O)c3cc4c5c(ccc4[nH]3)N(C(=O)CCCN(C)C)CC5)cn2C)n1,10b(DMABA) + 1b + 7a,
COC(=O)c1cc(NC(=O)c2cc(NC(=O)c3cc4c5c(ccc4[nH]3)N(C(=O)CCCN(C)C)CC5)cn2C)cs1,10b(DMABA) + 1b + 8a,
CCOC(=O)c1nc(NC(=O)c2cc(NC(=O)c3cc4c5c(ccc4[nH]3)N(C(=O)CCCN(C)C)CC5)cn2C)cn1C,10b(DMABA) + 1b + 9a,
COC(=O)c1cc2c3c(ccc2[nH]1)N(C(=O)c1cc(NC(=O)c2cc4c5c(ccc4[nH]2)N(C(=O)CCCN(C)C)CC5)cn1C)CC3,10b(DMABA) + 1b + 10a,
COC(=O)c1cc2cc(NC(=O)c3cc(NC(=O)c4cc5c6c(ccc5[nH]4)N(C(=O)CCCN(C)C)CC6)cn3C)ccc2s1,10b(DMABA) + 1b + 11a,
COC(=O)c1cc2cc(NC(=O)c3cc(NC(=O)c4cc5c6c(ccc5[nH]4)N(C(=O)CCCN(C)C)CC6)cn3C)ccc2o1,10b(DMABA) + 1b + 12a,
CCOC(=O)c1cc2cc(NC(=O)c3cc(NC(=O)c4cc5c6c(ccc5[nH]4)N(C(=O)CCCN(C)C)CC6)cn3C)ccc2[nH]1,10b(DMABA) + 1b + 13a,
COC(=O)c1nc2ccc(NC(=O)c3cc(NC(=O)c4cc5c6c(ccc5[nH]4)N(C(=O)CCCN(C)C)CC6)cn3C)cc2o1,10b(DMABA) + 1b + 14a,
COC(=O)c1nc2cc(NC(=O)c3cc(NC(=O)c4cc5c6c(ccc5[nH]4)N(C(=O)CCCN(C)C)CC6)cn3C)ccc2[nH]1,10b(DMABA) + 1b + 15a,
COC(=O)c1cc(NC(=O)c2ccc(NC(=O)c3cc4c5c(ccc4[nH]3)N(C(=O)CCCN(C)C)CC5)cc2)cn1C,10b(DMABA) + 5b + 1a,
COC(=O)c1ccc(NC(=O)c2ccc(NC(=O)c3cc4c5c(ccc4[nH]3)N(C(=O)CCCN(C)C)CC5)cc2)cc1,10b(DMABA) + 5b + 5a,
COC(=O)c1cccc(NC(=O)c2ccc(NC(=O)c3cc4c5c(ccc4[nH]3)N(C(=O)CCCN(C)C)CC5)cc2)c1,10b(DMABA) + 5b + 6a,
CCOC(=O)c1csc(NC(=O)c2ccc(NC(=O)c3cc4c5c(ccc4[nH]3)N(C(=O)CCCN(C)C)CC5)cc2)n1,10b(DMABA) + 5b + 7a,
COC(=O)c1cc(NC(=O)c2ccc(NC(=O)c3cc4c5c(ccc4[nH]3)N(C(=O)CCCN(C)C)CC5)cc2)cs1,10b(DMABA) + 5b + 8a,
CCOC(=O)c1nc(NC(=O)c2ccc(NC(=O)c3cc4c5c(ccc4[nH]3)N(C(=O)CCCN(C)C)CC5)cc2)cn1C,10b(DMABA) + 5b + 9a,
COC(=O)c1cc2c3c(ccc2[nH]1)N(C(=O)c1ccc(NC(=O)c2cc4c5c(ccc4[nH]2)N(C(=O)CCCN(C)C)CC5)cc1)CC3,10b(DMABA) + 5b + 10a,
COC(=O)c1cc2cc(NC(=O)c3ccc(NC(=O)c4cc5c6c(ccc5[nH]4)N(C(=O)CCCN(C)C)CC6)cc3)ccc2s1,10b(DMABA) + 5b + 11a,
COC(=O)c1cc2cc(NC(=O)c3ccc(NC(=O)c4cc5c6c(ccc5[nH]4)N(C(=O)CCCN(C)C)CC6)cc3)ccc2o1,10b(DMABA) + 5b + 12a,
CCOC(=O)c1cc2cc(NC(=O)c3ccc(NC(=O)c4cc5c6c(ccc5[nH]4)N(C(=O)CCCN(C)C)CC6)cc3)ccc2[nH]1,10b(DMABA) + 5b + 13a,
COC(=O)c1nc2ccc(NC(=O)c3ccc(NC(=O)c4cc5c6c(ccc5[nH]4)N(C(=O)CCCN(C)C)CC6)cc3)cc2o1,10b(DMABA) + 5b + 14a,
COC(=O)c1nc2cc(NC(=O)c3ccc(NC(=O)c4cc5c6c(ccc5[nH]4)N(C(=O)CCCN(C)C)CC6)cc3)ccc2[nH]1,10b(DMABA) + 5b + 15a,
COC(=O)c1cc(NC(=O)c2cccc(NC(=O)c3cc4c5c(ccc4[nH]3)N(C(=O)CCCN(C)C)CC5)c2)cn1C,10b(DMABA) + 6b + 1a,
COC(=O)c1ccc(NC(=O)c2cccc(NC(=O)c3cc4c5c(ccc4[nH]3)N(C(=O)CCCN(C)C)CC5)c2)cc1,10b(DMABA) + 6b + 5a,
COC(=O)c1cccc(NC(=O)c2cccc(NC(=O)c3cc4c5c(ccc4[nH]3)N(C(=O)CCCN(C)C)CC5)c2)c1,10b(DMABA) + 6b + 6a,
CCOC(=O)c1csc(NC(=O)c2cccc(NC(=O)c3cc4c5c(ccc4[nH]3)N(C(=O)CCCN(C)C)CC5)c2)n1,10b(DMABA) + 6b + 7a,
COC(=O)c1cc(NC(=O)c2cccc(NC(=O)c3cc4c5c(ccc4[nH]3)N(C(=O)CCCN(C)C)CC5)c2)cs1,10b(DMABA) + 6b + 8a,
CCOC(=O)c1nc(NC(=O)c2cccc(NC(=O)c3cc4c5c(ccc4[nH]3)N(C(=O)CCCN(C)C)CC5)c2)cn1C,10b(DMABA) + 6b + 9a,
COC(=O)c1cc2c3c(ccc2[nH]1)N(C(=O)c1cccc(NC(=O)c2cc4c5c(ccc4[nH]2)N(C(=O)CCCN(C)C)CC5)c1)CC3,10b(DMABA) + 6b + 10a,
COC(=O)c1cc2cc(NC(=O)c3cccc(NC(=O)c4cc5c6c(ccc5[nH]4)N(C(=O)CCCN(C)C)CC6)c3)ccc2s1,10b(DMABA) + 6b + 11a,
COC(=O)c1cc2cc(NC(=O)c3cccc(NC(=O)c4cc5c6c(ccc5[nH]4)N(C(=O)CCCN(C)C)CC6)c3)ccc2o1,10b(DMABA) + 6b + 12a,
CCOC(=O)c1cc2cc(NC(=O)c3cccc(NC(=O)c4cc5c6c(ccc5[nH]4)N(C(=O)CCCN(C)C)CC6)c3)ccc2[nH]1,10b(DMABA) + 6b + 13a,
COC(=O)c1nc2ccc(NC(=O)c3cccc(NC(=O)c4cc5c6c(ccc5[nH]4)N(C(=O)CCCN(C)C)CC6)c3)cc2o1,10b(DMABA) + 6b + 14a,
COC(=O)c1nc2cc(NC(=O)c3cccc(NC(=O)c4cc5c6c(ccc5[nH]4)N(C(=O)CCCN(C)C)CC6)c3)ccc2[nH]1,10b(DMABA) + 6b + 15a,
COC(=O)c1cc(NC(=O)c2csc(NC(=O)c3cc4c5c(ccc4[nH]3)N(C(=O)CCCN(C)C)CC5)n2)cn1C,10b(DMABA) + 7b + 1a,
COC(=O)c1ccc(NC(=O)c2csc(NC(=O)c3cc4c5c(ccc4[nH]3)N(C(=O)CCCN(C)C)CC5)n2)cc1,10b(DMABA) + 7b + 5a,
COC(=O)c1cccc(NC(=O)c2csc(NC(=O)c3cc4c5c(ccc4[nH]3)N(C(=O)CCCN(C)C)CC5)n2)c1,10b(DMABA) + 7b + 6a,
CCOC(=O)c1csc(NC(=O)c2csc(NC(=O)c3cc4c5c(ccc4[nH]3)N(C(=O)CCCN(C)C)CC5)n2)n1,10b(DMABA) + 7b + 7a,
COC(=O)c1cc(NC(=O)c2csc(NC(=O)c3cc4c5c(ccc4[nH]3)N(C(=O)CCCN(C)C)CC5)n2)cs1,10b(DMABA) + 7b + 8a,
CCOC(=O)c1nc(NC(=O)c2csc(NC(=O)c3cc4c5c(ccc4[nH]3)N(C(=O)CCCN(C)C)CC5)n2)cn1C,10b(DMABA) + 7b + 9a,
COC(=O)c1cc2c3c(ccc2[nH]1)N(C(=O)c1csc(NC(=O)c2cc4c5c(ccc4[nH]2)N(C(=O)CCCN(C)C)CC5)n1)CC3,10b(DMABA) + 7b + 10a,
COC(=O)c1cc2cc(NC(=O)c3csc(NC(=O)c4cc5c6c(ccc5[nH]4)N(C(=O)CCCN(C)C)CC6)n3)ccc2s1,10b(DMABA) + 7b + 11a,
COC(=O)c1cc2cc(NC(=O)c3csc(NC(=O)c4cc5c6c(ccc5[nH]4)N(C(=O)CCCN(C)C)CC6)n3)ccc2o1,10b(DMABA) + 7b + 12a,
CCOC(=O)c1cc2cc(NC(=O)c3csc(NC(=O)c4cc5c6c(ccc5[nH]4)N(C(=O)CCCN(C)C)CC6)n3)ccc2[nH]1,10b(DMABA) + 7b + 13a,
COC(=O)c1nc2ccc(NC(=O)c3csc(NC(=O)c4cc5c6c(ccc5[nH]4)N(C(=O)CCCN(C)C)CC6)n3)cc2o1,10b(DMABA) + 7b + 14a,
COC(=O)c1nc2cc(NC(=O)c3csc(NC(=O)c4cc5c6c(ccc5[nH]4)N(C(=O)CCCN(C)C)CC6)n3)ccc2[nH]1,10b(DMABA) + 7b + 15a,
COC(=O)c1cc(NC(=O)c2cc(NC(=O)c3cc4c5c(ccc4[nH]3)N(C(=O)CCCN(C)C)CC5)cs2)cn1C,10b(DMABA) + 8b + 1a,
COC(=O)c1ccc(NC(=O)c2cc(NC(=O)c3cc4c5c(ccc4[nH]3)N(C(=O)CCCN(C)C)CC5)cs2)cc1,10b(DMABA) + 8b + 5a,
COC(=O)c1cccc(NC(=O)c2cc(NC(=O)c3cc4c5c(ccc4[nH]3)N(C(=O)CCCN(C)C)CC5)cs2)c1,10b(DMABA) + 8b + 6a,
CCOC(=O)c1csc(NC(=O)c2cc(NC(=O)c3cc4c5c(ccc4[nH]3)N(C(=O)CCCN(C)C)CC5)cs2)n1,10b(DMABA) + 8b + 7a,
COC(=O)c1cc(NC(=O)c2cc(NC(=O)c3cc4c5c(ccc4[nH]3)N(C(=O)CCCN(C)C)CC5)cs2)cs1,10b(DMABA) + 8b + 8a,
CCOC(=O)c1nc(NC(=O)c2cc(NC(=O)c3cc4c5c(ccc4[nH]3)N(C(=O)CCCN(C)C)CC5)cs2)cn1C,10b(DMABA) + 8b + 9a,
COC(=O)c1cc2c3c(ccc2[nH]1)N(C(=O)c1cc(NC(=O)c2cc4c5c(ccc4[nH]2)N(C(=O)CCCN(C)C)CC5)cs1)CC3,10b(DMABA) + 8b + 10a,
COC(=O)c1cc2cc(NC(=O)c3cc(NC(=O)c4cc5c6c(ccc5[nH]4)N(C(=O)CCCN(C)C)CC6)cs3)ccc2s1,10b(DMABA) + 8b + 11a,
COC(=O)c1cc2cc(NC(=O)c3cc(NC(=O)c4cc5c6c(ccc5[nH]4)N(C(=O)CCCN(C)C)CC6)cs3)ccc2o1,10b(DMABA) + 8b + 12a,
CCOC(=O)c1cc2cc(NC(=O)c3cc(NC(=O)c4cc5c6c(ccc5[nH]4)N(C(=O)CCCN(C)C)CC6)cs3)ccc2[nH]1,10b(DMABA) + 8b + 13a,
COC(=O)c1nc2ccc(NC(=O)c3cc(NC(=O)c4cc5c6c(ccc5[nH]4)N(C(=O)CCCN(C)C)CC6)cs3)cc2o1,10b(DMABA) + 8b + 14a,
COC(=O)c1nc2cc(NC(=O)c3cc(NC(=O)c4cc5c6c(ccc5[nH]4)N(C(=O)CCCN(C)C)CC6)cs3)ccc2[nH]1,10b(DMABA) + 8b + 15a,
COC(=O)c1cc(NC(=O)c2nc(NC(=O)c3cc4c5c(ccc4[nH]3)N(C(=O)CCCN(C)C)CC5)cn2C)cn1C,10b(DMABA) + 9b + 1a,
COC(=O)c1ccc(NC(=O)c2nc(NC(=O)c3cc4c5c(ccc4[nH]3)N(C(=O)CCCN(C)C)CC5)cn2C)cc1,10b(DMABA) + 9b + 5a,
COC(=O)c1cccc(NC(=O)c2nc(NC(=O)c3cc4c5c(ccc4[nH]3)N(C(=O)CCCN(C)C)CC5)cn2C)c1,10b(DMABA) + 9b + 6a,
CCOC(=O)c1csc(NC(=O)c2nc(NC(=O)c3cc4c5c(ccc4[nH]3)N(C(=O)CCCN(C)C)CC5)cn2C)n1,10b(DMABA) + 9b + 7a,
COC(=O)c1cc(NC(=O)c2nc(NC(=O)c3cc4c5c(ccc4[nH]3)N(C(=O)CCCN(C)C)CC5)cn2C)cs1,10b(DMABA) + 9b + 8a,
CCOC(=O)c1nc(NC(=O)c2nc(NC(=O)c3cc4c5c(ccc4[nH]3)N(C(=O)CCCN(C)C)CC5)cn2C)cn1C,10b(DMABA) + 9b + 9a,
COC(=O)c1cc2c3c(ccc2[nH]1)N(C(=O)c1nc(NC(=O)c2cc4c5c(ccc4[nH]2)N(C(=O)CCCN(C)C)CC5)cn1C)CC3,10b(DMABA) + 9b + 10a,
COC(=O)c1cc2cc(NC(=O)c3nc(NC(=O)c4cc5c6c(ccc5[nH]4)N(C(=O)CCCN(C)C)CC6)cn3C)ccc2s1,10b(DMABA) + 9b + 11a,
COC(=O)c1cc2cc(NC(=O)c3nc(NC(=O)c4cc5c6c(ccc5[nH]4)N(C(=O)CCCN(C)C)CC6)cn3C)ccc2o1,10b(DMABA) + 9b + 12a,
CCOC(=O)c1cc2cc(NC(=O)c3nc(NC(=O)c4cc5c6c(ccc5[nH]4)N(C(=O)CCCN(C)C)CC6)cn3C)ccc2[nH]1,10b(DMABA) + 9b + 13a,
COC(=O)c1nc2ccc(NC(=O)c3nc(NC(=O)c4cc5c6c(ccc5[nH]4)N(C(=O)CCCN(C)C)CC6)cn3C)cc2o1,10b(DMABA) + 9b + 14a,
COC(=O)c1nc2cc(NC(=O)c3nc(NC(=O)c4cc5c6c(ccc5[nH]4)N(C(=O)CCCN(C)C)CC6)cn3C)ccc2[nH]1,10b(DMABA) + 9b + 15a,
COC(=O)c1cc(NC(=O)c2cc3c4c(ccc3[nH]2)N(C(=O)c2cc3c5c(ccc3[nH]2)N(C(=O)CCCN(C)C)CC5)CC4)cn1C,10b(DMABA) + 10b + 1a,
COC(=O)c1ccc(NC(=O)c2cc3c4c(ccc3[nH]2)N(C(=O)c2cc3c5c(ccc3[nH]2)N(C(=O)CCCN(C)C)CC5)CC4)cc1,10b(DMABA) + 10b + 5a,
COC(=O)c1cccc(NC(=O)c2cc3c4c(ccc3[nH]2)N(C(=O)c2cc3c5c(ccc3[nH]2)N(C(=O)CCCN(C)C)CC5)CC4)c1,10b(DMABA) + 10b + 6a,
CCOC(=O)c1csc(NC(=O)c2cc3c4c(ccc3[nH]2)N(C(=O)c2cc3c5c(ccc3[nH]2)N(C(=O)CCCN(C)C)CC5)CC4)n1,10b(DMABA) + 10b + 7a,
COC(=O)c1cc(NC(=O)c2cc3c4c(ccc3[nH]2)N(C(=O)c2cc3c5c(ccc3[nH]2)N(C(=O)CCCN(C)C)CC5)CC4)cs1,10b(DMABA) + 10b + 8a,
CCOC(=O)c1nc(NC(=O)c2cc3c4c(ccc3[nH]2)N(C(=O)c2cc3c5c(ccc3[nH]2)N(C(=O)CCCN(C)C)CC5)CC4)cn1C,10b(DMABA) + 10b + 9a,
COC(=O)c1cc2c3c(ccc2[nH]1)N(C(=O)c1cc2c4c(ccc2[nH]1)N(C(=O)c1cc2c5c(ccc2[nH]1)N(C(=O)CCCN(C)C)CC5)CC4)CC3,10b(DMABA) + 10b + 10a,
COC(=O)c1cc2cc(NC(=O)c3cc4c5c(ccc4[nH]3)N(C(=O)c3cc4c6c(ccc4[nH]3)N(C(=O)CCCN(C)C)CC6)CC5)ccc2s1,10b(DMABA) + 10b + 11a,
COC(=O)c1cc2cc(NC(=O)c3cc4c5c(ccc4[nH]3)N(C(=O)c3cc4c6c(ccc4[nH]3)N(C(=O)CCCN(C)C)CC6)CC5)ccc2o1,10b(DMABA) + 10b + 12a,
CCOC(=O)c1cc2cc(NC(=O)c3cc4c5c(ccc4[nH]3)N(C(=O)c3cc4c6c(ccc4[nH]3)N(C(=O)CCCN(C)C)CC6)CC5)ccc2[nH]1,10b(DMABA) + 10b + 13a,
COC(=O)c1nc2ccc(NC(=O)c3cc4c5c(ccc4[nH]3)N(C(=O)c3cc4c6c(ccc4[nH]3)N(C(=O)CCCN(C)C)CC6)CC5)cc2o1,10b(DMABA) + 10b + 14a,
COC(=O)c1nc2cc(NC(=O)c3cc4c5c(ccc4[nH]3)N(C(=O)c3cc4c6c(ccc4[nH]3)N(C(=O)CCCN(C)C)CC6)CC5)ccc2[nH]1,10b(DMABA) + 10b + 15a,
COC(=O)c1cc(NC(=O)c2cc3cc(NC(=O)c4cc5c6c(ccc5[nH]4)N(C(=O)CCCN(C)C)CC6)ccc3s2)cn1C,10b(DMABA) + 11b + 1a,
COC(=O)c1ccc(NC(=O)c2cc3cc(NC(=O)c4cc5c6c(ccc5[nH]4)N(C(=O)CCCN(C)C)CC6)ccc3s2)cc1,10b(DMABA) + 11b + 5a,
COC(=O)c1cccc(NC(=O)c2cc3cc(NC(=O)c4cc5c6c(ccc5[nH]4)N(C(=O)CCCN(C)C)CC6)ccc3s2)c1,10b(DMABA) + 11b + 6a,
CCOC(=O)c1csc(NC(=O)c2cc3cc(NC(=O)c4cc5c6c(ccc5[nH]4)N(C(=O)CCCN(C)C)CC6)ccc3s2)n1,10b(DMABA) + 11b + 7a,
COC(=O)c1cc(NC(=O)c2cc3cc(NC(=O)c4cc5c6c(ccc5[nH]4)N(C(=O)CCCN(C)C)CC6)ccc3s2)cs1,10b(DMABA) + 11b + 8a,
CCOC(=O)c1nc(NC(=O)c2cc3cc(NC(=O)c4cc5c6c(ccc5[nH]4)N(C(=O)CCCN(C)C)CC6)ccc3s2)cn1C,10b(DMABA) + 11b + 9a,
COC(=O)c1cc2c3c(ccc2[nH]1)N(C(=O)c1cc2cc(NC(=O)c4cc5c6c(ccc5[nH]4)N(C(=O)CCCN(C)C)CC6)ccc2s1)CC3,10b(DMABA) + 11b + 10a,
COC(=O)c1cc2cc(NC(=O)c3cc4cc(NC(=O)c5cc6c7c(ccc6[nH]5)N(C(=O)CCCN(C)C)CC7)ccc4s3)ccc2s1,10b(DMABA) + 11b + 11a,
COC(=O)c1cc2cc(NC(=O)c3cc4cc(NC(=O)c5cc6c7c(ccc6[nH]5)N(C(=O)CCCN(C)C)CC7)ccc4s3)ccc2o1,10b(DMABA) + 11b + 12a,
CCOC(=O)c1cc2cc(NC(=O)c3cc4cc(NC(=O)c5cc6c7c(ccc6[nH]5)N(C(=O)CCCN(C)C)CC7)ccc4s3)ccc2[nH]1,10b(DMABA) + 11b + 13a,
COC(=O)c1nc2ccc(NC(=O)c3cc4cc(NC(=O)c5cc6c7c(ccc6[nH]5)N(C(=O)CCCN(C)C)CC7)ccc4s3)cc2o1,10b(DMABA) + 11b + 14a,
COC(=O)c1nc2cc(NC(=O)c3cc4cc(NC(=O)c5cc6c7c(ccc6[nH]5)N(C(=O)CCCN(C)C)CC7)ccc4s3)ccc2[nH]1,10b(DMABA) + 11b + 15a,
COC(=O)c1cc(NC(=O)c2cc3cc(NC(=O)c4cc5c6c(ccc5[nH]4)N(C(=O)CCCN(C)C)CC6)ccc3o2)cn1C,10b(DMABA) + 12b + 1a,
COC(=O)c1ccc(NC(=O)c2cc3cc(NC(=O)c4cc5c6c(ccc5[nH]4)N(C(=O)CCCN(C)C)CC6)ccc3o2)cc1,10b(DMABA) + 12b + 5a,
COC(=O)c1cccc(NC(=O)c2cc3cc(NC(=O)c4cc5c6c(ccc5[nH]4)N(C(=O)CCCN(C)C)CC6)ccc3o2)c1,10b(DMABA) + 12b + 6a,
CCOC(=O)c1csc(NC(=O)c2cc3cc(NC(=O)c4cc5c6c(ccc5[nH]4)N(C(=O)CCCN(C)C)CC6)ccc3o2)n1,10b(DMABA) + 12b + 7a,
COC(=O)c1cc(NC(=O)c2cc3cc(NC(=O)c4cc5c6c(ccc5[nH]4)N(C(=O)CCCN(C)C)CC6)ccc3o2)cs1,10b(DMABA) + 12b + 8a,
CCOC(=O)c1nc(NC(=O)c2cc3cc(NC(=O)c4cc5c6c(ccc5[nH]4)N(C(=O)CCCN(C)C)CC6)ccc3o2)cn1C,10b(DMABA) + 12b + 9a,
COC(=O)c1cc2c3c(ccc2[nH]1)N(C(=O)c1cc2cc(NC(=O)c4cc5c6c(ccc5[nH]4)N(C(=O)CCCN(C)C)CC6)ccc2o1)CC3,10b(DMABA) + 12b + 10a,
COC(=O)c1cc2cc(NC(=O)c3cc4cc(NC(=O)c5cc6c7c(ccc6[nH]5)N(C(=O)CCCN(C)C)CC7)ccc4o3)ccc2s1,10b(DMABA) + 12b + 11a,
COC(=O)c1cc2cc(NC(=O)c3cc4cc(NC(=O)c5cc6c7c(ccc6[nH]5)N(C(=O)CCCN(C)C)CC7)ccc4o3)ccc2o1,10b(DMABA) + 12b + 12a,
CCOC(=O)c1cc2cc(NC(=O)c3cc4cc(NC(=O)c5cc6c7c(ccc6[nH]5)N(C(=O)CCCN(C)C)CC7)ccc4o3)ccc2[nH]1,10b(DMABA) + 12b + 13a,
COC(=O)c1nc2ccc(NC(=O)c3cc4cc(NC(=O)c5cc6c7c(ccc6[nH]5)N(C(=O)CCCN(C)C)CC7)ccc4o3)cc2o1,10b(DMABA) + 12b + 14a,
COC(=O)c1nc2cc(NC(=O)c3cc4cc(NC(=O)c5cc6c7c(ccc6[nH]5)N(C(=O)CCCN(C)C)CC7)ccc4o3)ccc2[nH]1,10b(DMABA) + 12b + 15a,
COC(=O)c1cc(NC(=O)c2cc3cc(NC(=O)c4cc5c6c(ccc5[nH]4)N(C(=O)CCCN(C)C)CC6)ccc3[nH]2)cn1C,10b(DMABA) + 13b + 1a,
COC(=O)c1ccc(NC(=O)c2cc3cc(NC(=O)c4cc5c6c(ccc5[nH]4)N(C(=O)CCCN(C)C)CC6)ccc3[nH]2)cc1,10b(DMABA) + 13b + 5a,
COC(=O)c1cccc(NC(=O)c2cc3cc(NC(=O)c4cc5c6c(ccc5[nH]4)N(C(=O)CCCN(C)C)CC6)ccc3[nH]2)c1,10b(DMABA) + 13b + 6a,
CCOC(=O)c1csc(NC(=O)c2cc3cc(NC(=O)c4cc5c6c(ccc5[nH]4)N(C(=O)CCCN(C)C)CC6)ccc3[nH]2)n1,10b(DMABA) + 13b + 7a,
COC(=O)c1cc(NC(=O)c2cc3cc(NC(=O)c4cc5c6c(ccc5[nH]4)N(C(=O)CCCN(C)C)CC6)ccc3[nH]2)cs1,10b(DMABA) + 13b + 8a,
CCOC(=O)c1nc(NC(=O)c2cc3cc(NC(=O)c4cc5c6c(ccc5[nH]4)N(C(=O)CCCN(C)C)CC6)ccc3[nH]2)cn1C,10b(DMABA) + 13b + 9a,
COC(=O)c1cc2c3c(ccc2[nH]1)N(C(=O)c1cc2cc(NC(=O)c4cc5c6c(ccc5[nH]4)N(C(=O)CCCN(C)C)CC6)ccc2[nH]1)CC3,10b(DMABA) + 13b + 10a,
COC(=O)c1cc2cc(NC(=O)c3cc4cc(NC(=O)c5cc6c7c(ccc6[nH]5)N(C(=O)CCCN(C)C)CC7)ccc4[nH]3)ccc2s1,10b(DMABA) + 13b + 11a,
COC(=O)c1cc2cc(NC(=O)c3cc4cc(NC(=O)c5cc6c7c(ccc6[nH]5)N(C(=O)CCCN(C)C)CC7)ccc4[nH]3)ccc2o1,10b(DMABA) + 13b + 12a,
CCOC(=O)c1cc2cc(NC(=O)c3cc4cc(NC(=O)c5cc6c7c(ccc6[nH]5)N(C(=O)CCCN(C)C)CC7)ccc4[nH]3)ccc2[nH]1,10b(DMABA) + 13b + 13a,
COC(=O)c1nc2ccc(NC(=O)c3cc4cc(NC(=O)c5cc6c7c(ccc6[nH]5)N(C(=O)CCCN(C)C)CC7)ccc4[nH]3)cc2o1,10b(DMABA) + 13b + 14a,
COC(=O)c1nc2cc(NC(=O)c3cc4cc(NC(=O)c5cc6c7c(ccc6[nH]5)N(C(=O)CCCN(C)C)CC7)ccc4[nH]3)ccc2[nH]1,10b(DMABA) + 13b + 15a,
COC(=O)c1cc(NC(=O)c2nc3ccc(NC(=O)c4cc5c6c(ccc5[nH]4)N(C(=O)CCCN(C)C)CC6)cc3o2)cn1C,10b(DMABA) + 14b + 1a,
COC(=O)c1ccc(NC(=O)c2nc3ccc(NC(=O)c4cc5c6c(ccc5[nH]4)N(C(=O)CCCN(C)C)CC6)cc3o2)cc1,10b(DMABA) + 14b + 5a,
COC(=O)c1cccc(NC(=O)c2nc3ccc(NC(=O)c4cc5c6c(ccc5[nH]4)N(C(=O)CCCN(C)C)CC6)cc3o2)c1,10b(DMABA) + 14b + 6a,
CCOC(=O)c1csc(NC(=O)c2nc3ccc(NC(=O)c4cc5c6c(ccc5[nH]4)N(C(=O)CCCN(C)C)CC6)cc3o2)n1,10b(DMABA) + 14b + 7a,
COC(=O)c1cc(NC(=O)c2nc3ccc(NC(=O)c4cc5c6c(ccc5[nH]4)N(C(=O)CCCN(C)C)CC6)cc3o2)cs1,10b(DMABA) + 14b + 8a,
CCOC(=O)c1nc(NC(=O)c2nc3ccc(NC(=O)c4cc5c6c(ccc5[nH]4)N(C(=O)CCCN(C)C)CC6)cc3o2)cn1C,10b(DMABA) + 14b + 9a,
COC(=O)c1cc2c3c(ccc2[nH]1)N(C(=O)c1nc2ccc(NC(=O)c4cc5c6c(ccc5[nH]4)N(C(=O)CCCN(C)C)CC6)cc2o1)CC3,10b(DMABA) + 14b + 10a,
COC(=O)c1cc2cc(NC(=O)c3nc4ccc(NC(=O)c5cc6c7c(ccc6[nH]5)N(C(=O)CCCN(C)C)CC7)cc4o3)ccc2s1,10b(DMABA) + 14b + 11a,
COC(=O)c1cc2cc(NC(=O)c3nc4ccc(NC(=O)c5cc6c7c(ccc6[nH]5)N(C(=O)CCCN(C)C)CC7)cc4o3)ccc2o1,10b(DMABA) + 14b + 12a,
CCOC(=O)c1cc2cc(NC(=O)c3nc4ccc(NC(=O)c5cc6c7c(ccc6[nH]5)N(C(=O)CCCN(C)C)CC7)cc4o3)ccc2[nH]1,10b(DMABA) + 14b + 13a,
COC(=O)c1nc2ccc(NC(=O)c3nc4ccc(NC(=O)c5cc6c7c(ccc6[nH]5)N(C(=O)CCCN(C)C)CC7)cc4o3)cc2o1,10b(DMABA) + 14b + 14a,
COC(=O)c1nc2cc(NC(=O)c3nc4ccc(NC(=O)c5cc6c7c(ccc6[nH]5)N(C(=O)CCCN(C)C)CC7)cc4o3)ccc2[nH]1,10b(DMABA) + 14b + 15a,
COC(=O)c1cc(NC(=O)c2cc(NC(=O)c3cc4cc(NC(=O)OC(C)(C)C)ccc4s3)cn2C)cn1C,11b(BOC) + 1b + 1a,
COC(=O)c1ccc(NC(=O)c2cc(NC(=O)c3cc4cc(NC(=O)OC(C)(C)C)ccc4s3)cn2C)cc1,11b(BOC) + 1b + 5a,
COC(=O)c1cccc(NC(=O)c2cc(NC(=O)c3cc4cc(NC(=O)OC(C)(C)C)ccc4s3)cn2C)c1,11b(BOC) + 1b + 6a,
CCOC(=O)c1csc(NC(=O)c2cc(NC(=O)c3cc4cc(NC(=O)OC(C)(C)C)ccc4s3)cn2C)n1,11b(BOC) + 1b + 7a,
COC(=O)c1cc(NC(=O)c2cc(NC(=O)c3cc4cc(NC(=O)OC(C)(C)C)ccc4s3)cn2C)cs1,11b(BOC) + 1b + 8a,
CCOC(=O)c1nc(NC(=O)c2cc(NC(=O)c3cc4cc(NC(=O)OC(C)(C)C)ccc4s3)cn2C)cn1C,11b(BOC) + 1b + 9a,
COC(=O)c1cc2c3c(ccc2[nH]1)N(C(=O)c1cc(NC(=O)c2cc4cc(NC(=O)OC(C)(C)C)ccc4s2)cn1C)CC3,11b(BOC) + 1b + 10a,
COC(=O)c1cc2cc(NC(=O)c3cc(NC(=O)c4cc5cc(NC(=O)OC(C)(C)C)ccc5s4)cn3C)ccc2s1,11b(BOC) + 1b + 11a,
COC(=O)c1cc2cc(NC(=O)c3cc(NC(=O)c4cc5cc(NC(=O)OC(C)(C)C)ccc5s4)cn3C)ccc2o1,11b(BOC) + 1b + 12a,
CCOC(=O)c1cc2cc(NC(=O)c3cc(NC(=O)c4cc5cc(NC(=O)OC(C)(C)C)ccc5s4)cn3C)ccc2[nH]1,11b(BOC) + 1b + 13a,
COC(=O)c1nc2ccc(NC(=O)c3cc(NC(=O)c4cc5cc(NC(=O)OC(C)(C)C)ccc5s4)cn3C)cc2o1,11b(BOC) + 1b + 14a,
COC(=O)c1nc2cc(NC(=O)c3cc(NC(=O)c4cc5cc(NC(=O)OC(C)(C)C)ccc5s4)cn3C)ccc2[nH]1,11b(BOC) + 1b + 15a,
COC(=O)c1cc(NC(=O)c2ccc(NC(=O)c3cc4cc(NC(=O)OC(C)(C)C)ccc4s3)cc2)cn1C,11b(BOC) + 5b + 1a,
COC(=O)c1ccc(NC(=O)c2ccc(NC(=O)c3cc4cc(NC(=O)OC(C)(C)C)ccc4s3)cc2)cc1,11b(BOC) + 5b + 5a,
COC(=O)c1cccc(NC(=O)c2ccc(NC(=O)c3cc4cc(NC(=O)OC(C)(C)C)ccc4s3)cc2)c1,11b(BOC) + 5b + 6a,
CCOC(=O)c1csc(NC(=O)c2ccc(NC(=O)c3cc4cc(NC(=O)OC(C)(C)C)ccc4s3)cc2)n1,11b(BOC) + 5b + 7a,
COC(=O)c1cc(NC(=O)c2ccc(NC(=O)c3cc4cc(NC(=O)OC(C)(C)C)ccc4s3)cc2)cs1,11b(BOC) + 5b + 8a,
CCOC(=O)c1nc(NC(=O)c2ccc(NC(=O)c3cc4cc(NC(=O)OC(C)(C)C)ccc4s3)cc2)cn1C,11b(BOC) + 5b + 9a,
COC(=O)c1cc2c3c(ccc2[nH]1)N(C(=O)c1ccc(NC(=O)c2cc4cc(NC(=O)OC(C)(C)C)ccc4s2)cc1)CC3,11b(BOC) + 5b + 10a,
COC(=O)c1cc2cc(NC(=O)c3ccc(NC(=O)c4cc5cc(NC(=O)OC(C)(C)C)ccc5s4)cc3)ccc2s1,11b(BOC) + 5b + 11a,
COC(=O)c1cc2cc(NC(=O)c3ccc(NC(=O)c4cc5cc(NC(=O)OC(C)(C)C)ccc5s4)cc3)ccc2o1,11b(BOC) + 5b + 12a,
CCOC(=O)c1cc2cc(NC(=O)c3ccc(NC(=O)c4cc5cc(NC(=O)OC(C)(C)C)ccc5s4)cc3)ccc2[nH]1,11b(BOC) + 5b + 13a,
COC(=O)c1nc2ccc(NC(=O)c3ccc(NC(=O)c4cc5cc(NC(=O)OC(C)(C)C)ccc5s4)cc3)cc2o1,11b(BOC) + 5b + 14a,
COC(=O)c1nc2cc(NC(=O)c3ccc(NC(=O)c4cc5cc(NC(=O)OC(C)(C)C)ccc5s4)cc3)ccc2[nH]1,11b(BOC) + 5b + 15a,
COC(=O)c1cc(NC(=O)c2cccc(NC(=O)c3cc4cc(NC(=O)OC(C)(C)C)ccc4s3)c2)cn1C,11b(BOC) + 6b + 1a,
COC(=O)c1ccc(NC(=O)c2cccc(NC(=O)c3cc4cc(NC(=O)OC(C)(C)C)ccc4s3)c2)cc1,11b(BOC) + 6b + 5a,
COC(=O)c1cccc(NC(=O)c2cccc(NC(=O)c3cc4cc(NC(=O)OC(C)(C)C)ccc4s3)c2)c1,11b(BOC) + 6b + 6a,
CCOC(=O)c1csc(NC(=O)c2cccc(NC(=O)c3cc4cc(NC(=O)OC(C)(C)C)ccc4s3)c2)n1,11b(BOC) + 6b + 7a,
COC(=O)c1cc(NC(=O)c2cccc(NC(=O)c3cc4cc(NC(=O)OC(C)(C)C)ccc4s3)c2)cs1,11b(BOC) + 6b + 8a,
CCOC(=O)c1nc(NC(=O)c2cccc(NC(=O)c3cc4cc(NC(=O)OC(C)(C)C)ccc4s3)c2)cn1C,11b(BOC) + 6b + 9a,
COC(=O)c1cc2c3c(ccc2[nH]1)N(C(=O)c1cccc(NC(=O)c2cc4cc(NC(=O)OC(C)(C)C)ccc4s2)c1)CC3,11b(BOC) + 6b + 10a,
COC(=O)c1cc2cc(NC(=O)c3cccc(NC(=O)c4cc5cc(NC(=O)OC(C)(C)C)ccc5s4)c3)ccc2s1,11b(BOC) + 6b + 11a,
COC(=O)c1cc2cc(NC(=O)c3cccc(NC(=O)c4cc5cc(NC(=O)OC(C)(C)C)ccc5s4)c3)ccc2o1,11b(BOC) + 6b + 12a,
CCOC(=O)c1cc2cc(NC(=O)c3cccc(NC(=O)c4cc5cc(NC(=O)OC(C)(C)C)ccc5s4)c3)ccc2[nH]1,11b(BOC) + 6b + 13a,
COC(=O)c1nc2ccc(NC(=O)c3cccc(NC(=O)c4cc5cc(NC(=O)OC(C)(C)C)ccc5s4)c3)cc2o1,11b(BOC) + 6b + 14a,
COC(=O)c1nc2cc(NC(=O)c3cccc(NC(=O)c4cc5cc(NC(=O)OC(C)(C)C)ccc5s4)c3)ccc2[nH]1,11b(BOC) + 6b + 15a,
COC(=O)c1cc(NC(=O)c2csc(NC(=O)c3cc4cc(NC(=O)OC(C)(C)C)ccc4s3)n2)cn1C,11b(BOC) + 7b + 1a,
COC(=O)c1ccc(NC(=O)c2csc(NC(=O)c3cc4cc(NC(=O)OC(C)(C)C)ccc4s3)n2)cc1,11b(BOC) + 7b + 5a,
COC(=O)c1cccc(NC(=O)c2csc(NC(=O)c3cc4cc(NC(=O)OC(C)(C)C)ccc4s3)n2)c1,11b(BOC) + 7b + 6a,
CCOC(=O)c1csc(NC(=O)c2csc(NC(=O)c3cc4cc(NC(=O)OC(C)(C)C)ccc4s3)n2)n1,11b(BOC) + 7b + 7a,
COC(=O)c1cc(NC(=O)c2csc(NC(=O)c3cc4cc(NC(=O)OC(C)(C)C)ccc4s3)n2)cs1,11b(BOC) + 7b + 8a,
CCOC(=O)c1nc(NC(=O)c2csc(NC(=O)c3cc4cc(NC(=O)OC(C)(C)C)ccc4s3)n2)cn1C,11b(BOC) + 7b + 9a,
COC(=O)c1cc2c3c(ccc2[nH]1)N(C(=O)c1csc(NC(=O)c2cc4cc(NC(=O)OC(C)(C)C)ccc4s2)n1)CC3,11b(BOC) + 7b + 10a,
COC(=O)c1cc2cc(NC(=O)c3csc(NC(=O)c4cc5cc(NC(=O)OC(C)(C)C)ccc5s4)n3)ccc2s1,11b(BOC) + 7b + 11a,
COC(=O)c1cc2cc(NC(=O)c3csc(NC(=O)c4cc5cc(NC(=O)OC(C)(C)C)ccc5s4)n3)ccc2o1,11b(BOC) + 7b + 12a,
CCOC(=O)c1cc2cc(NC(=O)c3csc(NC(=O)c4cc5cc(NC(=O)OC(C)(C)C)ccc5s4)n3)ccc2[nH]1,11b(BOC) + 7b + 13a,
COC(=O)c1nc2ccc(NC(=O)c3csc(NC(=O)c4cc5cc(NC(=O)OC(C)(C)C)ccc5s4)n3)cc2o1,11b(BOC) + 7b + 14a,
COC(=O)c1nc2cc(NC(=O)c3csc(NC(=O)c4cc5cc(NC(=O)OC(C)(C)C)ccc5s4)n3)ccc2[nH]1,11b(BOC) + 7b + 15a,
COC(=O)c1cc(NC(=O)c2cc(NC(=O)c3cc4cc(NC(=O)OC(C)(C)C)ccc4s3)cs2)cn1C,11b(BOC) + 8b + 1a,
COC(=O)c1ccc(NC(=O)c2cc(NC(=O)c3cc4cc(NC(=O)OC(C)(C)C)ccc4s3)cs2)cc1,11b(BOC) + 8b + 5a,
COC(=O)c1cccc(NC(=O)c2cc(NC(=O)c3cc4cc(NC(=O)OC(C)(C)C)ccc4s3)cs2)c1,11b(BOC) + 8b + 6a,
CCOC(=O)c1csc(NC(=O)c2cc(NC(=O)c3cc4cc(NC(=O)OC(C)(C)C)ccc4s3)cs2)n1,11b(BOC) + 8b + 7a,
COC(=O)c1cc(NC(=O)c2cc(NC(=O)c3cc4cc(NC(=O)OC(C)(C)C)ccc4s3)cs2)cs1,11b(BOC) + 8b + 8a,
CCOC(=O)c1nc(NC(=O)c2cc(NC(=O)c3cc4cc(NC(=O)OC(C)(C)C)ccc4s3)cs2)cn1C,11b(BOC) + 8b + 9a,
COC(=O)c1cc2c3c(ccc2[nH]1)N(C(=O)c1cc(NC(=O)c2cc4cc(NC(=O)OC(C)(C)C)ccc4s2)cs1)CC3,11b(BOC) + 8b + 10a,
COC(=O)c1cc2cc(NC(=O)c3cc(NC(=O)c4cc5cc(NC(=O)OC(C)(C)C)ccc5s4)cs3)ccc2s1,11b(BOC) + 8b + 11a,
COC(=O)c1cc2cc(NC(=O)c3cc(NC(=O)c4cc5cc(NC(=O)OC(C)(C)C)ccc5s4)cs3)ccc2o1,11b(BOC) + 8b + 12a,
CCOC(=O)c1cc2cc(NC(=O)c3cc(NC(=O)c4cc5cc(NC(=O)OC(C)(C)C)ccc5s4)cs3)ccc2[nH]1,11b(BOC) + 8b + 13a,
COC(=O)c1nc2ccc(NC(=O)c3cc(NC(=O)c4cc5cc(NC(=O)OC(C)(C)C)ccc5s4)cs3)cc2o1,11b(BOC) + 8b + 14a,
COC(=O)c1nc2cc(NC(=O)c3cc(NC(=O)c4cc5cc(NC(=O)OC(C)(C)C)ccc5s4)cs3)ccc2[nH]1,11b(BOC) + 8b + 15a,
COC(=O)c1cc(NC(=O)c2nc(NC(=O)c3cc4cc(NC(=O)OC(C)(C)C)ccc4s3)cn2C)cn1C,11b(BOC) + 9b + 1a,
COC(=O)c1ccc(NC(=O)c2nc(NC(=O)c3cc4cc(NC(=O)OC(C)(C)C)ccc4s3)cn2C)cc1,11b(BOC) + 9b + 5a,
COC(=O)c1cccc(NC(=O)c2nc(NC(=O)c3cc4cc(NC(=O)OC(C)(C)C)ccc4s3)cn2C)c1,11b(BOC) + 9b + 6a,
CCOC(=O)c1csc(NC(=O)c2nc(NC(=O)c3cc4cc(NC(=O)OC(C)(C)C)ccc4s3)cn2C)n1,11b(BOC) + 9b + 7a,
COC(=O)c1cc(NC(=O)c2nc(NC(=O)c3cc4cc(NC(=O)OC(C)(C)C)ccc4s3)cn2C)cs1,11b(BOC) + 9b + 8a,
CCOC(=O)c1nc(NC(=O)c2nc(NC(=O)c3cc4cc(NC(=O)OC(C)(C)C)ccc4s3)cn2C)cn1C,11b(BOC) + 9b + 9a,
COC(=O)c1cc2c3c(ccc2[nH]1)N(C(=O)c1nc(NC(=O)c2cc4cc(NC(=O)OC(C)(C)C)ccc4s2)cn1C)CC3,11b(BOC) + 9b + 10a,
COC(=O)c1cc2cc(NC(=O)c3nc(NC(=O)c4cc5cc(NC(=O)OC(C)(C)C)ccc5s4)cn3C)ccc2s1,11b(BOC) + 9b + 11a,
COC(=O)c1cc2cc(NC(=O)c3nc(NC(=O)c4cc5cc(NC(=O)OC(C)(C)C)ccc5s4)cn3C)ccc2o1,11b(BOC) + 9b + 12a,
CCOC(=O)c1cc2cc(NC(=O)c3nc(NC(=O)c4cc5cc(NC(=O)OC(C)(C)C)ccc5s4)cn3C)ccc2[nH]1,11b(BOC) + 9b + 13a,
COC(=O)c1nc2ccc(NC(=O)c3nc(NC(=O)c4cc5cc(NC(=O)OC(C)(C)C)ccc5s4)cn3C)cc2o1,11b(BOC) + 9b + 14a,
COC(=O)c1nc2cc(NC(=O)c3nc(NC(=O)c4cc5cc(NC(=O)OC(C)(C)C)ccc5s4)cn3C)ccc2[nH]1,11b(BOC) + 9b + 15a,
COC(=O)c1cc(NC(=O)c2cc3c4c(ccc3[nH]2)N(C(=O)c2cc3cc(NC(=O)OC(C)(C)C)ccc3s2)CC4)cn1C,11b(BOC) + 10b + 1a,
COC(=O)c1ccc(NC(=O)c2cc3c4c(ccc3[nH]2)N(C(=O)c2cc3cc(NC(=O)OC(C)(C)C)ccc3s2)CC4)cc1,11b(BOC) + 10b + 5a,
COC(=O)c1cccc(NC(=O)c2cc3c4c(ccc3[nH]2)N(C(=O)c2cc3cc(NC(=O)OC(C)(C)C)ccc3s2)CC4)c1,11b(BOC) + 10b + 6a,
CCOC(=O)c1csc(NC(=O)c2cc3c4c(ccc3[nH]2)N(C(=O)c2cc3cc(NC(=O)OC(C)(C)C)ccc3s2)CC4)n1,11b(BOC) + 10b + 7a,
COC(=O)c1cc(NC(=O)c2cc3c4c(ccc3[nH]2)N(C(=O)c2cc3cc(NC(=O)OC(C)(C)C)ccc3s2)CC4)cs1,11b(BOC) + 10b + 8a,
CCOC(=O)c1nc(NC(=O)c2cc3c4c(ccc3[nH]2)N(C(=O)c2cc3cc(NC(=O)OC(C)(C)C)ccc3s2)CC4)cn1C,11b(BOC) + 10b + 9a,
COC(=O)c1cc2c3c(ccc2[nH]1)N(C(=O)c1cc2c4c(ccc2[nH]1)N(C(=O)c1cc2cc(NC(=O)OC(C)(C)C)ccc2s1)CC4)CC3,11b(BOC) + 10b + 10a,
COC(=O)c1cc2cc(NC(=O)c3cc4c5c(ccc4[nH]3)N(C(=O)c3cc4cc(NC(=O)OC(C)(C)C)ccc4s3)CC5)ccc2s1,11b(BOC) + 10b + 11a,
COC(=O)c1cc2cc(NC(=O)c3cc4c5c(ccc4[nH]3)N(C(=O)c3cc4cc(NC(=O)OC(C)(C)C)ccc4s3)CC5)ccc2o1,11b(BOC) + 10b + 12a,
CCOC(=O)c1cc2cc(NC(=O)c3cc4c5c(ccc4[nH]3)N(C(=O)c3cc4cc(NC(=O)OC(C)(C)C)ccc4s3)CC5)ccc2[nH]1,11b(BOC) + 10b + 13a,
COC(=O)c1nc2ccc(NC(=O)c3cc4c5c(ccc4[nH]3)N(C(=O)c3cc4cc(NC(=O)OC(C)(C)C)ccc4s3)CC5)cc2o1,11b(BOC) + 10b + 14a,
COC(=O)c1nc2cc(NC(=O)c3cc4c5c(ccc4[nH]3)N(C(=O)c3cc4cc(NC(=O)OC(C)(C)C)ccc4s3)CC5)ccc2[nH]1,11b(BOC) + 10b + 15a,
COC(=O)c1cc(NC(=O)c2cc3cc(NC(=O)c4cc5cc(NC(=O)OC(C)(C)C)ccc5s4)ccc3s2)cn1C,11b(BOC) + 11b + 1a,
COC(=O)c1ccc(NC(=O)c2cc3cc(NC(=O)c4cc5cc(NC(=O)OC(C)(C)C)ccc5s4)ccc3s2)cc1,11b(BOC) + 11b + 5a,
COC(=O)c1cccc(NC(=O)c2cc3cc(NC(=O)c4cc5cc(NC(=O)OC(C)(C)C)ccc5s4)ccc3s2)c1,11b(BOC) + 11b + 6a,
CCOC(=O)c1csc(NC(=O)c2cc3cc(NC(=O)c4cc5cc(NC(=O)OC(C)(C)C)ccc5s4)ccc3s2)n1,11b(BOC) + 11b + 7a,
COC(=O)c1cc(NC(=O)c2cc3cc(NC(=O)c4cc5cc(NC(=O)OC(C)(C)C)ccc5s4)ccc3s2)cs1,11b(BOC) + 11b + 8a,
CCOC(=O)c1nc(NC(=O)c2cc3cc(NC(=O)c4cc5cc(NC(=O)OC(C)(C)C)ccc5s4)ccc3s2)cn1C,11b(BOC) + 11b + 9a,
COC(=O)c1cc2c3c(ccc2[nH]1)N(C(=O)c1cc2cc(NC(=O)c4cc5cc(NC(=O)OC(C)(C)C)ccc5s4)ccc2s1)CC3,11b(BOC) + 11b + 10a,
COC(=O)c1cc2cc(NC(=O)c3cc4cc(NC(=O)c5cc6cc(NC(=O)OC(C)(C)C)ccc6s5)ccc4s3)ccc2s1,11b(BOC) + 11b + 11a,
COC(=O)c1cc2cc(NC(=O)c3cc4cc(NC(=O)c5cc6cc(NC(=O)OC(C)(C)C)ccc6s5)ccc4s3)ccc2o1,11b(BOC) + 11b + 12a,
CCOC(=O)c1cc2cc(NC(=O)c3cc4cc(NC(=O)c5cc6cc(NC(=O)OC(C)(C)C)ccc6s5)ccc4s3)ccc2[nH]1,11b(BOC) + 11b + 13a,
COC(=O)c1nc2ccc(NC(=O)c3cc4cc(NC(=O)c5cc6cc(NC(=O)OC(C)(C)C)ccc6s5)ccc4s3)cc2o1,11b(BOC) + 11b + 14a,
COC(=O)c1nc2cc(NC(=O)c3cc4cc(NC(=O)c5cc6cc(NC(=O)OC(C)(C)C)ccc6s5)ccc4s3)ccc2[nH]1,11b(BOC) + 11b + 15a,
COC(=O)c1cc(NC(=O)c2cc3cc(NC(=O)c4cc5cc(NC(=O)OC(C)(C)C)ccc5s4)ccc3o2)cn1C,11b(BOC) + 12b + 1a,
COC(=O)c1ccc(NC(=O)c2cc3cc(NC(=O)c4cc5cc(NC(=O)OC(C)(C)C)ccc5s4)ccc3o2)cc1,11b(BOC) + 12b + 5a,
COC(=O)c1cccc(NC(=O)c2cc3cc(NC(=O)c4cc5cc(NC(=O)OC(C)(C)C)ccc5s4)ccc3o2)c1,11b(BOC) + 12b + 6a,
CCOC(=O)c1csc(NC(=O)c2cc3cc(NC(=O)c4cc5cc(NC(=O)OC(C)(C)C)ccc5s4)ccc3o2)n1,11b(BOC) + 12b + 7a,
COC(=O)c1cc(NC(=O)c2cc3cc(NC(=O)c4cc5cc(NC(=O)OC(C)(C)C)ccc5s4)ccc3o2)cs1,11b(BOC) + 12b + 8a,
CCOC(=O)c1nc(NC(=O)c2cc3cc(NC(=O)c4cc5cc(NC(=O)OC(C)(C)C)ccc5s4)ccc3o2)cn1C,11b(BOC) + 12b + 9a,
COC(=O)c1cc2c3c(ccc2[nH]1)N(C(=O)c1cc2cc(NC(=O)c4cc5cc(NC(=O)OC(C)(C)C)ccc5s4)ccc2o1)CC3,11b(BOC) + 12b + 10a,
COC(=O)c1cc2cc(NC(=O)c3cc4cc(NC(=O)c5cc6cc(NC(=O)OC(C)(C)C)ccc6s5)ccc4o3)ccc2s1,11b(BOC) + 12b + 11a,
COC(=O)c1cc2cc(NC(=O)c3cc4cc(NC(=O)c5cc6cc(NC(=O)OC(C)(C)C)ccc6s5)ccc4o3)ccc2o1,11b(BOC) + 12b + 12a,
CCOC(=O)c1cc2cc(NC(=O)c3cc4cc(NC(=O)c5cc6cc(NC(=O)OC(C)(C)C)ccc6s5)ccc4o3)ccc2[nH]1,11b(BOC) + 12b + 13a,
COC(=O)c1nc2ccc(NC(=O)c3cc4cc(NC(=O)c5cc6cc(NC(=O)OC(C)(C)C)ccc6s5)ccc4o3)cc2o1,11b(BOC) + 12b + 14a,
COC(=O)c1nc2cc(NC(=O)c3cc4cc(NC(=O)c5cc6cc(NC(=O)OC(C)(C)C)ccc6s5)ccc4o3)ccc2[nH]1,11b(BOC) + 12b + 15a,
COC(=O)c1cc(NC(=O)c2cc3cc(NC(=O)c4cc5cc(NC(=O)OC(C)(C)C)ccc5s4)ccc3[nH]2)cn1C,11b(BOC) + 13b + 1a,
COC(=O)c1ccc(NC(=O)c2cc3cc(NC(=O)c4cc5cc(NC(=O)OC(C)(C)C)ccc5s4)ccc3[nH]2)cc1,11b(BOC) + 13b + 5a,
COC(=O)c1cccc(NC(=O)c2cc3cc(NC(=O)c4cc5cc(NC(=O)OC(C)(C)C)ccc5s4)ccc3[nH]2)c1,11b(BOC) + 13b + 6a,
CCOC(=O)c1csc(NC(=O)c2cc3cc(NC(=O)c4cc5cc(NC(=O)OC(C)(C)C)ccc5s4)ccc3[nH]2)n1,11b(BOC) + 13b + 7a,
COC(=O)c1cc(NC(=O)c2cc3cc(NC(=O)c4cc5cc(NC(=O)OC(C)(C)C)ccc5s4)ccc3[nH]2)cs1,11b(BOC) + 13b + 8a,
CCOC(=O)c1nc(NC(=O)c2cc3cc(NC(=O)c4cc5cc(NC(=O)OC(C)(C)C)ccc5s4)ccc3[nH]2)cn1C,11b(BOC) + 13b + 9a,
COC(=O)c1cc2c3c(ccc2[nH]1)N(C(=O)c1cc2cc(NC(=O)c4cc5cc(NC(=O)OC(C)(C)C)ccc5s4)ccc2[nH]1)CC3,11b(BOC) + 13b + 10a,
COC(=O)c1cc2cc(NC(=O)c3cc4cc(NC(=O)c5cc6cc(NC(=O)OC(C)(C)C)ccc6s5)ccc4[nH]3)ccc2s1,11b(BOC) + 13b + 11a,
COC(=O)c1cc2cc(NC(=O)c3cc4cc(NC(=O)c5cc6cc(NC(=O)OC(C)(C)C)ccc6s5)ccc4[nH]3)ccc2o1,11b(BOC) + 13b + 12a,
CCOC(=O)c1cc2cc(NC(=O)c3cc4cc(NC(=O)c5cc6cc(NC(=O)OC(C)(C)C)ccc6s5)ccc4[nH]3)ccc2[nH]1,11b(BOC) + 13b + 13a,
COC(=O)c1nc2ccc(NC(=O)c3cc4cc(NC(=O)c5cc6cc(NC(=O)OC(C)(C)C)ccc6s5)ccc4[nH]3)cc2o1,11b(BOC) + 13b + 14a,
COC(=O)c1nc2cc(NC(=O)c3cc4cc(NC(=O)c5cc6cc(NC(=O)OC(C)(C)C)ccc6s5)ccc4[nH]3)ccc2[nH]1,11b(BOC) + 13b + 15a,
COC(=O)c1cc(NC(=O)c2nc3ccc(NC(=O)c4cc5cc(NC(=O)OC(C)(C)C)ccc5s4)cc3o2)cn1C,11b(BOC) + 14b + 1a,
COC(=O)c1ccc(NC(=O)c2nc3ccc(NC(=O)c4cc5cc(NC(=O)OC(C)(C)C)ccc5s4)cc3o2)cc1,11b(BOC) + 14b + 5a,
COC(=O)c1cccc(NC(=O)c2nc3ccc(NC(=O)c4cc5cc(NC(=O)OC(C)(C)C)ccc5s4)cc3o2)c1,11b(BOC) + 14b + 6a,
CCOC(=O)c1csc(NC(=O)c2nc3ccc(NC(=O)c4cc5cc(NC(=O)OC(C)(C)C)ccc5s4)cc3o2)n1,11b(BOC) + 14b + 7a,
COC(=O)c1cc(NC(=O)c2nc3ccc(NC(=O)c4cc5cc(NC(=O)OC(C)(C)C)ccc5s4)cc3o2)cs1,11b(BOC) + 14b + 8a,
CCOC(=O)c1nc(NC(=O)c2nc3ccc(NC(=O)c4cc5cc(NC(=O)OC(C)(C)C)ccc5s4)cc3o2)cn1C,11b(BOC) + 14b + 9a,
COC(=O)c1cc2c3c(ccc2[nH]1)N(C(=O)c1nc2ccc(NC(=O)c4cc5cc(NC(=O)OC(C)(C)C)ccc5s4)cc2o1)CC3,11b(BOC) + 14b + 10a,
COC(=O)c1cc2cc(NC(=O)c3nc4ccc(NC(=O)c5cc6cc(NC(=O)OC(C)(C)C)ccc6s5)cc4o3)ccc2s1,11b(BOC) + 14b + 11a,
COC(=O)c1cc2cc(NC(=O)c3nc4ccc(NC(=O)c5cc6cc(NC(=O)OC(C)(C)C)ccc6s5)cc4o3)ccc2o1,11b(BOC) + 14b + 12a,
CCOC(=O)c1cc2cc(NC(=O)c3nc4ccc(NC(=O)c5cc6cc(NC(=O)OC(C)(C)C)ccc6s5)cc4o3)ccc2[nH]1,11b(BOC) + 14b + 13a,
COC(=O)c1nc2ccc(NC(=O)c3nc4ccc(NC(=O)c5cc6cc(NC(=O)OC(C)(C)C)ccc6s5)cc4o3)cc2o1,11b(BOC) + 14b + 14a,
COC(=O)c1nc2cc(NC(=O)c3nc4ccc(NC(=O)c5cc6cc(NC(=O)OC(C)(C)C)ccc6s5)cc4o3)ccc2[nH]1,11b(BOC) + 14b + 15a,
COC(=O)c1cc(NC(=O)c2cc(NC(=O)c3cc4cc(NC(=O)CCCN(C)C)ccc4s3)cn2C)cn1C,11b(DMABA) + 1b + 1a,
COC(=O)c1ccc(NC(=O)c2cc(NC(=O)c3cc4cc(NC(=O)CCCN(C)C)ccc4s3)cn2C)cc1,11b(DMABA) + 1b + 5a,
COC(=O)c1cccc(NC(=O)c2cc(NC(=O)c3cc4cc(NC(=O)CCCN(C)C)ccc4s3)cn2C)c1,11b(DMABA) + 1b + 6a,
CCOC(=O)c1csc(NC(=O)c2cc(NC(=O)c3cc4cc(NC(=O)CCCN(C)C)ccc4s3)cn2C)n1,11b(DMABA) + 1b + 7a,
COC(=O)c1cc(NC(=O)c2cc(NC(=O)c3cc4cc(NC(=O)CCCN(C)C)ccc4s3)cn2C)cs1,11b(DMABA) + 1b + 8a,
CCOC(=O)c1nc(NC(=O)c2cc(NC(=O)c3cc4cc(NC(=O)CCCN(C)C)ccc4s3)cn2C)cn1C,11b(DMABA) + 1b + 9a,
COC(=O)c1cc2c3c(ccc2[nH]1)N(C(=O)c1cc(NC(=O)c2cc4cc(NC(=O)CCCN(C)C)ccc4s2)cn1C)CC3,11b(DMABA) + 1b + 10a,
COC(=O)c1cc2cc(NC(=O)c3cc(NC(=O)c4cc5cc(NC(=O)CCCN(C)C)ccc5s4)cn3C)ccc2s1,11b(DMABA) + 1b + 11a,
COC(=O)c1cc2cc(NC(=O)c3cc(NC(=O)c4cc5cc(NC(=O)CCCN(C)C)ccc5s4)cn3C)ccc2o1,11b(DMABA) + 1b + 12a,
CCOC(=O)c1cc2cc(NC(=O)c3cc(NC(=O)c4cc5cc(NC(=O)CCCN(C)C)ccc5s4)cn3C)ccc2[nH]1,11b(DMABA) + 1b + 13a,
COC(=O)c1nc2ccc(NC(=O)c3cc(NC(=O)c4cc5cc(NC(=O)CCCN(C)C)ccc5s4)cn3C)cc2o1,11b(DMABA) + 1b + 14a,
COC(=O)c1nc2cc(NC(=O)c3cc(NC(=O)c4cc5cc(NC(=O)CCCN(C)C)ccc5s4)cn3C)ccc2[nH]1,11b(DMABA) + 1b + 15a,
COC(=O)c1cc(NC(=O)c2ccc(NC(=O)c3cc4cc(NC(=O)CCCN(C)C)ccc4s3)cc2)cn1C,11b(DMABA) + 5b + 1a,
COC(=O)c1ccc(NC(=O)c2ccc(NC(=O)c3cc4cc(NC(=O)CCCN(C)C)ccc4s3)cc2)cc1,11b(DMABA) + 5b + 5a,
COC(=O)c1cccc(NC(=O)c2ccc(NC(=O)c3cc4cc(NC(=O)CCCN(C)C)ccc4s3)cc2)c1,11b(DMABA) + 5b + 6a,
CCOC(=O)c1csc(NC(=O)c2ccc(NC(=O)c3cc4cc(NC(=O)CCCN(C)C)ccc4s3)cc2)n1,11b(DMABA) + 5b + 7a,
COC(=O)c1cc(NC(=O)c2ccc(NC(=O)c3cc4cc(NC(=O)CCCN(C)C)ccc4s3)cc2)cs1,11b(DMABA) + 5b + 8a,
CCOC(=O)c1nc(NC(=O)c2ccc(NC(=O)c3cc4cc(NC(=O)CCCN(C)C)ccc4s3)cc2)cn1C,11b(DMABA) + 5b + 9a,
COC(=O)c1cc2c3c(ccc2[nH]1)N(C(=O)c1ccc(NC(=O)c2cc4cc(NC(=O)CCCN(C)C)ccc4s2)cc1)CC3,11b(DMABA) + 5b + 10a,
COC(=O)c1cc2cc(NC(=O)c3ccc(NC(=O)c4cc5cc(NC(=O)CCCN(C)C)ccc5s4)cc3)ccc2s1,11b(DMABA) + 5b + 11a,
COC(=O)c1cc2cc(NC(=O)c3ccc(NC(=O)c4cc5cc(NC(=O)CCCN(C)C)ccc5s4)cc3)ccc2o1,11b(DMABA) + 5b + 12a,
CCOC(=O)c1cc2cc(NC(=O)c3ccc(NC(=O)c4cc5cc(NC(=O)CCCN(C)C)ccc5s4)cc3)ccc2[nH]1,11b(DMABA) + 5b + 13a,
COC(=O)c1nc2ccc(NC(=O)c3ccc(NC(=O)c4cc5cc(NC(=O)CCCN(C)C)ccc5s4)cc3)cc2o1,11b(DMABA) + 5b + 14a,
COC(=O)c1nc2cc(NC(=O)c3ccc(NC(=O)c4cc5cc(NC(=O)CCCN(C)C)ccc5s4)cc3)ccc2[nH]1,11b(DMABA) + 5b + 15a,
COC(=O)c1cc(NC(=O)c2cccc(NC(=O)c3cc4cc(NC(=O)CCCN(C)C)ccc4s3)c2)cn1C,11b(DMABA) + 6b + 1a,
COC(=O)c1ccc(NC(=O)c2cccc(NC(=O)c3cc4cc(NC(=O)CCCN(C)C)ccc4s3)c2)cc1,11b(DMABA) + 6b + 5a,
COC(=O)c1cccc(NC(=O)c2cccc(NC(=O)c3cc4cc(NC(=O)CCCN(C)C)ccc4s3)c2)c1,11b(DMABA) + 6b + 6a,
CCOC(=O)c1csc(NC(=O)c2cccc(NC(=O)c3cc4cc(NC(=O)CCCN(C)C)ccc4s3)c2)n1,11b(DMABA) + 6b + 7a,
COC(=O)c1cc(NC(=O)c2cccc(NC(=O)c3cc4cc(NC(=O)CCCN(C)C)ccc4s3)c2)cs1,11b(DMABA) + 6b + 8a,
CCOC(=O)c1nc(NC(=O)c2cccc(NC(=O)c3cc4cc(NC(=O)CCCN(C)C)ccc4s3)c2)cn1C,11b(DMABA) + 6b + 9a,
COC(=O)c1cc2c3c(ccc2[nH]1)N(C(=O)c1cccc(NC(=O)c2cc4cc(NC(=O)CCCN(C)C)ccc4s2)c1)CC3,11b(DMABA) + 6b + 10a,
COC(=O)c1cc2cc(NC(=O)c3cccc(NC(=O)c4cc5cc(NC(=O)CCCN(C)C)ccc5s4)c3)ccc2s1,11b(DMABA) + 6b + 11a,
COC(=O)c1cc2cc(NC(=O)c3cccc(NC(=O)c4cc5cc(NC(=O)CCCN(C)C)ccc5s4)c3)ccc2o1,11b(DMABA) + 6b + 12a,
CCOC(=O)c1cc2cc(NC(=O)c3cccc(NC(=O)c4cc5cc(NC(=O)CCCN(C)C)ccc5s4)c3)ccc2[nH]1,11b(DMABA) + 6b + 13a,
COC(=O)c1nc2ccc(NC(=O)c3cccc(NC(=O)c4cc5cc(NC(=O)CCCN(C)C)ccc5s4)c3)cc2o1,11b(DMABA) + 6b + 14a,
COC(=O)c1nc2cc(NC(=O)c3cccc(NC(=O)c4cc5cc(NC(=O)CCCN(C)C)ccc5s4)c3)ccc2[nH]1,11b(DMABA) + 6b + 15a,
COC(=O)c1cc(NC(=O)c2csc(NC(=O)c3cc4cc(NC(=O)CCCN(C)C)ccc4s3)n2)cn1C,11b(DMABA) + 7b + 1a,
COC(=O)c1ccc(NC(=O)c2csc(NC(=O)c3cc4cc(NC(=O)CCCN(C)C)ccc4s3)n2)cc1,11b(DMABA) + 7b + 5a,
COC(=O)c1cccc(NC(=O)c2csc(NC(=O)c3cc4cc(NC(=O)CCCN(C)C)ccc4s3)n2)c1,11b(DMABA) + 7b + 6a,
CCOC(=O)c1csc(NC(=O)c2csc(NC(=O)c3cc4cc(NC(=O)CCCN(C)C)ccc4s3)n2)n1,11b(DMABA) + 7b + 7a,
COC(=O)c1cc(NC(=O)c2csc(NC(=O)c3cc4cc(NC(=O)CCCN(C)C)ccc4s3)n2)cs1,11b(DMABA) + 7b + 8a,
CCOC(=O)c1nc(NC(=O)c2csc(NC(=O)c3cc4cc(NC(=O)CCCN(C)C)ccc4s3)n2)cn1C,11b(DMABA) + 7b + 9a,
COC(=O)c1cc2c3c(ccc2[nH]1)N(C(=O)c1csc(NC(=O)c2cc4cc(NC(=O)CCCN(C)C)ccc4s2)n1)CC3,11b(DMABA) + 7b + 10a,
COC(=O)c1cc2cc(NC(=O)c3csc(NC(=O)c4cc5cc(NC(=O)CCCN(C)C)ccc5s4)n3)ccc2s1,11b(DMABA) + 7b + 11a,
COC(=O)c1cc2cc(NC(=O)c3csc(NC(=O)c4cc5cc(NC(=O)CCCN(C)C)ccc5s4)n3)ccc2o1,11b(DMABA) + 7b + 12a,
CCOC(=O)c1cc2cc(NC(=O)c3csc(NC(=O)c4cc5cc(NC(=O)CCCN(C)C)ccc5s4)n3)ccc2[nH]1,11b(DMABA) + 7b + 13a,
COC(=O)c1nc2ccc(NC(=O)c3csc(NC(=O)c4cc5cc(NC(=O)CCCN(C)C)ccc5s4)n3)cc2o1,11b(DMABA) + 7b + 14a,
COC(=O)c1nc2cc(NC(=O)c3csc(NC(=O)c4cc5cc(NC(=O)CCCN(C)C)ccc5s4)n3)ccc2[nH]1,11b(DMABA) + 7b + 15a,
COC(=O)c1cc(NC(=O)c2cc(NC(=O)c3cc4cc(NC(=O)CCCN(C)C)ccc4s3)cs2)cn1C,11b(DMABA) + 8b + 1a,
COC(=O)c1ccc(NC(=O)c2cc(NC(=O)c3cc4cc(NC(=O)CCCN(C)C)ccc4s3)cs2)cc1,11b(DMABA) + 8b + 5a,
COC(=O)c1cccc(NC(=O)c2cc(NC(=O)c3cc4cc(NC(=O)CCCN(C)C)ccc4s3)cs2)c1,11b(DMABA) + 8b + 6a,
CCOC(=O)c1csc(NC(=O)c2cc(NC(=O)c3cc4cc(NC(=O)CCCN(C)C)ccc4s3)cs2)n1,11b(DMABA) + 8b + 7a,
COC(=O)c1cc(NC(=O)c2cc(NC(=O)c3cc4cc(NC(=O)CCCN(C)C)ccc4s3)cs2)cs1,11b(DMABA) + 8b + 8a,
CCOC(=O)c1nc(NC(=O)c2cc(NC(=O)c3cc4cc(NC(=O)CCCN(C)C)ccc4s3)cs2)cn1C,11b(DMABA) + 8b + 9a,
COC(=O)c1cc2c3c(ccc2[nH]1)N(C(=O)c1cc(NC(=O)c2cc4cc(NC(=O)CCCN(C)C)ccc4s2)cs1)CC3,11b(DMABA) + 8b + 10a,
COC(=O)c1cc2cc(NC(=O)c3cc(NC(=O)c4cc5cc(NC(=O)CCCN(C)C)ccc5s4)cs3)ccc2s1,11b(DMABA) + 8b + 11a,
COC(=O)c1cc2cc(NC(=O)c3cc(NC(=O)c4cc5cc(NC(=O)CCCN(C)C)ccc5s4)cs3)ccc2o1,11b(DMABA) + 8b + 12a,
CCOC(=O)c1cc2cc(NC(=O)c3cc(NC(=O)c4cc5cc(NC(=O)CCCN(C)C)ccc5s4)cs3)ccc2[nH]1,11b(DMABA) + 8b + 13a,
COC(=O)c1nc2ccc(NC(=O)c3cc(NC(=O)c4cc5cc(NC(=O)CCCN(C)C)ccc5s4)cs3)cc2o1,11b(DMABA) + 8b + 14a,
COC(=O)c1nc2cc(NC(=O)c3cc(NC(=O)c4cc5cc(NC(=O)CCCN(C)C)ccc5s4)cs3)ccc2[nH]1,11b(DMABA) + 8b + 15a,
COC(=O)c1cc(NC(=O)c2nc(NC(=O)c3cc4cc(NC(=O)CCCN(C)C)ccc4s3)cn2C)cn1C,11b(DMABA) + 9b + 1a,
COC(=O)c1ccc(NC(=O)c2nc(NC(=O)c3cc4cc(NC(=O)CCCN(C)C)ccc4s3)cn2C)cc1,11b(DMABA) + 9b + 5a,
COC(=O)c1cccc(NC(=O)c2nc(NC(=O)c3cc4cc(NC(=O)CCCN(C)C)ccc4s3)cn2C)c1,11b(DMABA) + 9b + 6a,
CCOC(=O)c1csc(NC(=O)c2nc(NC(=O)c3cc4cc(NC(=O)CCCN(C)C)ccc4s3)cn2C)n1,11b(DMABA) + 9b + 7a,
COC(=O)c1cc(NC(=O)c2nc(NC(=O)c3cc4cc(NC(=O)CCCN(C)C)ccc4s3)cn2C)cs1,11b(DMABA) + 9b + 8a,
CCOC(=O)c1nc(NC(=O)c2nc(NC(=O)c3cc4cc(NC(=O)CCCN(C)C)ccc4s3)cn2C)cn1C,11b(DMABA) + 9b + 9a,
COC(=O)c1cc2c3c(ccc2[nH]1)N(C(=O)c1nc(NC(=O)c2cc4cc(NC(=O)CCCN(C)C)ccc4s2)cn1C)CC3,11b(DMABA) + 9b + 10a,
COC(=O)c1cc2cc(NC(=O)c3nc(NC(=O)c4cc5cc(NC(=O)CCCN(C)C)ccc5s4)cn3C)ccc2s1,11b(DMABA) + 9b + 11a,
COC(=O)c1cc2cc(NC(=O)c3nc(NC(=O)c4cc5cc(NC(=O)CCCN(C)C)ccc5s4)cn3C)ccc2o1,11b(DMABA) + 9b + 12a,
CCOC(=O)c1cc2cc(NC(=O)c3nc(NC(=O)c4cc5cc(NC(=O)CCCN(C)C)ccc5s4)cn3C)ccc2[nH]1,11b(DMABA) + 9b + 13a,
COC(=O)c1nc2ccc(NC(=O)c3nc(NC(=O)c4cc5cc(NC(=O)CCCN(C)C)ccc5s4)cn3C)cc2o1,11b(DMABA) + 9b + 14a,
COC(=O)c1nc2cc(NC(=O)c3nc(NC(=O)c4cc5cc(NC(=O)CCCN(C)C)ccc5s4)cn3C)ccc2[nH]1,11b(DMABA) + 9b + 15a,
COC(=O)c1cc(NC(=O)c2cc3c4c(ccc3[nH]2)N(C(=O)c2cc3cc(NC(=O)CCCN(C)C)ccc3s2)CC4)cn1C,11b(DMABA) + 10b + 1a,
COC(=O)c1ccc(NC(=O)c2cc3c4c(ccc3[nH]2)N(C(=O)c2cc3cc(NC(=O)CCCN(C)C)ccc3s2)CC4)cc1,11b(DMABA) + 10b + 5a,
COC(=O)c1cccc(NC(=O)c2cc3c4c(ccc3[nH]2)N(C(=O)c2cc3cc(NC(=O)CCCN(C)C)ccc3s2)CC4)c1,11b(DMABA) + 10b + 6a,
CCOC(=O)c1csc(NC(=O)c2cc3c4c(ccc3[nH]2)N(C(=O)c2cc3cc(NC(=O)CCCN(C)C)ccc3s2)CC4)n1,11b(DMABA) + 10b + 7a,
COC(=O)c1cc(NC(=O)c2cc3c4c(ccc3[nH]2)N(C(=O)c2cc3cc(NC(=O)CCCN(C)C)ccc3s2)CC4)cs1,11b(DMABA) + 10b + 8a,
CCOC(=O)c1nc(NC(=O)c2cc3c4c(ccc3[nH]2)N(C(=O)c2cc3cc(NC(=O)CCCN(C)C)ccc3s2)CC4)cn1C,11b(DMABA) + 10b + 9a,
COC(=O)c1cc2c3c(ccc2[nH]1)N(C(=O)c1cc2c4c(ccc2[nH]1)N(C(=O)c1cc2cc(NC(=O)CCCN(C)C)ccc2s1)CC4)CC3,11b(DMABA) + 10b + 10a,
COC(=O)c1cc2cc(NC(=O)c3cc4c5c(ccc4[nH]3)N(C(=O)c3cc4cc(NC(=O)CCCN(C)C)ccc4s3)CC5)ccc2s1,11b(DMABA) + 10b + 11a,
COC(=O)c1cc2cc(NC(=O)c3cc4c5c(ccc4[nH]3)N(C(=O)c3cc4cc(NC(=O)CCCN(C)C)ccc4s3)CC5)ccc2o1,11b(DMABA) + 10b + 12a,
CCOC(=O)c1cc2cc(NC(=O)c3cc4c5c(ccc4[nH]3)N(C(=O)c3cc4cc(NC(=O)CCCN(C)C)ccc4s3)CC5)ccc2[nH]1,11b(DMABA) + 10b + 13a,
COC(=O)c1nc2ccc(NC(=O)c3cc4c5c(ccc4[nH]3)N(C(=O)c3cc4cc(NC(=O)CCCN(C)C)ccc4s3)CC5)cc2o1,11b(DMABA) + 10b + 14a,
COC(=O)c1nc2cc(NC(=O)c3cc4c5c(ccc4[nH]3)N(C(=O)c3cc4cc(NC(=O)CCCN(C)C)ccc4s3)CC5)ccc2[nH]1,11b(DMABA) + 10b + 15a,
COC(=O)c1cc(NC(=O)c2cc3cc(NC(=O)c4cc5cc(NC(=O)CCCN(C)C)ccc5s4)ccc3s2)cn1C,11b(DMABA) + 11b + 1a,
COC(=O)c1ccc(NC(=O)c2cc3cc(NC(=O)c4cc5cc(NC(=O)CCCN(C)C)ccc5s4)ccc3s2)cc1,11b(DMABA) + 11b + 5a,
COC(=O)c1cccc(NC(=O)c2cc3cc(NC(=O)c4cc5cc(NC(=O)CCCN(C)C)ccc5s4)ccc3s2)c1,11b(DMABA) + 11b + 6a,
CCOC(=O)c1csc(NC(=O)c2cc3cc(NC(=O)c4cc5cc(NC(=O)CCCN(C)C)ccc5s4)ccc3s2)n1,11b(DMABA) + 11b + 7a,
COC(=O)c1cc(NC(=O)c2cc3cc(NC(=O)c4cc5cc(NC(=O)CCCN(C)C)ccc5s4)ccc3s2)cs1,11b(DMABA) + 11b + 8a,
CCOC(=O)c1nc(NC(=O)c2cc3cc(NC(=O)c4cc5cc(NC(=O)CCCN(C)C)ccc5s4)ccc3s2)cn1C,11b(DMABA) + 11b + 9a,
COC(=O)c1cc2c3c(ccc2[nH]1)N(C(=O)c1cc2cc(NC(=O)c4cc5cc(NC(=O)CCCN(C)C)ccc5s4)ccc2s1)CC3,11b(DMABA) + 11b + 10a,
COC(=O)c1cc2cc(NC(=O)c3cc4cc(NC(=O)c5cc6cc(NC(=O)CCCN(C)C)ccc6s5)ccc4s3)ccc2s1,11b(DMABA) + 11b + 11a,
COC(=O)c1cc2cc(NC(=O)c3cc4cc(NC(=O)c5cc6cc(NC(=O)CCCN(C)C)ccc6s5)ccc4s3)ccc2o1,11b(DMABA) + 11b + 12a,
CCOC(=O)c1cc2cc(NC(=O)c3cc4cc(NC(=O)c5cc6cc(NC(=O)CCCN(C)C)ccc6s5)ccc4s3)ccc2[nH]1,11b(DMABA) + 11b + 13a,
COC(=O)c1nc2ccc(NC(=O)c3cc4cc(NC(=O)c5cc6cc(NC(=O)CCCN(C)C)ccc6s5)ccc4s3)cc2o1,11b(DMABA) + 11b + 14a,
COC(=O)c1nc2cc(NC(=O)c3cc4cc(NC(=O)c5cc6cc(NC(=O)CCCN(C)C)ccc6s5)ccc4s3)ccc2[nH]1,11b(DMABA) + 11b + 15a,
COC(=O)c1cc(NC(=O)c2cc3cc(NC(=O)c4cc5cc(NC(=O)CCCN(C)C)ccc5s4)ccc3o2)cn1C,11b(DMABA) + 12b + 1a,
COC(=O)c1ccc(NC(=O)c2cc3cc(NC(=O)c4cc5cc(NC(=O)CCCN(C)C)ccc5s4)ccc3o2)cc1,11b(DMABA) + 12b + 5a,
COC(=O)c1cccc(NC(=O)c2cc3cc(NC(=O)c4cc5cc(NC(=O)CCCN(C)C)ccc5s4)ccc3o2)c1,11b(DMABA) + 12b + 6a,
CCOC(=O)c1csc(NC(=O)c2cc3cc(NC(=O)c4cc5cc(NC(=O)CCCN(C)C)ccc5s4)ccc3o2)n1,11b(DMABA) + 12b + 7a,
COC(=O)c1cc(NC(=O)c2cc3cc(NC(=O)c4cc5cc(NC(=O)CCCN(C)C)ccc5s4)ccc3o2)cs1,11b(DMABA) + 12b + 8a,
CCOC(=O)c1nc(NC(=O)c2cc3cc(NC(=O)c4cc5cc(NC(=O)CCCN(C)C)ccc5s4)ccc3o2)cn1C,11b(DMABA) + 12b + 9a,
COC(=O)c1cc2c3c(ccc2[nH]1)N(C(=O)c1cc2cc(NC(=O)c4cc5cc(NC(=O)CCCN(C)C)ccc5s4)ccc2o1)CC3,11b(DMABA) + 12b + 10a,
COC(=O)c1cc2cc(NC(=O)c3cc4cc(NC(=O)c5cc6cc(NC(=O)CCCN(C)C)ccc6s5)ccc4o3)ccc2s1,11b(DMABA) + 12b + 11a,
COC(=O)c1cc2cc(NC(=O)c3cc4cc(NC(=O)c5cc6cc(NC(=O)CCCN(C)C)ccc6s5)ccc4o3)ccc2o1,11b(DMABA) + 12b + 12a,
CCOC(=O)c1cc2cc(NC(=O)c3cc4cc(NC(=O)c5cc6cc(NC(=O)CCCN(C)C)ccc6s5)ccc4o3)ccc2[nH]1,11b(DMABA) + 12b + 13a,
COC(=O)c1nc2ccc(NC(=O)c3cc4cc(NC(=O)c5cc6cc(NC(=O)CCCN(C)C)ccc6s5)ccc4o3)cc2o1,11b(DMABA) + 12b + 14a,
COC(=O)c1nc2cc(NC(=O)c3cc4cc(NC(=O)c5cc6cc(NC(=O)CCCN(C)C)ccc6s5)ccc4o3)ccc2[nH]1,11b(DMABA) + 12b + 15a,
COC(=O)c1cc(NC(=O)c2cc3cc(NC(=O)c4cc5cc(NC(=O)CCCN(C)C)ccc5s4)ccc3[nH]2)cn1C,11b(DMABA) + 13b + 1a,
COC(=O)c1ccc(NC(=O)c2cc3cc(NC(=O)c4cc5cc(NC(=O)CCCN(C)C)ccc5s4)ccc3[nH]2)cc1,11b(DMABA) + 13b + 5a,
COC(=O)c1cccc(NC(=O)c2cc3cc(NC(=O)c4cc5cc(NC(=O)CCCN(C)C)ccc5s4)ccc3[nH]2)c1,11b(DMABA) + 13b + 6a,
CCOC(=O)c1csc(NC(=O)c2cc3cc(NC(=O)c4cc5cc(NC(=O)CCCN(C)C)ccc5s4)ccc3[nH]2)n1,11b(DMABA) + 13b + 7a,
COC(=O)c1cc(NC(=O)c2cc3cc(NC(=O)c4cc5cc(NC(=O)CCCN(C)C)ccc5s4)ccc3[nH]2)cs1,11b(DMABA) + 13b + 8a,
CCOC(=O)c1nc(NC(=O)c2cc3cc(NC(=O)c4cc5cc(NC(=O)CCCN(C)C)ccc5s4)ccc3[nH]2)cn1C,11b(DMABA) + 13b + 9a,
COC(=O)c1cc2c3c(ccc2[nH]1)N(C(=O)c1cc2cc(NC(=O)c4cc5cc(NC(=O)CCCN(C)C)ccc5s4)ccc2[nH]1)CC3,11b(DMABA) + 13b + 10a,
COC(=O)c1cc2cc(NC(=O)c3cc4cc(NC(=O)c5cc6cc(NC(=O)CCCN(C)C)ccc6s5)ccc4[nH]3)ccc2s1,11b(DMABA) + 13b + 11a,
COC(=O)c1cc2cc(NC(=O)c3cc4cc(NC(=O)c5cc6cc(NC(=O)CCCN(C)C)ccc6s5)ccc4[nH]3)ccc2o1,11b(DMABA) + 13b + 12a,
CCOC(=O)c1cc2cc(NC(=O)c3cc4cc(NC(=O)c5cc6cc(NC(=O)CCCN(C)C)ccc6s5)ccc4[nH]3)ccc2[nH]1,11b(DMABA) + 13b + 13a,
COC(=O)c1nc2ccc(NC(=O)c3cc4cc(NC(=O)c5cc6cc(NC(=O)CCCN(C)C)ccc6s5)ccc4[nH]3)cc2o1,11b(DMABA) + 13b + 14a,
COC(=O)c1nc2cc(NC(=O)c3cc4cc(NC(=O)c5cc6cc(NC(=O)CCCN(C)C)ccc6s5)ccc4[nH]3)ccc2[nH]1,11b(DMABA) + 13b + 15a,
COC(=O)c1cc(NC(=O)c2nc3ccc(NC(=O)c4cc5cc(NC(=O)CCCN(C)C)ccc5s4)cc3o2)cn1C,11b(DMABA) + 14b + 1a,
COC(=O)c1ccc(NC(=O)c2nc3ccc(NC(=O)c4cc5cc(NC(=O)CCCN(C)C)ccc5s4)cc3o2)cc1,11b(DMABA) + 14b + 5a,
COC(=O)c1cccc(NC(=O)c2nc3ccc(NC(=O)c4cc5cc(NC(=O)CCCN(C)C)ccc5s4)cc3o2)c1,11b(DMABA) + 14b + 6a,
CCOC(=O)c1csc(NC(=O)c2nc3ccc(NC(=O)c4cc5cc(NC(=O)CCCN(C)C)ccc5s4)cc3o2)n1,11b(DMABA) + 14b + 7a,
COC(=O)c1cc(NC(=O)c2nc3ccc(NC(=O)c4cc5cc(NC(=O)CCCN(C)C)ccc5s4)cc3o2)cs1,11b(DMABA) + 14b + 8a,
CCOC(=O)c1nc(NC(=O)c2nc3ccc(NC(=O)c4cc5cc(NC(=O)CCCN(C)C)ccc5s4)cc3o2)cn1C,11b(DMABA) + 14b + 9a,
COC(=O)c1cc2c3c(ccc2[nH]1)N(C(=O)c1nc2ccc(NC(=O)c4cc5cc(NC(=O)CCCN(C)C)ccc5s4)cc2o1)CC3,11b(DMABA) + 14b + 10a,
COC(=O)c1cc2cc(NC(=O)c3nc4ccc(NC(=O)c5cc6cc(NC(=O)CCCN(C)C)ccc6s5)cc4o3)ccc2s1,11b(DMABA) + 14b + 11a,
COC(=O)c1cc2cc(NC(=O)c3nc4ccc(NC(=O)c5cc6cc(NC(=O)CCCN(C)C)ccc6s5)cc4o3)ccc2o1,11b(DMABA) + 14b + 12a,
CCOC(=O)c1cc2cc(NC(=O)c3nc4ccc(NC(=O)c5cc6cc(NC(=O)CCCN(C)C)ccc6s5)cc4o3)ccc2[nH]1,11b(DMABA) + 14b + 13a,
COC(=O)c1nc2ccc(NC(=O)c3nc4ccc(NC(=O)c5cc6cc(NC(=O)CCCN(C)C)ccc6s5)cc4o3)cc2o1,11b(DMABA) + 14b + 14a,
COC(=O)c1nc2cc(NC(=O)c3nc4ccc(NC(=O)c5cc6cc(NC(=O)CCCN(C)C)ccc6s5)cc4o3)ccc2[nH]1,11b(DMABA) + 14b + 15a,
COC(=O)c1cc(NC(=O)c2cc(NC(=O)c3cc4cc(NC(=O)OC(C)(C)C)ccc4o3)cn2C)cn1C,12b(BOC) + 1b + 1a,
COC(=O)c1ccc(NC(=O)c2cc(NC(=O)c3cc4cc(NC(=O)OC(C)(C)C)ccc4o3)cn2C)cc1,12b(BOC) + 1b + 5a,
COC(=O)c1cccc(NC(=O)c2cc(NC(=O)c3cc4cc(NC(=O)OC(C)(C)C)ccc4o3)cn2C)c1,12b(BOC) + 1b + 6a,
CCOC(=O)c1csc(NC(=O)c2cc(NC(=O)c3cc4cc(NC(=O)OC(C)(C)C)ccc4o3)cn2C)n1,12b(BOC) + 1b + 7a,
COC(=O)c1cc(NC(=O)c2cc(NC(=O)c3cc4cc(NC(=O)OC(C)(C)C)ccc4o3)cn2C)cs1,12b(BOC) + 1b + 8a,
CCOC(=O)c1nc(NC(=O)c2cc(NC(=O)c3cc4cc(NC(=O)OC(C)(C)C)ccc4o3)cn2C)cn1C,12b(BOC) + 1b + 9a,
COC(=O)c1cc2c3c(ccc2[nH]1)N(C(=O)c1cc(NC(=O)c2cc4cc(NC(=O)OC(C)(C)C)ccc4o2)cn1C)CC3,12b(BOC) + 1b + 10a,
COC(=O)c1cc2cc(NC(=O)c3cc(NC(=O)c4cc5cc(NC(=O)OC(C)(C)C)ccc5o4)cn3C)ccc2s1,12b(BOC) + 1b + 11a,
COC(=O)c1cc2cc(NC(=O)c3cc(NC(=O)c4cc5cc(NC(=O)OC(C)(C)C)ccc5o4)cn3C)ccc2o1,12b(BOC) + 1b + 12a,
CCOC(=O)c1cc2cc(NC(=O)c3cc(NC(=O)c4cc5cc(NC(=O)OC(C)(C)C)ccc5o4)cn3C)ccc2[nH]1,12b(BOC) + 1b + 13a,
COC(=O)c1nc2ccc(NC(=O)c3cc(NC(=O)c4cc5cc(NC(=O)OC(C)(C)C)ccc5o4)cn3C)cc2o1,12b(BOC) + 1b + 14a,
COC(=O)c1nc2cc(NC(=O)c3cc(NC(=O)c4cc5cc(NC(=O)OC(C)(C)C)ccc5o4)cn3C)ccc2[nH]1,12b(BOC) + 1b + 15a,
COC(=O)c1cc(NC(=O)c2ccc(NC(=O)c3cc4cc(NC(=O)OC(C)(C)C)ccc4o3)cc2)cn1C,12b(BOC) + 5b + 1a,
COC(=O)c1ccc(NC(=O)c2ccc(NC(=O)c3cc4cc(NC(=O)OC(C)(C)C)ccc4o3)cc2)cc1,12b(BOC) + 5b + 5a,
COC(=O)c1cccc(NC(=O)c2ccc(NC(=O)c3cc4cc(NC(=O)OC(C)(C)C)ccc4o3)cc2)c1,12b(BOC) + 5b + 6a,
CCOC(=O)c1csc(NC(=O)c2ccc(NC(=O)c3cc4cc(NC(=O)OC(C)(C)C)ccc4o3)cc2)n1,12b(BOC) + 5b + 7a,
COC(=O)c1cc(NC(=O)c2ccc(NC(=O)c3cc4cc(NC(=O)OC(C)(C)C)ccc4o3)cc2)cs1,12b(BOC) + 5b + 8a,
CCOC(=O)c1nc(NC(=O)c2ccc(NC(=O)c3cc4cc(NC(=O)OC(C)(C)C)ccc4o3)cc2)cn1C,12b(BOC) + 5b + 9a,
COC(=O)c1cc2c3c(ccc2[nH]1)N(C(=O)c1ccc(NC(=O)c2cc4cc(NC(=O)OC(C)(C)C)ccc4o2)cc1)CC3,12b(BOC) + 5b + 10a,
COC(=O)c1cc2cc(NC(=O)c3ccc(NC(=O)c4cc5cc(NC(=O)OC(C)(C)C)ccc5o4)cc3)ccc2s1,12b(BOC) + 5b + 11a,
COC(=O)c1cc2cc(NC(=O)c3ccc(NC(=O)c4cc5cc(NC(=O)OC(C)(C)C)ccc5o4)cc3)ccc2o1,12b(BOC) + 5b + 12a,
CCOC(=O)c1cc2cc(NC(=O)c3ccc(NC(=O)c4cc5cc(NC(=O)OC(C)(C)C)ccc5o4)cc3)ccc2[nH]1,12b(BOC) + 5b + 13a,
COC(=O)c1nc2ccc(NC(=O)c3ccc(NC(=O)c4cc5cc(NC(=O)OC(C)(C)C)ccc5o4)cc3)cc2o1,12b(BOC) + 5b + 14a,
COC(=O)c1nc2cc(NC(=O)c3ccc(NC(=O)c4cc5cc(NC(=O)OC(C)(C)C)ccc5o4)cc3)ccc2[nH]1,12b(BOC) + 5b + 15a,
COC(=O)c1cc(NC(=O)c2cccc(NC(=O)c3cc4cc(NC(=O)OC(C)(C)C)ccc4o3)c2)cn1C,12b(BOC) + 6b + 1a,
COC(=O)c1ccc(NC(=O)c2cccc(NC(=O)c3cc4cc(NC(=O)OC(C)(C)C)ccc4o3)c2)cc1,12b(BOC) + 6b + 5a,
COC(=O)c1cccc(NC(=O)c2cccc(NC(=O)c3cc4cc(NC(=O)OC(C)(C)C)ccc4o3)c2)c1,12b(BOC) + 6b + 6a,
CCOC(=O)c1csc(NC(=O)c2cccc(NC(=O)c3cc4cc(NC(=O)OC(C)(C)C)ccc4o3)c2)n1,12b(BOC) + 6b + 7a,
COC(=O)c1cc(NC(=O)c2cccc(NC(=O)c3cc4cc(NC(=O)OC(C)(C)C)ccc4o3)c2)cs1,12b(BOC) + 6b + 8a,
CCOC(=O)c1nc(NC(=O)c2cccc(NC(=O)c3cc4cc(NC(=O)OC(C)(C)C)ccc4o3)c2)cn1C,12b(BOC) + 6b + 9a,
COC(=O)c1cc2c3c(ccc2[nH]1)N(C(=O)c1cccc(NC(=O)c2cc4cc(NC(=O)OC(C)(C)C)ccc4o2)c1)CC3,12b(BOC) + 6b + 10a,
COC(=O)c1cc2cc(NC(=O)c3cccc(NC(=O)c4cc5cc(NC(=O)OC(C)(C)C)ccc5o4)c3)ccc2s1,12b(BOC) + 6b + 11a,
COC(=O)c1cc2cc(NC(=O)c3cccc(NC(=O)c4cc5cc(NC(=O)OC(C)(C)C)ccc5o4)c3)ccc2o1,12b(BOC) + 6b + 12a,
CCOC(=O)c1cc2cc(NC(=O)c3cccc(NC(=O)c4cc5cc(NC(=O)OC(C)(C)C)ccc5o4)c3)ccc2[nH]1,12b(BOC) + 6b + 13a,
COC(=O)c1nc2ccc(NC(=O)c3cccc(NC(=O)c4cc5cc(NC(=O)OC(C)(C)C)ccc5o4)c3)cc2o1,12b(BOC) + 6b + 14a,
COC(=O)c1nc2cc(NC(=O)c3cccc(NC(=O)c4cc5cc(NC(=O)OC(C)(C)C)ccc5o4)c3)ccc2[nH]1,12b(BOC) + 6b + 15a,
COC(=O)c1cc(NC(=O)c2csc(NC(=O)c3cc4cc(NC(=O)OC(C)(C)C)ccc4o3)n2)cn1C,12b(BOC) + 7b + 1a,
COC(=O)c1ccc(NC(=O)c2csc(NC(=O)c3cc4cc(NC(=O)OC(C)(C)C)ccc4o3)n2)cc1,12b(BOC) + 7b + 5a,
COC(=O)c1cccc(NC(=O)c2csc(NC(=O)c3cc4cc(NC(=O)OC(C)(C)C)ccc4o3)n2)c1,12b(BOC) + 7b + 6a,
CCOC(=O)c1csc(NC(=O)c2csc(NC(=O)c3cc4cc(NC(=O)OC(C)(C)C)ccc4o3)n2)n1,12b(BOC) + 7b + 7a,
COC(=O)c1cc(NC(=O)c2csc(NC(=O)c3cc4cc(NC(=O)OC(C)(C)C)ccc4o3)n2)cs1,12b(BOC) + 7b + 8a,
CCOC(=O)c1nc(NC(=O)c2csc(NC(=O)c3cc4cc(NC(=O)OC(C)(C)C)ccc4o3)n2)cn1C,12b(BOC) + 7b + 9a,
COC(=O)c1cc2c3c(ccc2[nH]1)N(C(=O)c1csc(NC(=O)c2cc4cc(NC(=O)OC(C)(C)C)ccc4o2)n1)CC3,12b(BOC) + 7b + 10a,
COC(=O)c1cc2cc(NC(=O)c3csc(NC(=O)c4cc5cc(NC(=O)OC(C)(C)C)ccc5o4)n3)ccc2s1,12b(BOC) + 7b + 11a,
COC(=O)c1cc2cc(NC(=O)c3csc(NC(=O)c4cc5cc(NC(=O)OC(C)(C)C)ccc5o4)n3)ccc2o1,12b(BOC) + 7b + 12a,
CCOC(=O)c1cc2cc(NC(=O)c3csc(NC(=O)c4cc5cc(NC(=O)OC(C)(C)C)ccc5o4)n3)ccc2[nH]1,12b(BOC) + 7b + 13a,
COC(=O)c1nc2ccc(NC(=O)c3csc(NC(=O)c4cc5cc(NC(=O)OC(C)(C)C)ccc5o4)n3)cc2o1,12b(BOC) + 7b + 14a,
COC(=O)c1nc2cc(NC(=O)c3csc(NC(=O)c4cc5cc(NC(=O)OC(C)(C)C)ccc5o4)n3)ccc2[nH]1,12b(BOC) + 7b + 15a,
COC(=O)c1cc(NC(=O)c2cc(NC(=O)c3cc4cc(NC(=O)OC(C)(C)C)ccc4o3)cs2)cn1C,12b(BOC) + 8b + 1a,
COC(=O)c1ccc(NC(=O)c2cc(NC(=O)c3cc4cc(NC(=O)OC(C)(C)C)ccc4o3)cs2)cc1,12b(BOC) + 8b + 5a,
COC(=O)c1cccc(NC(=O)c2cc(NC(=O)c3cc4cc(NC(=O)OC(C)(C)C)ccc4o3)cs2)c1,12b(BOC) + 8b + 6a,
CCOC(=O)c1csc(NC(=O)c2cc(NC(=O)c3cc4cc(NC(=O)OC(C)(C)C)ccc4o3)cs2)n1,12b(BOC) + 8b + 7a,
COC(=O)c1cc(NC(=O)c2cc(NC(=O)c3cc4cc(NC(=O)OC(C)(C)C)ccc4o3)cs2)cs1,12b(BOC) + 8b + 8a,
CCOC(=O)c1nc(NC(=O)c2cc(NC(=O)c3cc4cc(NC(=O)OC(C)(C)C)ccc4o3)cs2)cn1C,12b(BOC) + 8b + 9a,
COC(=O)c1cc2c3c(ccc2[nH]1)N(C(=O)c1cc(NC(=O)c2cc4cc(NC(=O)OC(C)(C)C)ccc4o2)cs1)CC3,12b(BOC) + 8b + 10a,
COC(=O)c1cc2cc(NC(=O)c3cc(NC(=O)c4cc5cc(NC(=O)OC(C)(C)C)ccc5o4)cs3)ccc2s1,12b(BOC) + 8b + 11a,
COC(=O)c1cc2cc(NC(=O)c3cc(NC(=O)c4cc5cc(NC(=O)OC(C)(C)C)ccc5o4)cs3)ccc2o1,12b(BOC) + 8b + 12a,
CCOC(=O)c1cc2cc(NC(=O)c3cc(NC(=O)c4cc5cc(NC(=O)OC(C)(C)C)ccc5o4)cs3)ccc2[nH]1,12b(BOC) + 8b + 13a,
COC(=O)c1nc2ccc(NC(=O)c3cc(NC(=O)c4cc5cc(NC(=O)OC(C)(C)C)ccc5o4)cs3)cc2o1,12b(BOC) + 8b + 14a,
COC(=O)c1nc2cc(NC(=O)c3cc(NC(=O)c4cc5cc(NC(=O)OC(C)(C)C)ccc5o4)cs3)ccc2[nH]1,12b(BOC) + 8b + 15a,
COC(=O)c1cc(NC(=O)c2nc(NC(=O)c3cc4cc(NC(=O)OC(C)(C)C)ccc4o3)cn2C)cn1C,12b(BOC) + 9b + 1a,
COC(=O)c1ccc(NC(=O)c2nc(NC(=O)c3cc4cc(NC(=O)OC(C)(C)C)ccc4o3)cn2C)cc1,12b(BOC) + 9b + 5a,
COC(=O)c1cccc(NC(=O)c2nc(NC(=O)c3cc4cc(NC(=O)OC(C)(C)C)ccc4o3)cn2C)c1,12b(BOC) + 9b + 6a,
CCOC(=O)c1csc(NC(=O)c2nc(NC(=O)c3cc4cc(NC(=O)OC(C)(C)C)ccc4o3)cn2C)n1,12b(BOC) + 9b + 7a,
COC(=O)c1cc(NC(=O)c2nc(NC(=O)c3cc4cc(NC(=O)OC(C)(C)C)ccc4o3)cn2C)cs1,12b(BOC) + 9b + 8a,
CCOC(=O)c1nc(NC(=O)c2nc(NC(=O)c3cc4cc(NC(=O)OC(C)(C)C)ccc4o3)cn2C)cn1C,12b(BOC) + 9b + 9a,
COC(=O)c1cc2c3c(ccc2[nH]1)N(C(=O)c1nc(NC(=O)c2cc4cc(NC(=O)OC(C)(C)C)ccc4o2)cn1C)CC3,12b(BOC) + 9b + 10a,
COC(=O)c1cc2cc(NC(=O)c3nc(NC(=O)c4cc5cc(NC(=O)OC(C)(C)C)ccc5o4)cn3C)ccc2s1,12b(BOC) + 9b + 11a,
COC(=O)c1cc2cc(NC(=O)c3nc(NC(=O)c4cc5cc(NC(=O)OC(C)(C)C)ccc5o4)cn3C)ccc2o1,12b(BOC) + 9b + 12a,
CCOC(=O)c1cc2cc(NC(=O)c3nc(NC(=O)c4cc5cc(NC(=O)OC(C)(C)C)ccc5o4)cn3C)ccc2[nH]1,12b(BOC) + 9b + 13a,
COC(=O)c1nc2ccc(NC(=O)c3nc(NC(=O)c4cc5cc(NC(=O)OC(C)(C)C)ccc5o4)cn3C)cc2o1,12b(BOC) + 9b + 14a,
COC(=O)c1nc2cc(NC(=O)c3nc(NC(=O)c4cc5cc(NC(=O)OC(C)(C)C)ccc5o4)cn3C)ccc2[nH]1,12b(BOC) + 9b + 15a,
COC(=O)c1cc(NC(=O)c2cc3c4c(ccc3[nH]2)N(C(=O)c2cc3cc(NC(=O)OC(C)(C)C)ccc3o2)CC4)cn1C,12b(BOC) + 10b + 1a,
COC(=O)c1ccc(NC(=O)c2cc3c4c(ccc3[nH]2)N(C(=O)c2cc3cc(NC(=O)OC(C)(C)C)ccc3o2)CC4)cc1,12b(BOC) + 10b + 5a,
COC(=O)c1cccc(NC(=O)c2cc3c4c(ccc3[nH]2)N(C(=O)c2cc3cc(NC(=O)OC(C)(C)C)ccc3o2)CC4)c1,12b(BOC) + 10b + 6a,
CCOC(=O)c1csc(NC(=O)c2cc3c4c(ccc3[nH]2)N(C(=O)c2cc3cc(NC(=O)OC(C)(C)C)ccc3o2)CC4)n1,12b(BOC) + 10b + 7a,
COC(=O)c1cc(NC(=O)c2cc3c4c(ccc3[nH]2)N(C(=O)c2cc3cc(NC(=O)OC(C)(C)C)ccc3o2)CC4)cs1,12b(BOC) + 10b + 8a,
CCOC(=O)c1nc(NC(=O)c2cc3c4c(ccc3[nH]2)N(C(=O)c2cc3cc(NC(=O)OC(C)(C)C)ccc3o2)CC4)cn1C,12b(BOC) + 10b + 9a,
COC(=O)c1cc2c3c(ccc2[nH]1)N(C(=O)c1cc2c4c(ccc2[nH]1)N(C(=O)c1cc2cc(NC(=O)OC(C)(C)C)ccc2o1)CC4)CC3,12b(BOC) + 10b + 10a,
COC(=O)c1cc2cc(NC(=O)c3cc4c5c(ccc4[nH]3)N(C(=O)c3cc4cc(NC(=O)OC(C)(C)C)ccc4o3)CC5)ccc2s1,12b(BOC) + 10b + 11a,
COC(=O)c1cc2cc(NC(=O)c3cc4c5c(ccc4[nH]3)N(C(=O)c3cc4cc(NC(=O)OC(C)(C)C)ccc4o3)CC5)ccc2o1,12b(BOC) + 10b + 12a,
CCOC(=O)c1cc2cc(NC(=O)c3cc4c5c(ccc4[nH]3)N(C(=O)c3cc4cc(NC(=O)OC(C)(C)C)ccc4o3)CC5)ccc2[nH]1,12b(BOC) + 10b + 13a,
COC(=O)c1nc2ccc(NC(=O)c3cc4c5c(ccc4[nH]3)N(C(=O)c3cc4cc(NC(=O)OC(C)(C)C)ccc4o3)CC5)cc2o1,12b(BOC) + 10b + 14a,
COC(=O)c1nc2cc(NC(=O)c3cc4c5c(ccc4[nH]3)N(C(=O)c3cc4cc(NC(=O)OC(C)(C)C)ccc4o3)CC5)ccc2[nH]1,12b(BOC) + 10b + 15a,
COC(=O)c1cc(NC(=O)c2cc3cc(NC(=O)c4cc5cc(NC(=O)OC(C)(C)C)ccc5o4)ccc3s2)cn1C,12b(BOC) + 11b + 1a,
COC(=O)c1ccc(NC(=O)c2cc3cc(NC(=O)c4cc5cc(NC(=O)OC(C)(C)C)ccc5o4)ccc3s2)cc1,12b(BOC) + 11b + 5a,
COC(=O)c1cccc(NC(=O)c2cc3cc(NC(=O)c4cc5cc(NC(=O)OC(C)(C)C)ccc5o4)ccc3s2)c1,12b(BOC) + 11b + 6a,
CCOC(=O)c1csc(NC(=O)c2cc3cc(NC(=O)c4cc5cc(NC(=O)OC(C)(C)C)ccc5o4)ccc3s2)n1,12b(BOC) + 11b + 7a,
COC(=O)c1cc(NC(=O)c2cc3cc(NC(=O)c4cc5cc(NC(=O)OC(C)(C)C)ccc5o4)ccc3s2)cs1,12b(BOC) + 11b + 8a,
CCOC(=O)c1nc(NC(=O)c2cc3cc(NC(=O)c4cc5cc(NC(=O)OC(C)(C)C)ccc5o4)ccc3s2)cn1C,12b(BOC) + 11b + 9a,
COC(=O)c1cc2c3c(ccc2[nH]1)N(C(=O)c1cc2cc(NC(=O)c4cc5cc(NC(=O)OC(C)(C)C)ccc5o4)ccc2s1)CC3,12b(BOC) + 11b + 10a,
COC(=O)c1cc2cc(NC(=O)c3cc4cc(NC(=O)c5cc6cc(NC(=O)OC(C)(C)C)ccc6o5)ccc4s3)ccc2s1,12b(BOC) + 11b + 11a,
COC(=O)c1cc2cc(NC(=O)c3cc4cc(NC(=O)c5cc6cc(NC(=O)OC(C)(C)C)ccc6o5)ccc4s3)ccc2o1,12b(BOC) + 11b + 12a,
CCOC(=O)c1cc2cc(NC(=O)c3cc4cc(NC(=O)c5cc6cc(NC(=O)OC(C)(C)C)ccc6o5)ccc4s3)ccc2[nH]1,12b(BOC) + 11b + 13a,
COC(=O)c1nc2ccc(NC(=O)c3cc4cc(NC(=O)c5cc6cc(NC(=O)OC(C)(C)C)ccc6o5)ccc4s3)cc2o1,12b(BOC) + 11b + 14a,
COC(=O)c1nc2cc(NC(=O)c3cc4cc(NC(=O)c5cc6cc(NC(=O)OC(C)(C)C)ccc6o5)ccc4s3)ccc2[nH]1,12b(BOC) + 11b + 15a,
COC(=O)c1cc(NC(=O)c2cc3cc(NC(=O)c4cc5cc(NC(=O)OC(C)(C)C)ccc5o4)ccc3o2)cn1C,12b(BOC) + 12b + 1a,
COC(=O)c1ccc(NC(=O)c2cc3cc(NC(=O)c4cc5cc(NC(=O)OC(C)(C)C)ccc5o4)ccc3o2)cc1,12b(BOC) + 12b + 5a,
COC(=O)c1cccc(NC(=O)c2cc3cc(NC(=O)c4cc5cc(NC(=O)OC(C)(C)C)ccc5o4)ccc3o2)c1,12b(BOC) + 12b + 6a,
CCOC(=O)c1csc(NC(=O)c2cc3cc(NC(=O)c4cc5cc(NC(=O)OC(C)(C)C)ccc5o4)ccc3o2)n1,12b(BOC) + 12b + 7a,
COC(=O)c1cc(NC(=O)c2cc3cc(NC(=O)c4cc5cc(NC(=O)OC(C)(C)C)ccc5o4)ccc3o2)cs1,12b(BOC) + 12b + 8a,
CCOC(=O)c1nc(NC(=O)c2cc3cc(NC(=O)c4cc5cc(NC(=O)OC(C)(C)C)ccc5o4)ccc3o2)cn1C,12b(BOC) + 12b + 9a,
COC(=O)c1cc2c3c(ccc2[nH]1)N(C(=O)c1cc2cc(NC(=O)c4cc5cc(NC(=O)OC(C)(C)C)ccc5o4)ccc2o1)CC3,12b(BOC) + 12b + 10a,
COC(=O)c1cc2cc(NC(=O)c3cc4cc(NC(=O)c5cc6cc(NC(=O)OC(C)(C)C)ccc6o5)ccc4o3)ccc2s1,12b(BOC) + 12b + 11a,
COC(=O)c1cc2cc(NC(=O)c3cc4cc(NC(=O)c5cc6cc(NC(=O)OC(C)(C)C)ccc6o5)ccc4o3)ccc2o1,12b(BOC) + 12b + 12a,
CCOC(=O)c1cc2cc(NC(=O)c3cc4cc(NC(=O)c5cc6cc(NC(=O)OC(C)(C)C)ccc6o5)ccc4o3)ccc2[nH]1,12b(BOC) + 12b + 13a,
COC(=O)c1nc2ccc(NC(=O)c3cc4cc(NC(=O)c5cc6cc(NC(=O)OC(C)(C)C)ccc6o5)ccc4o3)cc2o1,12b(BOC) + 12b + 14a,
COC(=O)c1nc2cc(NC(=O)c3cc4cc(NC(=O)c5cc6cc(NC(=O)OC(C)(C)C)ccc6o5)ccc4o3)ccc2[nH]1,12b(BOC) + 12b + 15a,
COC(=O)c1cc(NC(=O)c2cc3cc(NC(=O)c4cc5cc(NC(=O)OC(C)(C)C)ccc5o4)ccc3[nH]2)cn1C,12b(BOC) + 13b + 1a,
COC(=O)c1ccc(NC(=O)c2cc3cc(NC(=O)c4cc5cc(NC(=O)OC(C)(C)C)ccc5o4)ccc3[nH]2)cc1,12b(BOC) + 13b + 5a,
COC(=O)c1cccc(NC(=O)c2cc3cc(NC(=O)c4cc5cc(NC(=O)OC(C)(C)C)ccc5o4)ccc3[nH]2)c1,12b(BOC) + 13b + 6a,
CCOC(=O)c1csc(NC(=O)c2cc3cc(NC(=O)c4cc5cc(NC(=O)OC(C)(C)C)ccc5o4)ccc3[nH]2)n1,12b(BOC) + 13b + 7a,
COC(=O)c1cc(NC(=O)c2cc3cc(NC(=O)c4cc5cc(NC(=O)OC(C)(C)C)ccc5o4)ccc3[nH]2)cs1,12b(BOC) + 13b + 8a,
CCOC(=O)c1nc(NC(=O)c2cc3cc(NC(=O)c4cc5cc(NC(=O)OC(C)(C)C)ccc5o4)ccc3[nH]2)cn1C,12b(BOC) + 13b + 9a,
COC(=O)c1cc2c3c(ccc2[nH]1)N(C(=O)c1cc2cc(NC(=O)c4cc5cc(NC(=O)OC(C)(C)C)ccc5o4)ccc2[nH]1)CC3,12b(BOC) + 13b + 10a,
COC(=O)c1cc2cc(NC(=O)c3cc4cc(NC(=O)c5cc6cc(NC(=O)OC(C)(C)C)ccc6o5)ccc4[nH]3)ccc2s1,12b(BOC) + 13b + 11a,
COC(=O)c1cc2cc(NC(=O)c3cc4cc(NC(=O)c5cc6cc(NC(=O)OC(C)(C)C)ccc6o5)ccc4[nH]3)ccc2o1,12b(BOC) + 13b + 12a,
CCOC(=O)c1cc2cc(NC(=O)c3cc4cc(NC(=O)c5cc6cc(NC(=O)OC(C)(C)C)ccc6o5)ccc4[nH]3)ccc2[nH]1,12b(BOC) + 13b + 13a,
COC(=O)c1nc2ccc(NC(=O)c3cc4cc(NC(=O)c5cc6cc(NC(=O)OC(C)(C)C)ccc6o5)ccc4[nH]3)cc2o1,12b(BOC) + 13b + 14a,
COC(=O)c1nc2cc(NC(=O)c3cc4cc(NC(=O)c5cc6cc(NC(=O)OC(C)(C)C)ccc6o5)ccc4[nH]3)ccc2[nH]1,12b(BOC) + 13b + 15a,
COC(=O)c1cc(NC(=O)c2nc3ccc(NC(=O)c4cc5cc(NC(=O)OC(C)(C)C)ccc5o4)cc3o2)cn1C,12b(BOC) + 14b + 1a,
COC(=O)c1ccc(NC(=O)c2nc3ccc(NC(=O)c4cc5cc(NC(=O)OC(C)(C)C)ccc5o4)cc3o2)cc1,12b(BOC) + 14b + 5a,
COC(=O)c1cccc(NC(=O)c2nc3ccc(NC(=O)c4cc5cc(NC(=O)OC(C)(C)C)ccc5o4)cc3o2)c1,12b(BOC) + 14b + 6a,
CCOC(=O)c1csc(NC(=O)c2nc3ccc(NC(=O)c4cc5cc(NC(=O)OC(C)(C)C)ccc5o4)cc3o2)n1,12b(BOC) + 14b + 7a,
COC(=O)c1cc(NC(=O)c2nc3ccc(NC(=O)c4cc5cc(NC(=O)OC(C)(C)C)ccc5o4)cc3o2)cs1,12b(BOC) + 14b + 8a,
CCOC(=O)c1nc(NC(=O)c2nc3ccc(NC(=O)c4cc5cc(NC(=O)OC(C)(C)C)ccc5o4)cc3o2)cn1C,12b(BOC) + 14b + 9a,
COC(=O)c1cc2c3c(ccc2[nH]1)N(C(=O)c1nc2ccc(NC(=O)c4cc5cc(NC(=O)OC(C)(C)C)ccc5o4)cc2o1)CC3,12b(BOC) + 14b + 10a,
COC(=O)c1cc2cc(NC(=O)c3nc4ccc(NC(=O)c5cc6cc(NC(=O)OC(C)(C)C)ccc6o5)cc4o3)ccc2s1,12b(BOC) + 14b + 11a,
COC(=O)c1cc2cc(NC(=O)c3nc4ccc(NC(=O)c5cc6cc(NC(=O)OC(C)(C)C)ccc6o5)cc4o3)ccc2o1,12b(BOC) + 14b + 12a,
CCOC(=O)c1cc2cc(NC(=O)c3nc4ccc(NC(=O)c5cc6cc(NC(=O)OC(C)(C)C)ccc6o5)cc4o3)ccc2[nH]1,12b(BOC) + 14b + 13a,
COC(=O)c1nc2ccc(NC(=O)c3nc4ccc(NC(=O)c5cc6cc(NC(=O)OC(C)(C)C)ccc6o5)cc4o3)cc2o1,12b(BOC) + 14b + 14a,
COC(=O)c1nc2cc(NC(=O)c3nc4ccc(NC(=O)c5cc6cc(NC(=O)OC(C)(C)C)ccc6o5)cc4o3)ccc2[nH]1,12b(BOC) + 14b + 15a,
COC(=O)c1cc(NC(=O)c2cc(NC(=O)c3cc4cc(NC(=O)CCCN(C)C)ccc4o3)cn2C)cn1C,12b(DMABA) + 1b + 1a,
COC(=O)c1ccc(NC(=O)c2cc(NC(=O)c3cc4cc(NC(=O)CCCN(C)C)ccc4o3)cn2C)cc1,12b(DMABA) + 1b + 5a,
COC(=O)c1cccc(NC(=O)c2cc(NC(=O)c3cc4cc(NC(=O)CCCN(C)C)ccc4o3)cn2C)c1,12b(DMABA) + 1b + 6a,
CCOC(=O)c1csc(NC(=O)c2cc(NC(=O)c3cc4cc(NC(=O)CCCN(C)C)ccc4o3)cn2C)n1,12b(DMABA) + 1b + 7a,
COC(=O)c1cc(NC(=O)c2cc(NC(=O)c3cc4cc(NC(=O)CCCN(C)C)ccc4o3)cn2C)cs1,12b(DMABA) + 1b + 8a,
CCOC(=O)c1nc(NC(=O)c2cc(NC(=O)c3cc4cc(NC(=O)CCCN(C)C)ccc4o3)cn2C)cn1C,12b(DMABA) + 1b + 9a,
COC(=O)c1cc2c3c(ccc2[nH]1)N(C(=O)c1cc(NC(=O)c2cc4cc(NC(=O)CCCN(C)C)ccc4o2)cn1C)CC3,12b(DMABA) + 1b + 10a,
COC(=O)c1cc2cc(NC(=O)c3cc(NC(=O)c4cc5cc(NC(=O)CCCN(C)C)ccc5o4)cn3C)ccc2s1,12b(DMABA) + 1b + 11a,
COC(=O)c1cc2cc(NC(=O)c3cc(NC(=O)c4cc5cc(NC(=O)CCCN(C)C)ccc5o4)cn3C)ccc2o1,12b(DMABA) + 1b + 12a,
CCOC(=O)c1cc2cc(NC(=O)c3cc(NC(=O)c4cc5cc(NC(=O)CCCN(C)C)ccc5o4)cn3C)ccc2[nH]1,12b(DMABA) + 1b + 13a,
COC(=O)c1nc2ccc(NC(=O)c3cc(NC(=O)c4cc5cc(NC(=O)CCCN(C)C)ccc5o4)cn3C)cc2o1,12b(DMABA) + 1b + 14a,
COC(=O)c1nc2cc(NC(=O)c3cc(NC(=O)c4cc5cc(NC(=O)CCCN(C)C)ccc5o4)cn3C)ccc2[nH]1,12b(DMABA) + 1b + 15a,
COC(=O)c1cc(NC(=O)c2ccc(NC(=O)c3cc4cc(NC(=O)CCCN(C)C)ccc4o3)cc2)cn1C,12b(DMABA) + 5b + 1a,
COC(=O)c1ccc(NC(=O)c2ccc(NC(=O)c3cc4cc(NC(=O)CCCN(C)C)ccc4o3)cc2)cc1,12b(DMABA) + 5b + 5a,
COC(=O)c1cccc(NC(=O)c2ccc(NC(=O)c3cc4cc(NC(=O)CCCN(C)C)ccc4o3)cc2)c1,12b(DMABA) + 5b + 6a,
CCOC(=O)c1csc(NC(=O)c2ccc(NC(=O)c3cc4cc(NC(=O)CCCN(C)C)ccc4o3)cc2)n1,12b(DMABA) + 5b + 7a,
COC(=O)c1cc(NC(=O)c2ccc(NC(=O)c3cc4cc(NC(=O)CCCN(C)C)ccc4o3)cc2)cs1,12b(DMABA) + 5b + 8a,
CCOC(=O)c1nc(NC(=O)c2ccc(NC(=O)c3cc4cc(NC(=O)CCCN(C)C)ccc4o3)cc2)cn1C,12b(DMABA) + 5b + 9a,
COC(=O)c1cc2c3c(ccc2[nH]1)N(C(=O)c1ccc(NC(=O)c2cc4cc(NC(=O)CCCN(C)C)ccc4o2)cc1)CC3,12b(DMABA) + 5b + 10a,
COC(=O)c1cc2cc(NC(=O)c3ccc(NC(=O)c4cc5cc(NC(=O)CCCN(C)C)ccc5o4)cc3)ccc2s1,12b(DMABA) + 5b + 11a,
COC(=O)c1cc2cc(NC(=O)c3ccc(NC(=O)c4cc5cc(NC(=O)CCCN(C)C)ccc5o4)cc3)ccc2o1,12b(DMABA) + 5b + 12a,
CCOC(=O)c1cc2cc(NC(=O)c3ccc(NC(=O)c4cc5cc(NC(=O)CCCN(C)C)ccc5o4)cc3)ccc2[nH]1,12b(DMABA) + 5b + 13a,
COC(=O)c1nc2ccc(NC(=O)c3ccc(NC(=O)c4cc5cc(NC(=O)CCCN(C)C)ccc5o4)cc3)cc2o1,12b(DMABA) + 5b + 14a,
COC(=O)c1nc2cc(NC(=O)c3ccc(NC(=O)c4cc5cc(NC(=O)CCCN(C)C)ccc5o4)cc3)ccc2[nH]1,12b(DMABA) + 5b + 15a,
COC(=O)c1cc(NC(=O)c2cccc(NC(=O)c3cc4cc(NC(=O)CCCN(C)C)ccc4o3)c2)cn1C,12b(DMABA) + 6b + 1a,
COC(=O)c1ccc(NC(=O)c2cccc(NC(=O)c3cc4cc(NC(=O)CCCN(C)C)ccc4o3)c2)cc1,12b(DMABA) + 6b + 5a,
COC(=O)c1cccc(NC(=O)c2cccc(NC(=O)c3cc4cc(NC(=O)CCCN(C)C)ccc4o3)c2)c1,12b(DMABA) + 6b + 6a,
CCOC(=O)c1csc(NC(=O)c2cccc(NC(=O)c3cc4cc(NC(=O)CCCN(C)C)ccc4o3)c2)n1,12b(DMABA) + 6b + 7a,
COC(=O)c1cc(NC(=O)c2cccc(NC(=O)c3cc4cc(NC(=O)CCCN(C)C)ccc4o3)c2)cs1,12b(DMABA) + 6b + 8a,
CCOC(=O)c1nc(NC(=O)c2cccc(NC(=O)c3cc4cc(NC(=O)CCCN(C)C)ccc4o3)c2)cn1C,12b(DMABA) + 6b + 9a,
COC(=O)c1cc2c3c(ccc2[nH]1)N(C(=O)c1cccc(NC(=O)c2cc4cc(NC(=O)CCCN(C)C)ccc4o2)c1)CC3,12b(DMABA) + 6b + 10a,
COC(=O)c1cc2cc(NC(=O)c3cccc(NC(=O)c4cc5cc(NC(=O)CCCN(C)C)ccc5o4)c3)ccc2s1,12b(DMABA) + 6b + 11a,
COC(=O)c1cc2cc(NC(=O)c3cccc(NC(=O)c4cc5cc(NC(=O)CCCN(C)C)ccc5o4)c3)ccc2o1,12b(DMABA) + 6b + 12a,
CCOC(=O)c1cc2cc(NC(=O)c3cccc(NC(=O)c4cc5cc(NC(=O)CCCN(C)C)ccc5o4)c3)ccc2[nH]1,12b(DMABA) + 6b + 13a,
COC(=O)c1nc2ccc(NC(=O)c3cccc(NC(=O)c4cc5cc(NC(=O)CCCN(C)C)ccc5o4)c3)cc2o1,12b(DMABA) + 6b + 14a,
COC(=O)c1nc2cc(NC(=O)c3cccc(NC(=O)c4cc5cc(NC(=O)CCCN(C)C)ccc5o4)c3)ccc2[nH]1,12b(DMABA) + 6b + 15a,
COC(=O)c1cc(NC(=O)c2csc(NC(=O)c3cc4cc(NC(=O)CCCN(C)C)ccc4o3)n2)cn1C,12b(DMABA) + 7b + 1a,
COC(=O)c1ccc(NC(=O)c2csc(NC(=O)c3cc4cc(NC(=O)CCCN(C)C)ccc4o3)n2)cc1,12b(DMABA) + 7b + 5a,
COC(=O)c1cccc(NC(=O)c2csc(NC(=O)c3cc4cc(NC(=O)CCCN(C)C)ccc4o3)n2)c1,12b(DMABA) + 7b + 6a,
CCOC(=O)c1csc(NC(=O)c2csc(NC(=O)c3cc4cc(NC(=O)CCCN(C)C)ccc4o3)n2)n1,12b(DMABA) + 7b + 7a,
COC(=O)c1cc(NC(=O)c2csc(NC(=O)c3cc4cc(NC(=O)CCCN(C)C)ccc4o3)n2)cs1,12b(DMABA) + 7b + 8a,
CCOC(=O)c1nc(NC(=O)c2csc(NC(=O)c3cc4cc(NC(=O)CCCN(C)C)ccc4o3)n2)cn1C,12b(DMABA) + 7b + 9a,
COC(=O)c1cc2c3c(ccc2[nH]1)N(C(=O)c1csc(NC(=O)c2cc4cc(NC(=O)CCCN(C)C)ccc4o2)n1)CC3,12b(DMABA) + 7b + 10a,
COC(=O)c1cc2cc(NC(=O)c3csc(NC(=O)c4cc5cc(NC(=O)CCCN(C)C)ccc5o4)n3)ccc2s1,12b(DMABA) + 7b + 11a,
COC(=O)c1cc2cc(NC(=O)c3csc(NC(=O)c4cc5cc(NC(=O)CCCN(C)C)ccc5o4)n3)ccc2o1,12b(DMABA) + 7b + 12a,
CCOC(=O)c1cc2cc(NC(=O)c3csc(NC(=O)c4cc5cc(NC(=O)CCCN(C)C)ccc5o4)n3)ccc2[nH]1,12b(DMABA) + 7b + 13a,
COC(=O)c1nc2ccc(NC(=O)c3csc(NC(=O)c4cc5cc(NC(=O)CCCN(C)C)ccc5o4)n3)cc2o1,12b(DMABA) + 7b + 14a,
COC(=O)c1nc2cc(NC(=O)c3csc(NC(=O)c4cc5cc(NC(=O)CCCN(C)C)ccc5o4)n3)ccc2[nH]1,12b(DMABA) + 7b + 15a,
COC(=O)c1cc(NC(=O)c2cc(NC(=O)c3cc4cc(NC(=O)CCCN(C)C)ccc4o3)cs2)cn1C,12b(DMABA) + 8b + 1a,
COC(=O)c1ccc(NC(=O)c2cc(NC(=O)c3cc4cc(NC(=O)CCCN(C)C)ccc4o3)cs2)cc1,12b(DMABA) + 8b + 5a,
COC(=O)c1cccc(NC(=O)c2cc(NC(=O)c3cc4cc(NC(=O)CCCN(C)C)ccc4o3)cs2)c1,12b(DMABA) + 8b + 6a,
CCOC(=O)c1csc(NC(=O)c2cc(NC(=O)c3cc4cc(NC(=O)CCCN(C)C)ccc4o3)cs2)n1,12b(DMABA) + 8b + 7a,
COC(=O)c1cc(NC(=O)c2cc(NC(=O)c3cc4cc(NC(=O)CCCN(C)C)ccc4o3)cs2)cs1,12b(DMABA) + 8b + 8a,
CCOC(=O)c1nc(NC(=O)c2cc(NC(=O)c3cc4cc(NC(=O)CCCN(C)C)ccc4o3)cs2)cn1C,12b(DMABA) + 8b + 9a,
COC(=O)c1cc2c3c(ccc2[nH]1)N(C(=O)c1cc(NC(=O)c2cc4cc(NC(=O)CCCN(C)C)ccc4o2)cs1)CC3,12b(DMABA) + 8b + 10a,
COC(=O)c1cc2cc(NC(=O)c3cc(NC(=O)c4cc5cc(NC(=O)CCCN(C)C)ccc5o4)cs3)ccc2s1,12b(DMABA) + 8b + 11a,
COC(=O)c1cc2cc(NC(=O)c3cc(NC(=O)c4cc5cc(NC(=O)CCCN(C)C)ccc5o4)cs3)ccc2o1,12b(DMABA) + 8b + 12a,
CCOC(=O)c1cc2cc(NC(=O)c3cc(NC(=O)c4cc5cc(NC(=O)CCCN(C)C)ccc5o4)cs3)ccc2[nH]1,12b(DMABA) + 8b + 13a,
COC(=O)c1nc2ccc(NC(=O)c3cc(NC(=O)c4cc5cc(NC(=O)CCCN(C)C)ccc5o4)cs3)cc2o1,12b(DMABA) + 8b + 14a,
COC(=O)c1nc2cc(NC(=O)c3cc(NC(=O)c4cc5cc(NC(=O)CCCN(C)C)ccc5o4)cs3)ccc2[nH]1,12b(DMABA) + 8b + 15a,
COC(=O)c1cc(NC(=O)c2nc(NC(=O)c3cc4cc(NC(=O)CCCN(C)C)ccc4o3)cn2C)cn1C,12b(DMABA) + 9b + 1a,
COC(=O)c1ccc(NC(=O)c2nc(NC(=O)c3cc4cc(NC(=O)CCCN(C)C)ccc4o3)cn2C)cc1,12b(DMABA) + 9b + 5a,
COC(=O)c1cccc(NC(=O)c2nc(NC(=O)c3cc4cc(NC(=O)CCCN(C)C)ccc4o3)cn2C)c1,12b(DMABA) + 9b + 6a,
CCOC(=O)c1csc(NC(=O)c2nc(NC(=O)c3cc4cc(NC(=O)CCCN(C)C)ccc4o3)cn2C)n1,12b(DMABA) + 9b + 7a,
COC(=O)c1cc(NC(=O)c2nc(NC(=O)c3cc4cc(NC(=O)CCCN(C)C)ccc4o3)cn2C)cs1,12b(DMABA) + 9b + 8a,
CCOC(=O)c1nc(NC(=O)c2nc(NC(=O)c3cc4cc(NC(=O)CCCN(C)C)ccc4o3)cn2C)cn1C,12b(DMABA) + 9b + 9a,
COC(=O)c1cc2c3c(ccc2[nH]1)N(C(=O)c1nc(NC(=O)c2cc4cc(NC(=O)CCCN(C)C)ccc4o2)cn1C)CC3,12b(DMABA) + 9b + 10a,
COC(=O)c1cc2cc(NC(=O)c3nc(NC(=O)c4cc5cc(NC(=O)CCCN(C)C)ccc5o4)cn3C)ccc2s1,12b(DMABA) + 9b + 11a,
COC(=O)c1cc2cc(NC(=O)c3nc(NC(=O)c4cc5cc(NC(=O)CCCN(C)C)ccc5o4)cn3C)ccc2o1,12b(DMABA) + 9b + 12a,
CCOC(=O)c1cc2cc(NC(=O)c3nc(NC(=O)c4cc5cc(NC(=O)CCCN(C)C)ccc5o4)cn3C)ccc2[nH]1,12b(DMABA) + 9b + 13a,
COC(=O)c1nc2ccc(NC(=O)c3nc(NC(=O)c4cc5cc(NC(=O)CCCN(C)C)ccc5o4)cn3C)cc2o1,12b(DMABA) + 9b + 14a,
COC(=O)c1nc2cc(NC(=O)c3nc(NC(=O)c4cc5cc(NC(=O)CCCN(C)C)ccc5o4)cn3C)ccc2[nH]1,12b(DMABA) + 9b + 15a,
COC(=O)c1cc(NC(=O)c2cc3c4c(ccc3[nH]2)N(C(=O)c2cc3cc(NC(=O)CCCN(C)C)ccc3o2)CC4)cn1C,12b(DMABA) + 10b + 1a,
COC(=O)c1ccc(NC(=O)c2cc3c4c(ccc3[nH]2)N(C(=O)c2cc3cc(NC(=O)CCCN(C)C)ccc3o2)CC4)cc1,12b(DMABA) + 10b + 5a,
COC(=O)c1cccc(NC(=O)c2cc3c4c(ccc3[nH]2)N(C(=O)c2cc3cc(NC(=O)CCCN(C)C)ccc3o2)CC4)c1,12b(DMABA) + 10b + 6a,
CCOC(=O)c1csc(NC(=O)c2cc3c4c(ccc3[nH]2)N(C(=O)c2cc3cc(NC(=O)CCCN(C)C)ccc3o2)CC4)n1,12b(DMABA) + 10b + 7a,
COC(=O)c1cc(NC(=O)c2cc3c4c(ccc3[nH]2)N(C(=O)c2cc3cc(NC(=O)CCCN(C)C)ccc3o2)CC4)cs1,12b(DMABA) + 10b + 8a,
CCOC(=O)c1nc(NC(=O)c2cc3c4c(ccc3[nH]2)N(C(=O)c2cc3cc(NC(=O)CCCN(C)C)ccc3o2)CC4)cn1C,12b(DMABA) + 10b + 9a,
COC(=O)c1cc2c3c(ccc2[nH]1)N(C(=O)c1cc2c4c(ccc2[nH]1)N(C(=O)c1cc2cc(NC(=O)CCCN(C)C)ccc2o1)CC4)CC3,12b(DMABA) + 10b + 10a,
COC(=O)c1cc2cc(NC(=O)c3cc4c5c(ccc4[nH]3)N(C(=O)c3cc4cc(NC(=O)CCCN(C)C)ccc4o3)CC5)ccc2s1,12b(DMABA) + 10b + 11a,
COC(=O)c1cc2cc(NC(=O)c3cc4c5c(ccc4[nH]3)N(C(=O)c3cc4cc(NC(=O)CCCN(C)C)ccc4o3)CC5)ccc2o1,12b(DMABA) + 10b + 12a,
CCOC(=O)c1cc2cc(NC(=O)c3cc4c5c(ccc4[nH]3)N(C(=O)c3cc4cc(NC(=O)CCCN(C)C)ccc4o3)CC5)ccc2[nH]1,12b(DMABA) + 10b + 13a,
COC(=O)c1nc2ccc(NC(=O)c3cc4c5c(ccc4[nH]3)N(C(=O)c3cc4cc(NC(=O)CCCN(C)C)ccc4o3)CC5)cc2o1,12b(DMABA) + 10b + 14a,
COC(=O)c1nc2cc(NC(=O)c3cc4c5c(ccc4[nH]3)N(C(=O)c3cc4cc(NC(=O)CCCN(C)C)ccc4o3)CC5)ccc2[nH]1,12b(DMABA) + 10b + 15a,
COC(=O)c1cc(NC(=O)c2cc3cc(NC(=O)c4cc5cc(NC(=O)CCCN(C)C)ccc5o4)ccc3s2)cn1C,12b(DMABA) + 11b + 1a,
COC(=O)c1ccc(NC(=O)c2cc3cc(NC(=O)c4cc5cc(NC(=O)CCCN(C)C)ccc5o4)ccc3s2)cc1,12b(DMABA) + 11b + 5a,
COC(=O)c1cccc(NC(=O)c2cc3cc(NC(=O)c4cc5cc(NC(=O)CCCN(C)C)ccc5o4)ccc3s2)c1,12b(DMABA) + 11b + 6a,
CCOC(=O)c1csc(NC(=O)c2cc3cc(NC(=O)c4cc5cc(NC(=O)CCCN(C)C)ccc5o4)ccc3s2)n1,12b(DMABA) + 11b + 7a,
COC(=O)c1cc(NC(=O)c2cc3cc(NC(=O)c4cc5cc(NC(=O)CCCN(C)C)ccc5o4)ccc3s2)cs1,12b(DMABA) + 11b + 8a,
CCOC(=O)c1nc(NC(=O)c2cc3cc(NC(=O)c4cc5cc(NC(=O)CCCN(C)C)ccc5o4)ccc3s2)cn1C,12b(DMABA) + 11b + 9a,
COC(=O)c1cc2c3c(ccc2[nH]1)N(C(=O)c1cc2cc(NC(=O)c4cc5cc(NC(=O)CCCN(C)C)ccc5o4)ccc2s1)CC3,12b(DMABA) + 11b + 10a,
COC(=O)c1cc2cc(NC(=O)c3cc4cc(NC(=O)c5cc6cc(NC(=O)CCCN(C)C)ccc6o5)ccc4s3)ccc2s1,12b(DMABA) + 11b + 11a,
COC(=O)c1cc2cc(NC(=O)c3cc4cc(NC(=O)c5cc6cc(NC(=O)CCCN(C)C)ccc6o5)ccc4s3)ccc2o1,12b(DMABA) + 11b + 12a,
CCOC(=O)c1cc2cc(NC(=O)c3cc4cc(NC(=O)c5cc6cc(NC(=O)CCCN(C)C)ccc6o5)ccc4s3)ccc2[nH]1,12b(DMABA) + 11b + 13a,
COC(=O)c1nc2ccc(NC(=O)c3cc4cc(NC(=O)c5cc6cc(NC(=O)CCCN(C)C)ccc6o5)ccc4s3)cc2o1,12b(DMABA) + 11b + 14a,
COC(=O)c1nc2cc(NC(=O)c3cc4cc(NC(=O)c5cc6cc(NC(=O)CCCN(C)C)ccc6o5)ccc4s3)ccc2[nH]1,12b(DMABA) + 11b + 15a,
COC(=O)c1cc(NC(=O)c2cc3cc(NC(=O)c4cc5cc(NC(=O)CCCN(C)C)ccc5o4)ccc3o2)cn1C,12b(DMABA) + 12b + 1a,
COC(=O)c1ccc(NC(=O)c2cc3cc(NC(=O)c4cc5cc(NC(=O)CCCN(C)C)ccc5o4)ccc3o2)cc1,12b(DMABA) + 12b + 5a,
COC(=O)c1cccc(NC(=O)c2cc3cc(NC(=O)c4cc5cc(NC(=O)CCCN(C)C)ccc5o4)ccc3o2)c1,12b(DMABA) + 12b + 6a,
CCOC(=O)c1csc(NC(=O)c2cc3cc(NC(=O)c4cc5cc(NC(=O)CCCN(C)C)ccc5o4)ccc3o2)n1,12b(DMABA) + 12b + 7a,
COC(=O)c1cc(NC(=O)c2cc3cc(NC(=O)c4cc5cc(NC(=O)CCCN(C)C)ccc5o4)ccc3o2)cs1,12b(DMABA) + 12b + 8a,
CCOC(=O)c1nc(NC(=O)c2cc3cc(NC(=O)c4cc5cc(NC(=O)CCCN(C)C)ccc5o4)ccc3o2)cn1C,12b(DMABA) + 12b + 9a,
COC(=O)c1cc2c3c(ccc2[nH]1)N(C(=O)c1cc2cc(NC(=O)c4cc5cc(NC(=O)CCCN(C)C)ccc5o4)ccc2o1)CC3,12b(DMABA) + 12b + 10a,
COC(=O)c1cc2cc(NC(=O)c3cc4cc(NC(=O)c5cc6cc(NC(=O)CCCN(C)C)ccc6o5)ccc4o3)ccc2s1,12b(DMABA) + 12b + 11a,
COC(=O)c1cc2cc(NC(=O)c3cc4cc(NC(=O)c5cc6cc(NC(=O)CCCN(C)C)ccc6o5)ccc4o3)ccc2o1,12b(DMABA) + 12b + 12a,
CCOC(=O)c1cc2cc(NC(=O)c3cc4cc(NC(=O)c5cc6cc(NC(=O)CCCN(C)C)ccc6o5)ccc4o3)ccc2[nH]1,12b(DMABA) + 12b + 13a,
COC(=O)c1nc2ccc(NC(=O)c3cc4cc(NC(=O)c5cc6cc(NC(=O)CCCN(C)C)ccc6o5)ccc4o3)cc2o1,12b(DMABA) + 12b + 14a,
COC(=O)c1nc2cc(NC(=O)c3cc4cc(NC(=O)c5cc6cc(NC(=O)CCCN(C)C)ccc6o5)ccc4o3)ccc2[nH]1,12b(DMABA) + 12b + 15a,
COC(=O)c1cc(NC(=O)c2cc3cc(NC(=O)c4cc5cc(NC(=O)CCCN(C)C)ccc5o4)ccc3[nH]2)cn1C,12b(DMABA) + 13b + 1a,
COC(=O)c1ccc(NC(=O)c2cc3cc(NC(=O)c4cc5cc(NC(=O)CCCN(C)C)ccc5o4)ccc3[nH]2)cc1,12b(DMABA) + 13b + 5a,
COC(=O)c1cccc(NC(=O)c2cc3cc(NC(=O)c4cc5cc(NC(=O)CCCN(C)C)ccc5o4)ccc3[nH]2)c1,12b(DMABA) + 13b + 6a,
CCOC(=O)c1csc(NC(=O)c2cc3cc(NC(=O)c4cc5cc(NC(=O)CCCN(C)C)ccc5o4)ccc3[nH]2)n1,12b(DMABA) + 13b + 7a,
COC(=O)c1cc(NC(=O)c2cc3cc(NC(=O)c4cc5cc(NC(=O)CCCN(C)C)ccc5o4)ccc3[nH]2)cs1,12b(DMABA) + 13b + 8a,
CCOC(=O)c1nc(NC(=O)c2cc3cc(NC(=O)c4cc5cc(NC(=O)CCCN(C)C)ccc5o4)ccc3[nH]2)cn1C,12b(DMABA) + 13b + 9a,
COC(=O)c1cc2c3c(ccc2[nH]1)N(C(=O)c1cc2cc(NC(=O)c4cc5cc(NC(=O)CCCN(C)C)ccc5o4)ccc2[nH]1)CC3,12b(DMABA) + 13b + 10a,
COC(=O)c1cc2cc(NC(=O)c3cc4cc(NC(=O)c5cc6cc(NC(=O)CCCN(C)C)ccc6o5)ccc4[nH]3)ccc2s1,12b(DMABA) + 13b + 11a,
COC(=O)c1cc2cc(NC(=O)c3cc4cc(NC(=O)c5cc6cc(NC(=O)CCCN(C)C)ccc6o5)ccc4[nH]3)ccc2o1,12b(DMABA) + 13b + 12a,
CCOC(=O)c1cc2cc(NC(=O)c3cc4cc(NC(=O)c5cc6cc(NC(=O)CCCN(C)C)ccc6o5)ccc4[nH]3)ccc2[nH]1,12b(DMABA) + 13b + 13a,
COC(=O)c1nc2ccc(NC(=O)c3cc4cc(NC(=O)c5cc6cc(NC(=O)CCCN(C)C)ccc6o5)ccc4[nH]3)cc2o1,12b(DMABA) + 13b + 14a,
COC(=O)c1nc2cc(NC(=O)c3cc4cc(NC(=O)c5cc6cc(NC(=O)CCCN(C)C)ccc6o5)ccc4[nH]3)ccc2[nH]1,12b(DMABA) + 13b + 15a,
COC(=O)c1cc(NC(=O)c2nc3ccc(NC(=O)c4cc5cc(NC(=O)CCCN(C)C)ccc5o4)cc3o2)cn1C,12b(DMABA) + 14b + 1a,
COC(=O)c1ccc(NC(=O)c2nc3ccc(NC(=O)c4cc5cc(NC(=O)CCCN(C)C)ccc5o4)cc3o2)cc1,12b(DMABA) + 14b + 5a,
COC(=O)c1cccc(NC(=O)c2nc3ccc(NC(=O)c4cc5cc(NC(=O)CCCN(C)C)ccc5o4)cc3o2)c1,12b(DMABA) + 14b + 6a,
CCOC(=O)c1csc(NC(=O)c2nc3ccc(NC(=O)c4cc5cc(NC(=O)CCCN(C)C)ccc5o4)cc3o2)n1,12b(DMABA) + 14b + 7a,
COC(=O)c1cc(NC(=O)c2nc3ccc(NC(=O)c4cc5cc(NC(=O)CCCN(C)C)ccc5o4)cc3o2)cs1,12b(DMABA) + 14b + 8a,
CCOC(=O)c1nc(NC(=O)c2nc3ccc(NC(=O)c4cc5cc(NC(=O)CCCN(C)C)ccc5o4)cc3o2)cn1C,12b(DMABA) + 14b + 9a,
COC(=O)c1cc2c3c(ccc2[nH]1)N(C(=O)c1nc2ccc(NC(=O)c4cc5cc(NC(=O)CCCN(C)C)ccc5o4)cc2o1)CC3,12b(DMABA) + 14b + 10a,
COC(=O)c1cc2cc(NC(=O)c3nc4ccc(NC(=O)c5cc6cc(NC(=O)CCCN(C)C)ccc6o5)cc4o3)ccc2s1,12b(DMABA) + 14b + 11a,
COC(=O)c1cc2cc(NC(=O)c3nc4ccc(NC(=O)c5cc6cc(NC(=O)CCCN(C)C)ccc6o5)cc4o3)ccc2o1,12b(DMABA) + 14b + 12a,
CCOC(=O)c1cc2cc(NC(=O)c3nc4ccc(NC(=O)c5cc6cc(NC(=O)CCCN(C)C)ccc6o5)cc4o3)ccc2[nH]1,12b(DMABA) + 14b + 13a,
COC(=O)c1nc2ccc(NC(=O)c3nc4ccc(NC(=O)c5cc6cc(NC(=O)CCCN(C)C)ccc6o5)cc4o3)cc2o1,12b(DMABA) + 14b + 14a,
COC(=O)c1nc2cc(NC(=O)c3nc4ccc(NC(=O)c5cc6cc(NC(=O)CCCN(C)C)ccc6o5)cc4o3)ccc2[nH]1,12b(DMABA) + 14b + 15a,
COC(=O)c1cc(NC(=O)c2cc(NC(=O)c3cc4cc(NC(=O)OC(C)(C)C)ccc4[nH]3)cn2C)cn1C,13b(BOC) + 1b + 1a,
COC(=O)c1ccc(NC(=O)c2cc(NC(=O)c3cc4cc(NC(=O)OC(C)(C)C)ccc4[nH]3)cn2C)cc1,13b(BOC) + 1b + 5a,
COC(=O)c1cccc(NC(=O)c2cc(NC(=O)c3cc4cc(NC(=O)OC(C)(C)C)ccc4[nH]3)cn2C)c1,13b(BOC) + 1b + 6a,
CCOC(=O)c1csc(NC(=O)c2cc(NC(=O)c3cc4cc(NC(=O)OC(C)(C)C)ccc4[nH]3)cn2C)n1,13b(BOC) + 1b + 7a,
COC(=O)c1cc(NC(=O)c2cc(NC(=O)c3cc4cc(NC(=O)OC(C)(C)C)ccc4[nH]3)cn2C)cs1,13b(BOC) + 1b + 8a,
CCOC(=O)c1nc(NC(=O)c2cc(NC(=O)c3cc4cc(NC(=O)OC(C)(C)C)ccc4[nH]3)cn2C)cn1C,13b(BOC) + 1b + 9a,
COC(=O)c1cc2c3c(ccc2[nH]1)N(C(=O)c1cc(NC(=O)c2cc4cc(NC(=O)OC(C)(C)C)ccc4[nH]2)cn1C)CC3,13b(BOC) + 1b + 10a,
COC(=O)c1cc2cc(NC(=O)c3cc(NC(=O)c4cc5cc(NC(=O)OC(C)(C)C)ccc5[nH]4)cn3C)ccc2s1,13b(BOC) + 1b + 11a,
COC(=O)c1cc2cc(NC(=O)c3cc(NC(=O)c4cc5cc(NC(=O)OC(C)(C)C)ccc5[nH]4)cn3C)ccc2o1,13b(BOC) + 1b + 12a,
CCOC(=O)c1cc2cc(NC(=O)c3cc(NC(=O)c4cc5cc(NC(=O)OC(C)(C)C)ccc5[nH]4)cn3C)ccc2[nH]1,13b(BOC) + 1b + 13a,
COC(=O)c1nc2ccc(NC(=O)c3cc(NC(=O)c4cc5cc(NC(=O)OC(C)(C)C)ccc5[nH]4)cn3C)cc2o1,13b(BOC) + 1b + 14a,
COC(=O)c1nc2cc(NC(=O)c3cc(NC(=O)c4cc5cc(NC(=O)OC(C)(C)C)ccc5[nH]4)cn3C)ccc2[nH]1,13b(BOC) + 1b + 15a,
COC(=O)c1cc(NC(=O)c2ccc(NC(=O)c3cc4cc(NC(=O)OC(C)(C)C)ccc4[nH]3)cc2)cn1C,13b(BOC) + 5b + 1a,
COC(=O)c1ccc(NC(=O)c2ccc(NC(=O)c3cc4cc(NC(=O)OC(C)(C)C)ccc4[nH]3)cc2)cc1,13b(BOC) + 5b + 5a,
COC(=O)c1cccc(NC(=O)c2ccc(NC(=O)c3cc4cc(NC(=O)OC(C)(C)C)ccc4[nH]3)cc2)c1,13b(BOC) + 5b + 6a,
CCOC(=O)c1csc(NC(=O)c2ccc(NC(=O)c3cc4cc(NC(=O)OC(C)(C)C)ccc4[nH]3)cc2)n1,13b(BOC) + 5b + 7a,
COC(=O)c1cc(NC(=O)c2ccc(NC(=O)c3cc4cc(NC(=O)OC(C)(C)C)ccc4[nH]3)cc2)cs1,13b(BOC) + 5b + 8a,
CCOC(=O)c1nc(NC(=O)c2ccc(NC(=O)c3cc4cc(NC(=O)OC(C)(C)C)ccc4[nH]3)cc2)cn1C,13b(BOC) + 5b + 9a,
COC(=O)c1cc2c3c(ccc2[nH]1)N(C(=O)c1ccc(NC(=O)c2cc4cc(NC(=O)OC(C)(C)C)ccc4[nH]2)cc1)CC3,13b(BOC) + 5b + 10a,
COC(=O)c1cc2cc(NC(=O)c3ccc(NC(=O)c4cc5cc(NC(=O)OC(C)(C)C)ccc5[nH]4)cc3)ccc2s1,13b(BOC) + 5b + 11a,
COC(=O)c1cc2cc(NC(=O)c3ccc(NC(=O)c4cc5cc(NC(=O)OC(C)(C)C)ccc5[nH]4)cc3)ccc2o1,13b(BOC) + 5b + 12a,
CCOC(=O)c1cc2cc(NC(=O)c3ccc(NC(=O)c4cc5cc(NC(=O)OC(C)(C)C)ccc5[nH]4)cc3)ccc2[nH]1,13b(BOC) + 5b + 13a,
COC(=O)c1nc2ccc(NC(=O)c3ccc(NC(=O)c4cc5cc(NC(=O)OC(C)(C)C)ccc5[nH]4)cc3)cc2o1,13b(BOC) + 5b + 14a,
COC(=O)c1nc2cc(NC(=O)c3ccc(NC(=O)c4cc5cc(NC(=O)OC(C)(C)C)ccc5[nH]4)cc3)ccc2[nH]1,13b(BOC) + 5b + 15a,
COC(=O)c1cc(NC(=O)c2cccc(NC(=O)c3cc4cc(NC(=O)OC(C)(C)C)ccc4[nH]3)c2)cn1C,13b(BOC) + 6b + 1a,
COC(=O)c1ccc(NC(=O)c2cccc(NC(=O)c3cc4cc(NC(=O)OC(C)(C)C)ccc4[nH]3)c2)cc1,13b(BOC) + 6b + 5a,
COC(=O)c1cccc(NC(=O)c2cccc(NC(=O)c3cc4cc(NC(=O)OC(C)(C)C)ccc4[nH]3)c2)c1,13b(BOC) + 6b + 6a,
CCOC(=O)c1csc(NC(=O)c2cccc(NC(=O)c3cc4cc(NC(=O)OC(C)(C)C)ccc4[nH]3)c2)n1,13b(BOC) + 6b + 7a,
COC(=O)c1cc(NC(=O)c2cccc(NC(=O)c3cc4cc(NC(=O)OC(C)(C)C)ccc4[nH]3)c2)cs1,13b(BOC) + 6b + 8a,
CCOC(=O)c1nc(NC(=O)c2cccc(NC(=O)c3cc4cc(NC(=O)OC(C)(C)C)ccc4[nH]3)c2)cn1C,13b(BOC) + 6b + 9a,
COC(=O)c1cc2c3c(ccc2[nH]1)N(C(=O)c1cccc(NC(=O)c2cc4cc(NC(=O)OC(C)(C)C)ccc4[nH]2)c1)CC3,13b(BOC) + 6b + 10a,
COC(=O)c1cc2cc(NC(=O)c3cccc(NC(=O)c4cc5cc(NC(=O)OC(C)(C)C)ccc5[nH]4)c3)ccc2s1,13b(BOC) + 6b + 11a,
COC(=O)c1cc2cc(NC(=O)c3cccc(NC(=O)c4cc5cc(NC(=O)OC(C)(C)C)ccc5[nH]4)c3)ccc2o1,13b(BOC) + 6b + 12a,
CCOC(=O)c1cc2cc(NC(=O)c3cccc(NC(=O)c4cc5cc(NC(=O)OC(C)(C)C)ccc5[nH]4)c3)ccc2[nH]1,13b(BOC) + 6b + 13a,
COC(=O)c1nc2ccc(NC(=O)c3cccc(NC(=O)c4cc5cc(NC(=O)OC(C)(C)C)ccc5[nH]4)c3)cc2o1,13b(BOC) + 6b + 14a,
COC(=O)c1nc2cc(NC(=O)c3cccc(NC(=O)c4cc5cc(NC(=O)OC(C)(C)C)ccc5[nH]4)c3)ccc2[nH]1,13b(BOC) + 6b + 15a,
COC(=O)c1cc(NC(=O)c2csc(NC(=O)c3cc4cc(NC(=O)OC(C)(C)C)ccc4[nH]3)n2)cn1C,13b(BOC) + 7b + 1a,
COC(=O)c1ccc(NC(=O)c2csc(NC(=O)c3cc4cc(NC(=O)OC(C)(C)C)ccc4[nH]3)n2)cc1,13b(BOC) + 7b + 5a,
COC(=O)c1cccc(NC(=O)c2csc(NC(=O)c3cc4cc(NC(=O)OC(C)(C)C)ccc4[nH]3)n2)c1,13b(BOC) + 7b + 6a,
CCOC(=O)c1csc(NC(=O)c2csc(NC(=O)c3cc4cc(NC(=O)OC(C)(C)C)ccc4[nH]3)n2)n1,13b(BOC) + 7b + 7a,
COC(=O)c1cc(NC(=O)c2csc(NC(=O)c3cc4cc(NC(=O)OC(C)(C)C)ccc4[nH]3)n2)cs1,13b(BOC) + 7b + 8a,
CCOC(=O)c1nc(NC(=O)c2csc(NC(=O)c3cc4cc(NC(=O)OC(C)(C)C)ccc4[nH]3)n2)cn1C,13b(BOC) + 7b + 9a,
COC(=O)c1cc2c3c(ccc2[nH]1)N(C(=O)c1csc(NC(=O)c2cc4cc(NC(=O)OC(C)(C)C)ccc4[nH]2)n1)CC3,13b(BOC) + 7b + 10a,
COC(=O)c1cc2cc(NC(=O)c3csc(NC(=O)c4cc5cc(NC(=O)OC(C)(C)C)ccc5[nH]4)n3)ccc2s1,13b(BOC) + 7b + 11a,
COC(=O)c1cc2cc(NC(=O)c3csc(NC(=O)c4cc5cc(NC(=O)OC(C)(C)C)ccc5[nH]4)n3)ccc2o1,13b(BOC) + 7b + 12a,
CCOC(=O)c1cc2cc(NC(=O)c3csc(NC(=O)c4cc5cc(NC(=O)OC(C)(C)C)ccc5[nH]4)n3)ccc2[nH]1,13b(BOC) + 7b + 13a,
COC(=O)c1nc2ccc(NC(=O)c3csc(NC(=O)c4cc5cc(NC(=O)OC(C)(C)C)ccc5[nH]4)n3)cc2o1,13b(BOC) + 7b + 14a,
COC(=O)c1nc2cc(NC(=O)c3csc(NC(=O)c4cc5cc(NC(=O)OC(C)(C)C)ccc5[nH]4)n3)ccc2[nH]1,13b(BOC) + 7b + 15a,
COC(=O)c1cc(NC(=O)c2cc(NC(=O)c3cc4cc(NC(=O)OC(C)(C)C)ccc4[nH]3)cs2)cn1C,13b(BOC) + 8b + 1a,
COC(=O)c1ccc(NC(=O)c2cc(NC(=O)c3cc4cc(NC(=O)OC(C)(C)C)ccc4[nH]3)cs2)cc1,13b(BOC) + 8b + 5a,
COC(=O)c1cccc(NC(=O)c2cc(NC(=O)c3cc4cc(NC(=O)OC(C)(C)C)ccc4[nH]3)cs2)c1,13b(BOC) + 8b + 6a,
CCOC(=O)c1csc(NC(=O)c2cc(NC(=O)c3cc4cc(NC(=O)OC(C)(C)C)ccc4[nH]3)cs2)n1,13b(BOC) + 8b + 7a,
COC(=O)c1cc(NC(=O)c2cc(NC(=O)c3cc4cc(NC(=O)OC(C)(C)C)ccc4[nH]3)cs2)cs1,13b(BOC) + 8b + 8a,
CCOC(=O)c1nc(NC(=O)c2cc(NC(=O)c3cc4cc(NC(=O)OC(C)(C)C)ccc4[nH]3)cs2)cn1C,13b(BOC) + 8b + 9a,
COC(=O)c1cc2c3c(ccc2[nH]1)N(C(=O)c1cc(NC(=O)c2cc4cc(NC(=O)OC(C)(C)C)ccc4[nH]2)cs1)CC3,13b(BOC) + 8b + 10a,
COC(=O)c1cc2cc(NC(=O)c3cc(NC(=O)c4cc5cc(NC(=O)OC(C)(C)C)ccc5[nH]4)cs3)ccc2s1,13b(BOC) + 8b + 11a,
COC(=O)c1cc2cc(NC(=O)c3cc(NC(=O)c4cc5cc(NC(=O)OC(C)(C)C)ccc5[nH]4)cs3)ccc2o1,13b(BOC) + 8b + 12a,
CCOC(=O)c1cc2cc(NC(=O)c3cc(NC(=O)c4cc5cc(NC(=O)OC(C)(C)C)ccc5[nH]4)cs3)ccc2[nH]1,13b(BOC) + 8b + 13a,
COC(=O)c1nc2ccc(NC(=O)c3cc(NC(=O)c4cc5cc(NC(=O)OC(C)(C)C)ccc5[nH]4)cs3)cc2o1,13b(BOC) + 8b + 14a,
COC(=O)c1nc2cc(NC(=O)c3cc(NC(=O)c4cc5cc(NC(=O)OC(C)(C)C)ccc5[nH]4)cs3)ccc2[nH]1,13b(BOC) + 8b + 15a,
COC(=O)c1cc(NC(=O)c2nc(NC(=O)c3cc4cc(NC(=O)OC(C)(C)C)ccc4[nH]3)cn2C)cn1C,13b(BOC) + 9b + 1a,
COC(=O)c1ccc(NC(=O)c2nc(NC(=O)c3cc4cc(NC(=O)OC(C)(C)C)ccc4[nH]3)cn2C)cc1,13b(BOC) + 9b + 5a,
COC(=O)c1cccc(NC(=O)c2nc(NC(=O)c3cc4cc(NC(=O)OC(C)(C)C)ccc4[nH]3)cn2C)c1,13b(BOC) + 9b + 6a,
CCOC(=O)c1csc(NC(=O)c2nc(NC(=O)c3cc4cc(NC(=O)OC(C)(C)C)ccc4[nH]3)cn2C)n1,13b(BOC) + 9b + 7a,
COC(=O)c1cc(NC(=O)c2nc(NC(=O)c3cc4cc(NC(=O)OC(C)(C)C)ccc4[nH]3)cn2C)cs1,13b(BOC) + 9b + 8a,
CCOC(=O)c1nc(NC(=O)c2nc(NC(=O)c3cc4cc(NC(=O)OC(C)(C)C)ccc4[nH]3)cn2C)cn1C,13b(BOC) + 9b + 9a,
COC(=O)c1cc2c3c(ccc2[nH]1)N(C(=O)c1nc(NC(=O)c2cc4cc(NC(=O)OC(C)(C)C)ccc4[nH]2)cn1C)CC3,13b(BOC) + 9b + 10a,
COC(=O)c1cc2cc(NC(=O)c3nc(NC(=O)c4cc5cc(NC(=O)OC(C)(C)C)ccc5[nH]4)cn3C)ccc2s1,13b(BOC) + 9b + 11a,
COC(=O)c1cc2cc(NC(=O)c3nc(NC(=O)c4cc5cc(NC(=O)OC(C)(C)C)ccc5[nH]4)cn3C)ccc2o1,13b(BOC) + 9b + 12a,
CCOC(=O)c1cc2cc(NC(=O)c3nc(NC(=O)c4cc5cc(NC(=O)OC(C)(C)C)ccc5[nH]4)cn3C)ccc2[nH]1,13b(BOC) + 9b + 13a,
COC(=O)c1nc2ccc(NC(=O)c3nc(NC(=O)c4cc5cc(NC(=O)OC(C)(C)C)ccc5[nH]4)cn3C)cc2o1,13b(BOC) + 9b + 14a,
COC(=O)c1nc2cc(NC(=O)c3nc(NC(=O)c4cc5cc(NC(=O)OC(C)(C)C)ccc5[nH]4)cn3C)ccc2[nH]1,13b(BOC) + 9b + 15a,
COC(=O)c1cc(NC(=O)c2cc3c4c(ccc3[nH]2)N(C(=O)c2cc3cc(NC(=O)OC(C)(C)C)ccc3[nH]2)CC4)cn1C,13b(BOC) + 10b + 1a,
COC(=O)c1ccc(NC(=O)c2cc3c4c(ccc3[nH]2)N(C(=O)c2cc3cc(NC(=O)OC(C)(C)C)ccc3[nH]2)CC4)cc1,13b(BOC) + 10b + 5a,
COC(=O)c1cccc(NC(=O)c2cc3c4c(ccc3[nH]2)N(C(=O)c2cc3cc(NC(=O)OC(C)(C)C)ccc3[nH]2)CC4)c1,13b(BOC) + 10b + 6a,
CCOC(=O)c1csc(NC(=O)c2cc3c4c(ccc3[nH]2)N(C(=O)c2cc3cc(NC(=O)OC(C)(C)C)ccc3[nH]2)CC4)n1,13b(BOC) + 10b + 7a,
COC(=O)c1cc(NC(=O)c2cc3c4c(ccc3[nH]2)N(C(=O)c2cc3cc(NC(=O)OC(C)(C)C)ccc3[nH]2)CC4)cs1,13b(BOC) + 10b + 8a,
CCOC(=O)c1nc(NC(=O)c2cc3c4c(ccc3[nH]2)N(C(=O)c2cc3cc(NC(=O)OC(C)(C)C)ccc3[nH]2)CC4)cn1C,13b(BOC) + 10b + 9a,
COC(=O)c1cc2c3c(ccc2[nH]1)N(C(=O)c1cc2c4c(ccc2[nH]1)N(C(=O)c1cc2cc(NC(=O)OC(C)(C)C)ccc2[nH]1)CC4)CC3,13b(BOC) + 10b + 10a,
COC(=O)c1cc2cc(NC(=O)c3cc4c5c(ccc4[nH]3)N(C(=O)c3cc4cc(NC(=O)OC(C)(C)C)ccc4[nH]3)CC5)ccc2s1,13b(BOC) + 10b + 11a,
COC(=O)c1cc2cc(NC(=O)c3cc4c5c(ccc4[nH]3)N(C(=O)c3cc4cc(NC(=O)OC(C)(C)C)ccc4[nH]3)CC5)ccc2o1,13b(BOC) + 10b + 12a,
CCOC(=O)c1cc2cc(NC(=O)c3cc4c5c(ccc4[nH]3)N(C(=O)c3cc4cc(NC(=O)OC(C)(C)C)ccc4[nH]3)CC5)ccc2[nH]1,13b(BOC) + 10b + 13a,
COC(=O)c1nc2ccc(NC(=O)c3cc4c5c(ccc4[nH]3)N(C(=O)c3cc4cc(NC(=O)OC(C)(C)C)ccc4[nH]3)CC5)cc2o1,13b(BOC) + 10b + 14a,
COC(=O)c1nc2cc(NC(=O)c3cc4c5c(ccc4[nH]3)N(C(=O)c3cc4cc(NC(=O)OC(C)(C)C)ccc4[nH]3)CC5)ccc2[nH]1,13b(BOC) + 10b + 15a,
COC(=O)c1cc(NC(=O)c2cc3cc(NC(=O)c4cc5cc(NC(=O)OC(C)(C)C)ccc5[nH]4)ccc3s2)cn1C,13b(BOC) + 11b + 1a,
COC(=O)c1ccc(NC(=O)c2cc3cc(NC(=O)c4cc5cc(NC(=O)OC(C)(C)C)ccc5[nH]4)ccc3s2)cc1,13b(BOC) + 11b + 5a,
COC(=O)c1cccc(NC(=O)c2cc3cc(NC(=O)c4cc5cc(NC(=O)OC(C)(C)C)ccc5[nH]4)ccc3s2)c1,13b(BOC) + 11b + 6a,
CCOC(=O)c1csc(NC(=O)c2cc3cc(NC(=O)c4cc5cc(NC(=O)OC(C)(C)C)ccc5[nH]4)ccc3s2)n1,13b(BOC) + 11b + 7a,
COC(=O)c1cc(NC(=O)c2cc3cc(NC(=O)c4cc5cc(NC(=O)OC(C)(C)C)ccc5[nH]4)ccc3s2)cs1,13b(BOC) + 11b + 8a,
CCOC(=O)c1nc(NC(=O)c2cc3cc(NC(=O)c4cc5cc(NC(=O)OC(C)(C)C)ccc5[nH]4)ccc3s2)cn1C,13b(BOC) + 11b + 9a,
COC(=O)c1cc2c3c(ccc2[nH]1)N(C(=O)c1cc2cc(NC(=O)c4cc5cc(NC(=O)OC(C)(C)C)ccc5[nH]4)ccc2s1)CC3,13b(BOC) + 11b + 10a,
COC(=O)c1cc2cc(NC(=O)c3cc4cc(NC(=O)c5cc6cc(NC(=O)OC(C)(C)C)ccc6[nH]5)ccc4s3)ccc2s1,13b(BOC) + 11b + 11a,
COC(=O)c1cc2cc(NC(=O)c3cc4cc(NC(=O)c5cc6cc(NC(=O)OC(C)(C)C)ccc6[nH]5)ccc4s3)ccc2o1,13b(BOC) + 11b + 12a,
CCOC(=O)c1cc2cc(NC(=O)c3cc4cc(NC(=O)c5cc6cc(NC(=O)OC(C)(C)C)ccc6[nH]5)ccc4s3)ccc2[nH]1,13b(BOC) + 11b + 13a,
COC(=O)c1nc2ccc(NC(=O)c3cc4cc(NC(=O)c5cc6cc(NC(=O)OC(C)(C)C)ccc6[nH]5)ccc4s3)cc2o1,13b(BOC) + 11b + 14a,
COC(=O)c1nc2cc(NC(=O)c3cc4cc(NC(=O)c5cc6cc(NC(=O)OC(C)(C)C)ccc6[nH]5)ccc4s3)ccc2[nH]1,13b(BOC) + 11b + 15a,
COC(=O)c1cc(NC(=O)c2cc3cc(NC(=O)c4cc5cc(NC(=O)OC(C)(C)C)ccc5[nH]4)ccc3o2)cn1C,13b(BOC) + 12b + 1a,
COC(=O)c1ccc(NC(=O)c2cc3cc(NC(=O)c4cc5cc(NC(=O)OC(C)(C)C)ccc5[nH]4)ccc3o2)cc1,13b(BOC) + 12b + 5a,
COC(=O)c1cccc(NC(=O)c2cc3cc(NC(=O)c4cc5cc(NC(=O)OC(C)(C)C)ccc5[nH]4)ccc3o2)c1,13b(BOC) + 12b + 6a,
CCOC(=O)c1csc(NC(=O)c2cc3cc(NC(=O)c4cc5cc(NC(=O)OC(C)(C)C)ccc5[nH]4)ccc3o2)n1,13b(BOC) + 12b + 7a,
COC(=O)c1cc(NC(=O)c2cc3cc(NC(=O)c4cc5cc(NC(=O)OC(C)(C)C)ccc5[nH]4)ccc3o2)cs1,13b(BOC) + 12b + 8a,
CCOC(=O)c1nc(NC(=O)c2cc3cc(NC(=O)c4cc5cc(NC(=O)OC(C)(C)C)ccc5[nH]4)ccc3o2)cn1C,13b(BOC) + 12b + 9a,
COC(=O)c1cc2c3c(ccc2[nH]1)N(C(=O)c1cc2cc(NC(=O)c4cc5cc(NC(=O)OC(C)(C)C)ccc5[nH]4)ccc2o1)CC3,13b(BOC) + 12b + 10a,
COC(=O)c1cc2cc(NC(=O)c3cc4cc(NC(=O)c5cc6cc(NC(=O)OC(C)(C)C)ccc6[nH]5)ccc4o3)ccc2s1,13b(BOC) + 12b + 11a,
COC(=O)c1cc2cc(NC(=O)c3cc4cc(NC(=O)c5cc6cc(NC(=O)OC(C)(C)C)ccc6[nH]5)ccc4o3)ccc2o1,13b(BOC) + 12b + 12a,
CCOC(=O)c1cc2cc(NC(=O)c3cc4cc(NC(=O)c5cc6cc(NC(=O)OC(C)(C)C)ccc6[nH]5)ccc4o3)ccc2[nH]1,13b(BOC) + 12b + 13a,
COC(=O)c1nc2ccc(NC(=O)c3cc4cc(NC(=O)c5cc6cc(NC(=O)OC(C)(C)C)ccc6[nH]5)ccc4o3)cc2o1,13b(BOC) + 12b + 14a,
COC(=O)c1nc2cc(NC(=O)c3cc4cc(NC(=O)c5cc6cc(NC(=O)OC(C)(C)C)ccc6[nH]5)ccc4o3)ccc2[nH]1,13b(BOC) + 12b + 15a,
COC(=O)c1cc(NC(=O)c2cc3cc(NC(=O)c4cc5cc(NC(=O)OC(C)(C)C)ccc5[nH]4)ccc3[nH]2)cn1C,13b(BOC) + 13b + 1a,
COC(=O)c1ccc(NC(=O)c2cc3cc(NC(=O)c4cc5cc(NC(=O)OC(C)(C)C)ccc5[nH]4)ccc3[nH]2)cc1,13b(BOC) + 13b + 5a,
COC(=O)c1cccc(NC(=O)c2cc3cc(NC(=O)c4cc5cc(NC(=O)OC(C)(C)C)ccc5[nH]4)ccc3[nH]2)c1,13b(BOC) + 13b + 6a,
CCOC(=O)c1csc(NC(=O)c2cc3cc(NC(=O)c4cc5cc(NC(=O)OC(C)(C)C)ccc5[nH]4)ccc3[nH]2)n1,13b(BOC) + 13b + 7a,
COC(=O)c1cc(NC(=O)c2cc3cc(NC(=O)c4cc5cc(NC(=O)OC(C)(C)C)ccc5[nH]4)ccc3[nH]2)cs1,13b(BOC) + 13b + 8a,
CCOC(=O)c1nc(NC(=O)c2cc3cc(NC(=O)c4cc5cc(NC(=O)OC(C)(C)C)ccc5[nH]4)ccc3[nH]2)cn1C,13b(BOC) + 13b + 9a,
COC(=O)c1cc2c3c(ccc2[nH]1)N(C(=O)c1cc2cc(NC(=O)c4cc5cc(NC(=O)OC(C)(C)C)ccc5[nH]4)ccc2[nH]1)CC3,13b(BOC) + 13b + 10a,
COC(=O)c1cc2cc(NC(=O)c3cc4cc(NC(=O)c5cc6cc(NC(=O)OC(C)(C)C)ccc6[nH]5)ccc4[nH]3)ccc2s1,13b(BOC) + 13b + 11a,
COC(=O)c1cc2cc(NC(=O)c3cc4cc(NC(=O)c5cc6cc(NC(=O)OC(C)(C)C)ccc6[nH]5)ccc4[nH]3)ccc2o1,13b(BOC) + 13b + 12a,
CCOC(=O)c1cc2cc(NC(=O)c3cc4cc(NC(=O)c5cc6cc(NC(=O)OC(C)(C)C)ccc6[nH]5)ccc4[nH]3)ccc2[nH]1,13b(BOC) + 13b + 13a,
COC(=O)c1nc2ccc(NC(=O)c3cc4cc(NC(=O)c5cc6cc(NC(=O)OC(C)(C)C)ccc6[nH]5)ccc4[nH]3)cc2o1,13b(BOC) + 13b + 14a,
COC(=O)c1nc2cc(NC(=O)c3cc4cc(NC(=O)c5cc6cc(NC(=O)OC(C)(C)C)ccc6[nH]5)ccc4[nH]3)ccc2[nH]1,13b(BOC) + 13b + 15a,
COC(=O)c1cc(NC(=O)c2nc3ccc(NC(=O)c4cc5cc(NC(=O)OC(C)(C)C)ccc5[nH]4)cc3o2)cn1C,13b(BOC) + 14b + 1a,
COC(=O)c1ccc(NC(=O)c2nc3ccc(NC(=O)c4cc5cc(NC(=O)OC(C)(C)C)ccc5[nH]4)cc3o2)cc1,13b(BOC) + 14b + 5a,
COC(=O)c1cccc(NC(=O)c2nc3ccc(NC(=O)c4cc5cc(NC(=O)OC(C)(C)C)ccc5[nH]4)cc3o2)c1,13b(BOC) + 14b + 6a,
CCOC(=O)c1csc(NC(=O)c2nc3ccc(NC(=O)c4cc5cc(NC(=O)OC(C)(C)C)ccc5[nH]4)cc3o2)n1,13b(BOC) + 14b + 7a,
COC(=O)c1cc(NC(=O)c2nc3ccc(NC(=O)c4cc5cc(NC(=O)OC(C)(C)C)ccc5[nH]4)cc3o2)cs1,13b(BOC) + 14b + 8a,
CCOC(=O)c1nc(NC(=O)c2nc3ccc(NC(=O)c4cc5cc(NC(=O)OC(C)(C)C)ccc5[nH]4)cc3o2)cn1C,13b(BOC) + 14b + 9a,
COC(=O)c1cc2c3c(ccc2[nH]1)N(C(=O)c1nc2ccc(NC(=O)c4cc5cc(NC(=O)OC(C)(C)C)ccc5[nH]4)cc2o1)CC3,13b(BOC) + 14b + 10a,
COC(=O)c1cc2cc(NC(=O)c3nc4ccc(NC(=O)c5cc6cc(NC(=O)OC(C)(C)C)ccc6[nH]5)cc4o3)ccc2s1,13b(BOC) + 14b + 11a,
COC(=O)c1cc2cc(NC(=O)c3nc4ccc(NC(=O)c5cc6cc(NC(=O)OC(C)(C)C)ccc6[nH]5)cc4o3)ccc2o1,13b(BOC) + 14b + 12a,
CCOC(=O)c1cc2cc(NC(=O)c3nc4ccc(NC(=O)c5cc6cc(NC(=O)OC(C)(C)C)ccc6[nH]5)cc4o3)ccc2[nH]1,13b(BOC) + 14b + 13a,
COC(=O)c1nc2ccc(NC(=O)c3nc4ccc(NC(=O)c5cc6cc(NC(=O)OC(C)(C)C)ccc6[nH]5)cc4o3)cc2o1,13b(BOC) + 14b + 14a,
COC(=O)c1nc2cc(NC(=O)c3nc4ccc(NC(=O)c5cc6cc(NC(=O)OC(C)(C)C)ccc6[nH]5)cc4o3)ccc2[nH]1,13b(BOC) + 14b + 15a,
COC(=O)c1cc(NC(=O)c2cc(NC(=O)c3cc4cc(NC(=O)CCCN(C)C)ccc4[nH]3)cn2C)cn1C,13b(DMABA) + 1b + 1a,
COC(=O)c1ccc(NC(=O)c2cc(NC(=O)c3cc4cc(NC(=O)CCCN(C)C)ccc4[nH]3)cn2C)cc1,13b(DMABA) + 1b + 5a,
COC(=O)c1cccc(NC(=O)c2cc(NC(=O)c3cc4cc(NC(=O)CCCN(C)C)ccc4[nH]3)cn2C)c1,13b(DMABA) + 1b + 6a,
CCOC(=O)c1csc(NC(=O)c2cc(NC(=O)c3cc4cc(NC(=O)CCCN(C)C)ccc4[nH]3)cn2C)n1,13b(DMABA) + 1b + 7a,
COC(=O)c1cc(NC(=O)c2cc(NC(=O)c3cc4cc(NC(=O)CCCN(C)C)ccc4[nH]3)cn2C)cs1,13b(DMABA) + 1b + 8a,
CCOC(=O)c1nc(NC(=O)c2cc(NC(=O)c3cc4cc(NC(=O)CCCN(C)C)ccc4[nH]3)cn2C)cn1C,13b(DMABA) + 1b + 9a,
COC(=O)c1cc2c3c(ccc2[nH]1)N(C(=O)c1cc(NC(=O)c2cc4cc(NC(=O)CCCN(C)C)ccc4[nH]2)cn1C)CC3,13b(DMABA) + 1b + 10a,
COC(=O)c1cc2cc(NC(=O)c3cc(NC(=O)c4cc5cc(NC(=O)CCCN(C)C)ccc5[nH]4)cn3C)ccc2s1,13b(DMABA) + 1b + 11a,
COC(=O)c1cc2cc(NC(=O)c3cc(NC(=O)c4cc5cc(NC(=O)CCCN(C)C)ccc5[nH]4)cn3C)ccc2o1,13b(DMABA) + 1b + 12a,
CCOC(=O)c1cc2cc(NC(=O)c3cc(NC(=O)c4cc5cc(NC(=O)CCCN(C)C)ccc5[nH]4)cn3C)ccc2[nH]1,13b(DMABA) + 1b + 13a,
COC(=O)c1nc2ccc(NC(=O)c3cc(NC(=O)c4cc5cc(NC(=O)CCCN(C)C)ccc5[nH]4)cn3C)cc2o1,13b(DMABA) + 1b + 14a,
COC(=O)c1nc2cc(NC(=O)c3cc(NC(=O)c4cc5cc(NC(=O)CCCN(C)C)ccc5[nH]4)cn3C)ccc2[nH]1,13b(DMABA) + 1b + 15a,
COC(=O)c1cc(NC(=O)c2ccc(NC(=O)c3cc4cc(NC(=O)CCCN(C)C)ccc4[nH]3)cc2)cn1C,13b(DMABA) + 5b + 1a,
COC(=O)c1ccc(NC(=O)c2ccc(NC(=O)c3cc4cc(NC(=O)CCCN(C)C)ccc4[nH]3)cc2)cc1,13b(DMABA) + 5b + 5a,
COC(=O)c1cccc(NC(=O)c2ccc(NC(=O)c3cc4cc(NC(=O)CCCN(C)C)ccc4[nH]3)cc2)c1,13b(DMABA) + 5b + 6a,
CCOC(=O)c1csc(NC(=O)c2ccc(NC(=O)c3cc4cc(NC(=O)CCCN(C)C)ccc4[nH]3)cc2)n1,13b(DMABA) + 5b + 7a,
COC(=O)c1cc(NC(=O)c2ccc(NC(=O)c3cc4cc(NC(=O)CCCN(C)C)ccc4[nH]3)cc2)cs1,13b(DMABA) + 5b + 8a,
CCOC(=O)c1nc(NC(=O)c2ccc(NC(=O)c3cc4cc(NC(=O)CCCN(C)C)ccc4[nH]3)cc2)cn1C,13b(DMABA) + 5b + 9a,
COC(=O)c1cc2c3c(ccc2[nH]1)N(C(=O)c1ccc(NC(=O)c2cc4cc(NC(=O)CCCN(C)C)ccc4[nH]2)cc1)CC3,13b(DMABA) + 5b + 10a,
COC(=O)c1cc2cc(NC(=O)c3ccc(NC(=O)c4cc5cc(NC(=O)CCCN(C)C)ccc5[nH]4)cc3)ccc2s1,13b(DMABA) + 5b + 11a,
COC(=O)c1cc2cc(NC(=O)c3ccc(NC(=O)c4cc5cc(NC(=O)CCCN(C)C)ccc5[nH]4)cc3)ccc2o1,13b(DMABA) + 5b + 12a,
CCOC(=O)c1cc2cc(NC(=O)c3ccc(NC(=O)c4cc5cc(NC(=O)CCCN(C)C)ccc5[nH]4)cc3)ccc2[nH]1,13b(DMABA) + 5b + 13a,
COC(=O)c1nc2ccc(NC(=O)c3ccc(NC(=O)c4cc5cc(NC(=O)CCCN(C)C)ccc5[nH]4)cc3)cc2o1,13b(DMABA) + 5b + 14a,
COC(=O)c1nc2cc(NC(=O)c3ccc(NC(=O)c4cc5cc(NC(=O)CCCN(C)C)ccc5[nH]4)cc3)ccc2[nH]1,13b(DMABA) + 5b + 15a,
COC(=O)c1cc(NC(=O)c2cccc(NC(=O)c3cc4cc(NC(=O)CCCN(C)C)ccc4[nH]3)c2)cn1C,13b(DMABA) + 6b + 1a,
COC(=O)c1ccc(NC(=O)c2cccc(NC(=O)c3cc4cc(NC(=O)CCCN(C)C)ccc4[nH]3)c2)cc1,13b(DMABA) + 6b + 5a,
COC(=O)c1cccc(NC(=O)c2cccc(NC(=O)c3cc4cc(NC(=O)CCCN(C)C)ccc4[nH]3)c2)c1,13b(DMABA) + 6b + 6a,
CCOC(=O)c1csc(NC(=O)c2cccc(NC(=O)c3cc4cc(NC(=O)CCCN(C)C)ccc4[nH]3)c2)n1,13b(DMABA) + 6b + 7a,
COC(=O)c1cc(NC(=O)c2cccc(NC(=O)c3cc4cc(NC(=O)CCCN(C)C)ccc4[nH]3)c2)cs1,13b(DMABA) + 6b + 8a,
CCOC(=O)c1nc(NC(=O)c2cccc(NC(=O)c3cc4cc(NC(=O)CCCN(C)C)ccc4[nH]3)c2)cn1C,13b(DMABA) + 6b + 9a,
COC(=O)c1cc2c3c(ccc2[nH]1)N(C(=O)c1cccc(NC(=O)c2cc4cc(NC(=O)CCCN(C)C)ccc4[nH]2)c1)CC3,13b(DMABA) + 6b + 10a,
COC(=O)c1cc2cc(NC(=O)c3cccc(NC(=O)c4cc5cc(NC(=O)CCCN(C)C)ccc5[nH]4)c3)ccc2s1,13b(DMABA) + 6b + 11a,
COC(=O)c1cc2cc(NC(=O)c3cccc(NC(=O)c4cc5cc(NC(=O)CCCN(C)C)ccc5[nH]4)c3)ccc2o1,13b(DMABA) + 6b + 12a,
CCOC(=O)c1cc2cc(NC(=O)c3cccc(NC(=O)c4cc5cc(NC(=O)CCCN(C)C)ccc5[nH]4)c3)ccc2[nH]1,13b(DMABA) + 6b + 13a,
COC(=O)c1nc2ccc(NC(=O)c3cccc(NC(=O)c4cc5cc(NC(=O)CCCN(C)C)ccc5[nH]4)c3)cc2o1,13b(DMABA) + 6b + 14a,
COC(=O)c1nc2cc(NC(=O)c3cccc(NC(=O)c4cc5cc(NC(=O)CCCN(C)C)ccc5[nH]4)c3)ccc2[nH]1,13b(DMABA) + 6b + 15a,
COC(=O)c1cc(NC(=O)c2csc(NC(=O)c3cc4cc(NC(=O)CCCN(C)C)ccc4[nH]3)n2)cn1C,13b(DMABA) + 7b + 1a,
COC(=O)c1ccc(NC(=O)c2csc(NC(=O)c3cc4cc(NC(=O)CCCN(C)C)ccc4[nH]3)n2)cc1,13b(DMABA) + 7b + 5a,
COC(=O)c1cccc(NC(=O)c2csc(NC(=O)c3cc4cc(NC(=O)CCCN(C)C)ccc4[nH]3)n2)c1,13b(DMABA) + 7b + 6a,
CCOC(=O)c1csc(NC(=O)c2csc(NC(=O)c3cc4cc(NC(=O)CCCN(C)C)ccc4[nH]3)n2)n1,13b(DMABA) + 7b + 7a,
COC(=O)c1cc(NC(=O)c2csc(NC(=O)c3cc4cc(NC(=O)CCCN(C)C)ccc4[nH]3)n2)cs1,13b(DMABA) + 7b + 8a,
CCOC(=O)c1nc(NC(=O)c2csc(NC(=O)c3cc4cc(NC(=O)CCCN(C)C)ccc4[nH]3)n2)cn1C,13b(DMABA) + 7b + 9a,
COC(=O)c1cc2c3c(ccc2[nH]1)N(C(=O)c1csc(NC(=O)c2cc4cc(NC(=O)CCCN(C)C)ccc4[nH]2)n1)CC3,13b(DMABA) + 7b + 10a,
COC(=O)c1cc2cc(NC(=O)c3csc(NC(=O)c4cc5cc(NC(=O)CCCN(C)C)ccc5[nH]4)n3)ccc2s1,13b(DMABA) + 7b + 11a,
COC(=O)c1cc2cc(NC(=O)c3csc(NC(=O)c4cc5cc(NC(=O)CCCN(C)C)ccc5[nH]4)n3)ccc2o1,13b(DMABA) + 7b + 12a,
CCOC(=O)c1cc2cc(NC(=O)c3csc(NC(=O)c4cc5cc(NC(=O)CCCN(C)C)ccc5[nH]4)n3)ccc2[nH]1,13b(DMABA) + 7b + 13a,
COC(=O)c1nc2ccc(NC(=O)c3csc(NC(=O)c4cc5cc(NC(=O)CCCN(C)C)ccc5[nH]4)n3)cc2o1,13b(DMABA) + 7b + 14a,
COC(=O)c1nc2cc(NC(=O)c3csc(NC(=O)c4cc5cc(NC(=O)CCCN(C)C)ccc5[nH]4)n3)ccc2[nH]1,13b(DMABA) + 7b + 15a,
COC(=O)c1cc(NC(=O)c2cc(NC(=O)c3cc4cc(NC(=O)CCCN(C)C)ccc4[nH]3)cs2)cn1C,13b(DMABA) + 8b + 1a,
COC(=O)c1ccc(NC(=O)c2cc(NC(=O)c3cc4cc(NC(=O)CCCN(C)C)ccc4[nH]3)cs2)cc1,13b(DMABA) + 8b + 5a,
COC(=O)c1cccc(NC(=O)c2cc(NC(=O)c3cc4cc(NC(=O)CCCN(C)C)ccc4[nH]3)cs2)c1,13b(DMABA) + 8b + 6a,
CCOC(=O)c1csc(NC(=O)c2cc(NC(=O)c3cc4cc(NC(=O)CCCN(C)C)ccc4[nH]3)cs2)n1,13b(DMABA) + 8b + 7a,
COC(=O)c1cc(NC(=O)c2cc(NC(=O)c3cc4cc(NC(=O)CCCN(C)C)ccc4[nH]3)cs2)cs1,13b(DMABA) + 8b + 8a,
CCOC(=O)c1nc(NC(=O)c2cc(NC(=O)c3cc4cc(NC(=O)CCCN(C)C)ccc4[nH]3)cs2)cn1C,13b(DMABA) + 8b + 9a,
COC(=O)c1cc2c3c(ccc2[nH]1)N(C(=O)c1cc(NC(=O)c2cc4cc(NC(=O)CCCN(C)C)ccc4[nH]2)cs1)CC3,13b(DMABA) + 8b + 10a,
COC(=O)c1cc2cc(NC(=O)c3cc(NC(=O)c4cc5cc(NC(=O)CCCN(C)C)ccc5[nH]4)cs3)ccc2s1,13b(DMABA) + 8b + 11a,
COC(=O)c1cc2cc(NC(=O)c3cc(NC(=O)c4cc5cc(NC(=O)CCCN(C)C)ccc5[nH]4)cs3)ccc2o1,13b(DMABA) + 8b + 12a,
CCOC(=O)c1cc2cc(NC(=O)c3cc(NC(=O)c4cc5cc(NC(=O)CCCN(C)C)ccc5[nH]4)cs3)ccc2[nH]1,13b(DMABA) + 8b + 13a,
COC(=O)c1nc2ccc(NC(=O)c3cc(NC(=O)c4cc5cc(NC(=O)CCCN(C)C)ccc5[nH]4)cs3)cc2o1,13b(DMABA) + 8b + 14a,
COC(=O)c1nc2cc(NC(=O)c3cc(NC(=O)c4cc5cc(NC(=O)CCCN(C)C)ccc5[nH]4)cs3)ccc2[nH]1,13b(DMABA) + 8b + 15a,
COC(=O)c1cc(NC(=O)c2nc(NC(=O)c3cc4cc(NC(=O)CCCN(C)C)ccc4[nH]3)cn2C)cn1C,13b(DMABA) + 9b + 1a,
COC(=O)c1ccc(NC(=O)c2nc(NC(=O)c3cc4cc(NC(=O)CCCN(C)C)ccc4[nH]3)cn2C)cc1,13b(DMABA) + 9b + 5a,
COC(=O)c1cccc(NC(=O)c2nc(NC(=O)c3cc4cc(NC(=O)CCCN(C)C)ccc4[nH]3)cn2C)c1,13b(DMABA) + 9b + 6a,
CCOC(=O)c1csc(NC(=O)c2nc(NC(=O)c3cc4cc(NC(=O)CCCN(C)C)ccc4[nH]3)cn2C)n1,13b(DMABA) + 9b + 7a,
COC(=O)c1cc(NC(=O)c2nc(NC(=O)c3cc4cc(NC(=O)CCCN(C)C)ccc4[nH]3)cn2C)cs1,13b(DMABA) + 9b + 8a,
CCOC(=O)c1nc(NC(=O)c2nc(NC(=O)c3cc4cc(NC(=O)CCCN(C)C)ccc4[nH]3)cn2C)cn1C,13b(DMABA) + 9b + 9a,
COC(=O)c1cc2c3c(ccc2[nH]1)N(C(=O)c1nc(NC(=O)c2cc4cc(NC(=O)CCCN(C)C)ccc4[nH]2)cn1C)CC3,13b(DMABA) + 9b + 10a,
COC(=O)c1cc2cc(NC(=O)c3nc(NC(=O)c4cc5cc(NC(=O)CCCN(C)C)ccc5[nH]4)cn3C)ccc2s1,13b(DMABA) + 9b + 11a,
COC(=O)c1cc2cc(NC(=O)c3nc(NC(=O)c4cc5cc(NC(=O)CCCN(C)C)ccc5[nH]4)cn3C)ccc2o1,13b(DMABA) + 9b + 12a,
CCOC(=O)c1cc2cc(NC(=O)c3nc(NC(=O)c4cc5cc(NC(=O)CCCN(C)C)ccc5[nH]4)cn3C)ccc2[nH]1,13b(DMABA) + 9b + 13a,
COC(=O)c1nc2ccc(NC(=O)c3nc(NC(=O)c4cc5cc(NC(=O)CCCN(C)C)ccc5[nH]4)cn3C)cc2o1,13b(DMABA) + 9b + 14a,
COC(=O)c1nc2cc(NC(=O)c3nc(NC(=O)c4cc5cc(NC(=O)CCCN(C)C)ccc5[nH]4)cn3C)ccc2[nH]1,13b(DMABA) + 9b + 15a,
COC(=O)c1cc(NC(=O)c2cc3c4c(ccc3[nH]2)N(C(=O)c2cc3cc(NC(=O)CCCN(C)C)ccc3[nH]2)CC4)cn1C,13b(DMABA) + 10b + 1a,
COC(=O)c1ccc(NC(=O)c2cc3c4c(ccc3[nH]2)N(C(=O)c2cc3cc(NC(=O)CCCN(C)C)ccc3[nH]2)CC4)cc1,13b(DMABA) + 10b + 5a,
COC(=O)c1cccc(NC(=O)c2cc3c4c(ccc3[nH]2)N(C(=O)c2cc3cc(NC(=O)CCCN(C)C)ccc3[nH]2)CC4)c1,13b(DMABA) + 10b + 6a,
CCOC(=O)c1csc(NC(=O)c2cc3c4c(ccc3[nH]2)N(C(=O)c2cc3cc(NC(=O)CCCN(C)C)ccc3[nH]2)CC4)n1,13b(DMABA) + 10b + 7a,
COC(=O)c1cc(NC(=O)c2cc3c4c(ccc3[nH]2)N(C(=O)c2cc3cc(NC(=O)CCCN(C)C)ccc3[nH]2)CC4)cs1,13b(DMABA) + 10b + 8a,
CCOC(=O)c1nc(NC(=O)c2cc3c4c(ccc3[nH]2)N(C(=O)c2cc3cc(NC(=O)CCCN(C)C)ccc3[nH]2)CC4)cn1C,13b(DMABA) + 10b + 9a,
COC(=O)c1cc2c3c(ccc2[nH]1)N(C(=O)c1cc2c4c(ccc2[nH]1)N(C(=O)c1cc2cc(NC(=O)CCCN(C)C)ccc2[nH]1)CC4)CC3,13b(DMABA) + 10b + 10a,
COC(=O)c1cc2cc(NC(=O)c3cc4c5c(ccc4[nH]3)N(C(=O)c3cc4cc(NC(=O)CCCN(C)C)ccc4[nH]3)CC5)ccc2s1,13b(DMABA) + 10b + 11a,
COC(=O)c1cc2cc(NC(=O)c3cc4c5c(ccc4[nH]3)N(C(=O)c3cc4cc(NC(=O)CCCN(C)C)ccc4[nH]3)CC5)ccc2o1,13b(DMABA) + 10b + 12a,
CCOC(=O)c1cc2cc(NC(=O)c3cc4c5c(ccc4[nH]3)N(C(=O)c3cc4cc(NC(=O)CCCN(C)C)ccc4[nH]3)CC5)ccc2[nH]1,13b(DMABA) + 10b + 13a,
COC(=O)c1nc2ccc(NC(=O)c3cc4c5c(ccc4[nH]3)N(C(=O)c3cc4cc(NC(=O)CCCN(C)C)ccc4[nH]3)CC5)cc2o1,13b(DMABA) + 10b + 14a,
COC(=O)c1nc2cc(NC(=O)c3cc4c5c(ccc4[nH]3)N(C(=O)c3cc4cc(NC(=O)CCCN(C)C)ccc4[nH]3)CC5)ccc2[nH]1,13b(DMABA) + 10b + 15a,
COC(=O)c1cc(NC(=O)c2cc3cc(NC(=O)c4cc5cc(NC(=O)CCCN(C)C)ccc5[nH]4)ccc3s2)cn1C,13b(DMABA) + 11b + 1a,
COC(=O)c1ccc(NC(=O)c2cc3cc(NC(=O)c4cc5cc(NC(=O)CCCN(C)C)ccc5[nH]4)ccc3s2)cc1,13b(DMABA) + 11b + 5a,
COC(=O)c1cccc(NC(=O)c2cc3cc(NC(=O)c4cc5cc(NC(=O)CCCN(C)C)ccc5[nH]4)ccc3s2)c1,13b(DMABA) + 11b + 6a,
CCOC(=O)c1csc(NC(=O)c2cc3cc(NC(=O)c4cc5cc(NC(=O)CCCN(C)C)ccc5[nH]4)ccc3s2)n1,13b(DMABA) + 11b + 7a,
COC(=O)c1cc(NC(=O)c2cc3cc(NC(=O)c4cc5cc(NC(=O)CCCN(C)C)ccc5[nH]4)ccc3s2)cs1,13b(DMABA) + 11b + 8a,
CCOC(=O)c1nc(NC(=O)c2cc3cc(NC(=O)c4cc5cc(NC(=O)CCCN(C)C)ccc5[nH]4)ccc3s2)cn1C,13b(DMABA) + 11b + 9a,
COC(=O)c1cc2c3c(ccc2[nH]1)N(C(=O)c1cc2cc(NC(=O)c4cc5cc(NC(=O)CCCN(C)C)ccc5[nH]4)ccc2s1)CC3,13b(DMABA) + 11b + 10a,
COC(=O)c1cc2cc(NC(=O)c3cc4cc(NC(=O)c5cc6cc(NC(=O)CCCN(C)C)ccc6[nH]5)ccc4s3)ccc2s1,13b(DMABA) + 11b + 11a,
COC(=O)c1cc2cc(NC(=O)c3cc4cc(NC(=O)c5cc6cc(NC(=O)CCCN(C)C)ccc6[nH]5)ccc4s3)ccc2o1,13b(DMABA) + 11b + 12a,
CCOC(=O)c1cc2cc(NC(=O)c3cc4cc(NC(=O)c5cc6cc(NC(=O)CCCN(C)C)ccc6[nH]5)ccc4s3)ccc2[nH]1,13b(DMABA) + 11b + 13a,
COC(=O)c1nc2ccc(NC(=O)c3cc4cc(NC(=O)c5cc6cc(NC(=O)CCCN(C)C)ccc6[nH]5)ccc4s3)cc2o1,13b(DMABA) + 11b + 14a,
COC(=O)c1nc2cc(NC(=O)c3cc4cc(NC(=O)c5cc6cc(NC(=O)CCCN(C)C)ccc6[nH]5)ccc4s3)ccc2[nH]1,13b(DMABA) + 11b + 15a,
COC(=O)c1cc(NC(=O)c2cc3cc(NC(=O)c4cc5cc(NC(=O)CCCN(C)C)ccc5[nH]4)ccc3o2)cn1C,13b(DMABA) + 12b + 1a,
COC(=O)c1ccc(NC(=O)c2cc3cc(NC(=O)c4cc5cc(NC(=O)CCCN(C)C)ccc5[nH]4)ccc3o2)cc1,13b(DMABA) + 12b + 5a,
COC(=O)c1cccc(NC(=O)c2cc3cc(NC(=O)c4cc5cc(NC(=O)CCCN(C)C)ccc5[nH]4)ccc3o2)c1,13b(DMABA) + 12b + 6a,
CCOC(=O)c1csc(NC(=O)c2cc3cc(NC(=O)c4cc5cc(NC(=O)CCCN(C)C)ccc5[nH]4)ccc3o2)n1,13b(DMABA) + 12b + 7a,
COC(=O)c1cc(NC(=O)c2cc3cc(NC(=O)c4cc5cc(NC(=O)CCCN(C)C)ccc5[nH]4)ccc3o2)cs1,13b(DMABA) + 12b + 8a,
CCOC(=O)c1nc(NC(=O)c2cc3cc(NC(=O)c4cc5cc(NC(=O)CCCN(C)C)ccc5[nH]4)ccc3o2)cn1C,13b(DMABA) + 12b + 9a,
COC(=O)c1cc2c3c(ccc2[nH]1)N(C(=O)c1cc2cc(NC(=O)c4cc5cc(NC(=O)CCCN(C)C)ccc5[nH]4)ccc2o1)CC3,13b(DMABA) + 12b + 10a,
COC(=O)c1cc2cc(NC(=O)c3cc4cc(NC(=O)c5cc6cc(NC(=O)CCCN(C)C)ccc6[nH]5)ccc4o3)ccc2s1,13b(DMABA) + 12b + 11a,
COC(=O)c1cc2cc(NC(=O)c3cc4cc(NC(=O)c5cc6cc(NC(=O)CCCN(C)C)ccc6[nH]5)ccc4o3)ccc2o1,13b(DMABA) + 12b + 12a,
CCOC(=O)c1cc2cc(NC(=O)c3cc4cc(NC(=O)c5cc6cc(NC(=O)CCCN(C)C)ccc6[nH]5)ccc4o3)ccc2[nH]1,13b(DMABA) + 12b + 13a,
COC(=O)c1nc2ccc(NC(=O)c3cc4cc(NC(=O)c5cc6cc(NC(=O)CCCN(C)C)ccc6[nH]5)ccc4o3)cc2o1,13b(DMABA) + 12b + 14a,
COC(=O)c1nc2cc(NC(=O)c3cc4cc(NC(=O)c5cc6cc(NC(=O)CCCN(C)C)ccc6[nH]5)ccc4o3)ccc2[nH]1,13b(DMABA) + 12b + 15a,
COC(=O)c1cc(NC(=O)c2cc3cc(NC(=O)c4cc5cc(NC(=O)CCCN(C)C)ccc5[nH]4)ccc3[nH]2)cn1C,13b(DMABA) + 13b + 1a,
COC(=O)c1ccc(NC(=O)c2cc3cc(NC(=O)c4cc5cc(NC(=O)CCCN(C)C)ccc5[nH]4)ccc3[nH]2)cc1,13b(DMABA) + 13b + 5a,
COC(=O)c1cccc(NC(=O)c2cc3cc(NC(=O)c4cc5cc(NC(=O)CCCN(C)C)ccc5[nH]4)ccc3[nH]2)c1,13b(DMABA) + 13b + 6a,
CCOC(=O)c1csc(NC(=O)c2cc3cc(NC(=O)c4cc5cc(NC(=O)CCCN(C)C)ccc5[nH]4)ccc3[nH]2)n1,13b(DMABA) + 13b + 7a,
COC(=O)c1cc(NC(=O)c2cc3cc(NC(=O)c4cc5cc(NC(=O)CCCN(C)C)ccc5[nH]4)ccc3[nH]2)cs1,13b(DMABA) + 13b + 8a,
CCOC(=O)c1nc(NC(=O)c2cc3cc(NC(=O)c4cc5cc(NC(=O)CCCN(C)C)ccc5[nH]4)ccc3[nH]2)cn1C,13b(DMABA) + 13b + 9a,
COC(=O)c1cc2c3c(ccc2[nH]1)N(C(=O)c1cc2cc(NC(=O)c4cc5cc(NC(=O)CCCN(C)C)ccc5[nH]4)ccc2[nH]1)CC3,13b(DMABA) + 13b + 10a,
COC(=O)c1cc2cc(NC(=O)c3cc4cc(NC(=O)c5cc6cc(NC(=O)CCCN(C)C)ccc6[nH]5)ccc4[nH]3)ccc2s1,13b(DMABA) + 13b + 11a,
COC(=O)c1cc2cc(NC(=O)c3cc4cc(NC(=O)c5cc6cc(NC(=O)CCCN(C)C)ccc6[nH]5)ccc4[nH]3)ccc2o1,13b(DMABA) + 13b + 12a,
CCOC(=O)c1cc2cc(NC(=O)c3cc4cc(NC(=O)c5cc6cc(NC(=O)CCCN(C)C)ccc6[nH]5)ccc4[nH]3)ccc2[nH]1,13b(DMABA) + 13b + 13a,
COC(=O)c1nc2ccc(NC(=O)c3cc4cc(NC(=O)c5cc6cc(NC(=O)CCCN(C)C)ccc6[nH]5)ccc4[nH]3)cc2o1,13b(DMABA) + 13b + 14a,
COC(=O)c1nc2cc(NC(=O)c3cc4cc(NC(=O)c5cc6cc(NC(=O)CCCN(C)C)ccc6[nH]5)ccc4[nH]3)ccc2[nH]1,13b(DMABA) + 13b + 15a,
COC(=O)c1cc(NC(=O)c2nc3ccc(NC(=O)c4cc5cc(NC(=O)CCCN(C)C)ccc5[nH]4)cc3o2)cn1C,13b(DMABA) + 14b + 1a,
COC(=O)c1ccc(NC(=O)c2nc3ccc(NC(=O)c4cc5cc(NC(=O)CCCN(C)C)ccc5[nH]4)cc3o2)cc1,13b(DMABA) + 14b + 5a,
COC(=O)c1cccc(NC(=O)c2nc3ccc(NC(=O)c4cc5cc(NC(=O)CCCN(C)C)ccc5[nH]4)cc3o2)c1,13b(DMABA) + 14b + 6a,
CCOC(=O)c1csc(NC(=O)c2nc3ccc(NC(=O)c4cc5cc(NC(=O)CCCN(C)C)ccc5[nH]4)cc3o2)n1,13b(DMABA) + 14b + 7a,
COC(=O)c1cc(NC(=O)c2nc3ccc(NC(=O)c4cc5cc(NC(=O)CCCN(C)C)ccc5[nH]4)cc3o2)cs1,13b(DMABA) + 14b + 8a,
CCOC(=O)c1nc(NC(=O)c2nc3ccc(NC(=O)c4cc5cc(NC(=O)CCCN(C)C)ccc5[nH]4)cc3o2)cn1C,13b(DMABA) + 14b + 9a,
COC(=O)c1cc2c3c(ccc2[nH]1)N(C(=O)c1nc2ccc(NC(=O)c4cc5cc(NC(=O)CCCN(C)C)ccc5[nH]4)cc2o1)CC3,13b(DMABA) + 14b + 10a,
COC(=O)c1cc2cc(NC(=O)c3nc4ccc(NC(=O)c5cc6cc(NC(=O)CCCN(C)C)ccc6[nH]5)cc4o3)ccc2s1,13b(DMABA) + 14b + 11a,
COC(=O)c1cc2cc(NC(=O)c3nc4ccc(NC(=O)c5cc6cc(NC(=O)CCCN(C)C)ccc6[nH]5)cc4o3)ccc2o1,13b(DMABA) + 14b + 12a,
CCOC(=O)c1cc2cc(NC(=O)c3nc4ccc(NC(=O)c5cc6cc(NC(=O)CCCN(C)C)ccc6[nH]5)cc4o3)ccc2[nH]1,13b(DMABA) + 14b + 13a,
COC(=O)c1nc2ccc(NC(=O)c3nc4ccc(NC(=O)c5cc6cc(NC(=O)CCCN(C)C)ccc6[nH]5)cc4o3)cc2o1,13b(DMABA) + 14b + 14a,
COC(=O)c1nc2cc(NC(=O)c3nc4ccc(NC(=O)c5cc6cc(NC(=O)CCCN(C)C)ccc6[nH]5)cc4o3)ccc2[nH]1,13b(DMABA) + 14b + 15a,
